CustomerID,Recency,Frequency,Monetary,AOV,LTV,Predicted_LTV,CustomerSegment
12346.0,326,12,77556.46,2281.0723529411766,27372.868235294118,27369.23,Premium Customers
12347.0,2,8,5633.32,22.26608695652174,178.12869565217392,200.49411,Low Value Customers
12348.0,75,5,2019.4,39.596078431372554,197.98039215686276,188.78969,Low Value Customers
12349.0,19,4,4428.69,25.3068,101.2272,109.344406,Low Value Customers
12350.0,310,1,334.4,19.670588235294115,19.670588235294115,22.595541,Low Value Customers
12351.0,375,1,300.93,14.33,14.33,14.478793,Low Value Customers
12352.0,36,10,2849.84,27.668349514563108,276.68349514563107,242.0603,Low Value Customers
12353.0,204,2,406.76,16.948333333333334,33.89666666666667,32.03405,Low Value Customers
12354.0,232,1,1079.4,18.610344827586207,18.610344827586207,23.236261,Low Value Customers
12355.0,214,2,947.61,27.074571428571428,54.149142857142856,54.999866,Low Value Customers
12356.0,23,6,6373.68,44.57118881118881,267.42713286713285,257.51624,Low Value Customers
12357.0,33,3,18287.66,61.78263513513514,185.3479054054054,218.88991,Low Value Customers
12358.0,2,5,3887.07,50.48142857142857,252.40714285714287,361.1459,Low Value Customers
12359.0,58,10,8935.94,24.482027397260275,244.82027397260276,260.74606,Low Value Customers
12360.0,52,8,4252.89,19.59857142857143,156.78857142857143,161.00833,Low Value Customers
12361.0,287,4,511.25,17.629310344827587,70.51724137931035,63.56003,Low Value Customers
12362.0,3,11,5356.23,20.06078651685393,220.66865168539323,237.80379,Low Value Customers
12363.0,110,2,552.0,24.0,48.0,51.231888,Low Value Customers
12364.0,8,4,1313.1,15.448235294117646,61.792941176470585,64.51324,Low Value Customers
12365.0,291,2,641.38,29.153636363636362,58.307272727272725,63.29448,Low Value Customers
12366.0,634,1,500.24,166.74666666666667,166.74666666666667,201.61523,Low Value Customers
12367.0,4,1,168.9,15.354545454545455,15.354545454545455,16.13987,Low Value Customers
12368.0,628,1,917.6999999999999,50.98333333333333,50.98333333333333,88.042816,Low Value Customers
12369.0,413,3,1791.15,19.25967741935484,57.77903225806452,63.183884,Low Value Customers
12370.0,51,7,4320.31,21.387673267326736,149.71371287128716,154.2323,Low Value Customers
12371.0,45,5,4067.38,24.35556886227545,121.77784431137725,133.6304,Low Value Customers
12372.0,72,3,1298.04,24.962307692307693,74.88692307692308,77.3875,Low Value Customers
12373.0,311,3,1127.65,22.110784313725492,66.33235294117648,68.76641,Low Value Customers
12374.0,25,4,2989.2200000000003,36.01469879518073,144.0587951807229,169.41362,Low Value Customers
12375.0,11,2,457.5,26.91176470588235,53.8235294117647,58.435184,Low Value Customers
12376.0,390,2,503.15,38.70384615384615,77.4076923076923,78.71544,Low Value Customers
12377.0,315,4,3426.32,22.54157894736842,90.16631578947369,74.15049,Low Value Customers
12378.0,130,2,5416.32,17.994418604651162,35.988837209302325,12.792659,Low Value Customers
12379.0,82,4,1620.22,20.002716049382716,80.01086419753086,81.34869,Low Value Customers
12380.0,22,11,9676.300000000001,34.93249097472925,384.2574007220217,479.08936,Low Value Customers
12381.0,5,5,1845.31,21.21045977011494,106.0522988505747,106.82364,Low Value Customers
12383.0,185,5,1850.56,18.69252525252525,93.46262626262626,88.60476,Low Value Customers
12384.0,29,2,585.27,21.676666666666666,43.35333333333333,51.595303,Low Value Customers
12385.0,379,1,1938.4,29.821538461538463,29.821538461538463,41.927216,Low Value Customers
12386.0,338,2,660.8,36.71111111111111,73.42222222222222,78.70233,Low Value Customers
12387.0,415,1,143.94,15.993333333333332,15.993333333333332,16.905645,Low Value Customers
12388.0,16,8,3901.11,26.719931506849317,213.75945205479454,208.85333,Low Value Customers
12389.0,403,3,1433.33,29.251632653061222,87.75489795918367,89.759,Low Value Customers
12390.0,80,1,549.84,17.1825,17.1825,18.069347,Low Value Customers
12391.0,22,6,2773.42,9.86982206405694,59.21893238434164,61.0592,Low Value Customers
12392.0,591,1,234.75000000000003,33.53571428571429,33.53571428571429,38.37263,Low Value Customers
12393.0,72,6,2399.4500000000003,22.42476635514019,134.54859813084113,133.96107,Low Value Customers
12394.0,64,2,1272.48,47.12888888888889,94.25777777777778,97.43244,Low Value Customers
12395.0,19,15,5067.27,19.94988188976378,299.2482283464567,293.26132,Low Value Customers
12396.0,674,1,931.43,14.329692307692307,14.329692307692307,16.817484,Low Value Customers
12397.0,36,2,2409.9,19.126190476190477,38.25238095238095,31.331339,Low Value Customers
12398.0,46,1,1635.6599999999999,19.24305882352941,19.24305882352941,18.2256,Low Value Customers
12399.0,119,7,1962.3,17.83909090909091,124.87363636363636,124.351074,Low Value Customers
12400.0,414,1,205.25,18.65909090909091,18.65909090909091,20.195349,Low Value Customers
12401.0,303,1,84.3,16.86,16.86,18.393988,Low Value Customers
12402.0,323,6,1256.9,17.955714285714286,107.73428571428572,105.51972,Low Value Customers
12403.0,50,2,1019.36,113.26222222222222,226.52444444444444,222.59242,Low Value Customers
12404.0,682,1,63.24,63.24,63.24,61.88889,Low Value Customers
12405.0,149,1,1710.39,31.67388888888889,31.67388888888889,45.960396,Low Value Customers
12406.0,22,5,6390.36,38.49614457831325,192.48072289156624,221.96323,Low Value Customers
12407.0,50,5,1708.1200000000001,22.183376623376624,110.91688311688313,106.78618,Low Value Customers
12408.0,33,8,4340.7699999999995,27.300440251572326,218.4035220125786,212.22534,Low Value Customers
12409.0,79,7,23419.29,88.70943181818183,620.9660227272727,584.19635,Low Value Customers
12410.0,309,3,1013.71,25.342750000000002,76.02825000000001,70.05113,Low Value Customers
12411.0,410,1,346.9,15.768181818181818,15.768181818181818,14.732541,Low Value Customers
12412.0,75,6,2596.93,20.448267716535433,122.6896062992126,130.03995,Low Value Customers
12413.0,67,4,999.45,19.597058823529412,78.38823529411765,71.003975,Low Value Customers
12414.0,217,6,952.41,34.01464285714285,204.0878571428571,177.41635,Low Value Customers
12415.0,24,28,144458.37,156.00255939524837,4368.071663066954,4422.56,High Value Customers
12416.0,657,1,202.56,18.414545454545454,18.414545454545454,20.195349,Low Value Customers
12417.0,3,20,6816.91,18.42408108108108,368.4816216216216,362.09256,Low Value Customers
12418.0,113,4,2021.2,19.815686274509805,79.26274509803922,84.79825,Low Value Customers
12419.0,386,2,503.01,20.1204,40.2408,39.292767,Low Value Customers
12420.0,64,1,600.39,20.70310344827586,20.70310344827586,23.60616,Low Value Customers
12421.0,16,6,1098.6,16.90153846153846,101.40923076923076,96.256996,Low Value Customers
12422.0,96,17,5231.8,30.417441860465118,517.096511627907,478.1326,Low Value Customers
12423.0,1,10,2622.39,15.893272727272727,158.93272727272728,151.65474,Low Value Customers
12424.0,163,4,3340.03,36.30467391304348,145.21869565217392,144.06349,Low Value Customers
12425.0,78,2,1741.41,19.136373626373626,38.27274725274725,37.654324,Low Value Customers
12426.0,195,2,1345.21,17.470259740259742,34.940519480519484,33.112576,Low Value Customers
12427.0,22,3,1129.3,27.54390243902439,82.63170731707316,89.52948,Low Value Customers
12428.0,26,9,7956.46,27.062789115646257,243.56510204081633,202.98941,Low Value Customers
12429.0,9,8,7485.91,43.27115606936416,346.1692485549133,360.44086,Low Value Customers
12430.0,43,1,256.4,23.30909090909091,23.30909090909091,31.989065,Low Value Customers
12431.0,36,27,10857.97,26.8098024691358,723.8646666666666,628.1091,Low Value Customers
12432.0,43,5,5059.32,46.845555555555556,234.2277777777778,220.35997,Low Value Customers
12433.0,1,10,20581.26,29.151926345609063,291.51926345609064,272.1294,Low Value Customers
12434.0,85,3,1103.43,15.763285714285715,47.289857142857144,44.843765,Low Value Customers
12435.0,80,6,13925.93,124.33866071428572,746.0319642857144,1170.0667,Medium Value Customers
12436.0,100,1,509.01,31.813125,31.813125,47.781284,Low Value Customers
12437.0,2,39,12683.4,22.52824156305506,878.6014209591474,939.1063,Medium Value Customers
12438.0,14,2,2906.85,29.66173469387755,59.3234693877551,90.60186,Low Value Customers
12439.0,683,2,1158.18,16.085833333333333,32.17166666666667,38.875576,Low Value Customers
12440.0,462,2,859.2,26.85,53.7,53.62582,Low Value Customers
12441.0,367,1,347.1,15.77727272727273,15.77727272727273,14.732541,Low Value Customers
12442.0,3,1,172.06,14.338333333333333,14.338333333333333,14.905375,Low Value Customers
12443.0,732,1,485.31,23.11,23.11,28.105408,Low Value Customers
12444.0,21,5,5005.46,28.440113636363638,142.2005681818182,158.85162,Low Value Customers
12445.0,22,2,434.98,18.124166666666667,36.248333333333335,36.521656,Low Value Customers
12446.0,58,1,1002.3100000000001,17.584385964912283,17.584385964912283,21.084856,Low Value Customers
12447.0,243,1,476.49,18.326538461538462,18.326538461538462,21.319525,Low Value Customers
12448.0,44,1,449.45,20.429545454545455,20.429545454545455,26.065664,Low Value Customers
12449.0,22,6,4835.89,24.05915422885572,144.35492537313434,152.85275,Low Value Customers
12450.0,156,5,688.2,18.6,93.0,84.05417,Low Value Customers
12451.0,11,8,12669.88,24.794285714285714,198.3542857142857,159.3036,Low Value Customers
12452.0,17,2,430.57,19.571363636363635,39.14272727272727,41.15523,Low Value Customers
12453.0,134,1,707.09,16.443953488372095,16.443953488372095,17.468908,Low Value Customers
12454.0,56,5,16679.78,416.99449999999996,2084.9725,3205.8306,High Value Customers
12455.0,73,10,5879.95,25.902863436123347,259.02863436123346,330.7511,Low Value Customers
12456.0,44,3,3181.04,25.44832,76.34496,84.644264,Low Value Customers
12457.0,66,8,2995.91,35.665595238095236,285.3247619047619,275.54663,Low Value Customers
12458.0,71,4,1777.49,21.160595238095237,84.64238095238095,89.257835,Low Value Customers
12459.0,605,1,454.36,19.754782608695653,19.754782608695653,23.378061,Low Value Customers
12460.0,456,1,326.65,18.147222222222222,18.147222222222222,20.357695,Low Value Customers
12461.0,94,2,826.88,23.62514285714286,47.25028571428572,53.095104,Low Value Customers
12462.0,19,2,1189.59,19.186935483870965,38.37387096774193,48.508274,Low Value Customers
12463.0,53,4,1344.78,16.202168674698793,64.80867469879517,65.70853,Low Value Customers
12464.0,10,8,1212.05,41.79482758620689,334.35862068965514,293.28662,Low Value Customers
12465.0,17,2,742.1899999999999,15.79127659574468,31.58255319148936,30.983236,Low Value Customers
12466.0,682,1,56.73,56.73,56.73,49.13849,Low Value Customers
12467.0,423,1,132.8,14.755555555555556,14.755555555555556,14.732541,Low Value Customers
12468.0,188,5,3670.74,24.4716,122.35799999999999,122.32143,Low Value Customers
12469.0,523,2,3070.54,40.40184210526316,80.80368421052631,137.97586,Low Value Customers
12470.0,690,1,211.95,9.215217391304348,9.215217391304348,5.0021243,Low Value Customers
12471.0,2,79,39963.79,35.148452066842566,2776.7277132805625,3690.3704,High Value Customers
12472.0,32,19,17880.59,19.62743139407245,372.9211964873765,420.40762,Low Value Customers
12473.0,29,5,3938.5499999999997,23.443749999999998,117.21874999999999,128.04637,Low Value Customers
12474.0,17,31,12424.45,17.499225352112678,542.475985915493,524.62946,Low Value Customers
12475.0,54,2,1149.64,18.846557377049184,37.69311475409837,44.98562,Low Value Customers
12476.0,16,23,14115.41,27.35544573643411,629.1752519379845,627.86346,Low Value Customers
12477.0,23,9,20276.37,35.95101063829787,323.55909574468086,237.29037,Low Value Customers
12478.0,4,1,680.99,18.91638888888889,18.91638888888889,28.895262,Low Value Customers
12479.0,11,1,527.2,17.006451612903227,17.006451612903227,17.998808,Low Value Customers
12480.0,28,7,5464.85,22.58202479338843,158.07417355371902,169.61879,Low Value Customers
12481.0,23,15,12361.39,31.61480818414322,474.22212276214833,454.70346,Low Value Customers
12482.0,576,29,23691.4,116.1343137254902,3367.895098039216,2593.157,High Value Customers
12483.0,17,19,5120.58,36.83870503597122,699.9353956834533,689.0664,Low Value Customers
12484.0,33,12,6370.15,13.410842105263157,160.93010526315788,161.90079,Low Value Customers
12485.0,529,1,708.1,20.826470588235296,20.826470588235296,28.447632,Low Value Customers
12486.0,432,1,1037.28,21.168979591836734,21.168979591836734,30.732471,Low Value Customers
12487.0,731,1,285.29999999999995,142.64999999999998,142.64999999999998,123.43865,Low Value Customers
12488.0,10,3,1298.66,23.612000000000002,70.83600000000001,82.37535,Low Value Customers
12489.0,336,1,334.93,22.328666666666667,22.328666666666667,25.8488,Low Value Customers
12490.0,5,21,9823.64,21.26329004329004,446.5290909090909,473.29584,Low Value Customers
12491.0,39,1,460.40000000000003,17.70769230769231,17.70769230769231,19.79928,Low Value Customers
12492.0,63,3,715.21,17.028809523809525,51.08642857142857,48.965416,Low Value Customers
12493.0,166,2,433.74,19.715454545454545,39.43090909090909,38.25994,Low Value Customers
12494.0,16,9,1872.8700000000001,16.872702702702703,151.85432432432432,136.89514,Low Value Customers
12495.0,641,1,357.4,21.023529411764706,21.023529411764706,23.955194,Low Value Customers
12496.0,620,2,54.09,4.160769230769231,8.321538461538463,9.87162,Low Value Customers
12497.0,82,3,6248.5,109.62280701754386,328.86842105263156,368.42065,Low Value Customers
12498.0,21,3,403.70000000000005,17.55217391304348,52.65652173913044,50.53764,Low Value Customers
12499.0,560,1,393.72,14.582222222222223,14.582222222222223,14.788214,Low Value Customers
12500.0,23,19,5955.21,40.7891095890411,774.9930821917808,711.9182,Medium Value Customers
12501.0,337,1,2169.39,14.559664429530201,14.559664429530201,2.6698856,Low Value Customers
12502.0,96,5,3723.87,25.332448979591835,126.66224489795917,133.2139,Low Value Customers
12503.0,584,1,1126.0,563.0,563.0,2176.4307,High Value Customers
12504.0,18,4,779.05,38.9525,155.81,148.75299,Low Value Customers
12505.0,409,1,955.2,22.742857142857144,22.742857142857144,34.76097,Low Value Customers
12506.0,233,1,73.5,3.1956521739130435,3.1956521739130435,-1.4922074,Low Value Customers
12507.0,134,4,1844.06,37.633877551020404,150.53551020408162,137.37614,Low Value Customers
12508.0,26,2,398.27,5.772028985507246,11.544057971014492,7.9142685,Low Value Customers
12509.0,284,1,176.5,25.214285714285715,25.214285714285715,28.009487,Low Value Customers
12510.0,143,9,5178.02,35.71048275862069,321.3943448275862,330.16122,Low Value Customers
12511.0,429,1,3084.02,16.231684210526314,16.231684210526314,41.50943,Low Value Customers
12512.0,66,2,138.03,4.059705882352941,8.119411764705882,9.111546,Low Value Customers
12513.0,113,1,612.29,17.494,17.494,16.791662,Low Value Customers
12514.0,267,2,1597.76,19.02095238095238,38.04190476190476,35.583202,Low Value Customers
12515.0,353,1,383.7,23.98125,23.98125,29.397085,Low Value Customers
12516.0,78,4,2648.62,35.792162162162164,143.16864864864866,158.65118,Low Value Customers
12517.0,28,5,2502.84,8.812816901408452,44.06408450704226,39.71512,Low Value Customers
12518.0,1,5,2056.89,16.58782258064516,82.9391129032258,88.205925,Low Value Customers
12519.0,64,2,726.54,18.1635,36.327,35.056583,Low Value Customers
12520.0,79,5,2634.26,17.330657894736845,86.65328947368423,93.420044,Low Value Customers
12521.0,143,1,599.68,15.781052631578946,15.781052631578946,12.512318,Low Value Customers
12522.0,39,2,192.72,16.06,32.12,30.406588,Low Value Customers
12523.0,19,23,4372.15,17.488599999999998,402.23779999999994,393.95978,Low Value Customers
12524.0,9,17,11126.11,46.35879166666667,788.0994583333334,849.04443,Medium Value Customers
12525.0,498,3,973.73,16.228833333333334,48.6865,50.335896,Low Value Customers
12526.0,1,3,1316.66,18.54450704225352,55.63352112676056,60.98003,Low Value Customers
12527.0,82,5,735.51,22.9846875,114.9234375,109.57131,Low Value Customers
12528.0,9,6,1933.48,21.01608695652174,126.09652173913044,133.41858,Low Value Customers
12529.0,528,1,316.48,15.07047619047619,15.07047619047619,14.732541,Low Value Customers
12530.0,60,9,3759.26,23.792784810126584,214.13506329113926,207.12416,Low Value Customers
12531.0,15,2,1933.2,15.222047244094489,30.444094488188977,15.609008,Low Value Customers
12532.0,30,1,349.83000000000004,21.864375000000003,21.864375000000003,32.771954,Low Value Customers
12533.0,628,2,1367.89,18.998472222222222,37.996944444444445,39.121796,Low Value Customers
12534.0,131,1,1089.18,17.28857142857143,17.28857142857143,21.118902,Low Value Customers
12535.0,92,2,716.35,21.069117647058825,42.13823529411765,45.032063,Low Value Customers
12536.0,43,3,12601.830000000002,48.282873563218395,144.84862068965518,156.03685,Low Value Customers
12537.0,409,1,732.94,17.04511627906977,17.04511627906977,20.732666,Low Value Customers
12538.0,29,2,640.45,18.836764705882356,37.67352941176471,41.233788,Low Value Customers
12539.0,22,7,11214.75,22.251488095238095,155.76041666666666,98.0948,Low Value Customers
12540.0,20,33,22254.49,28.864448767833984,952.5268093385215,918.0252,Medium Value Customers
12541.0,30,3,981.18,18.868846153846153,56.60653846153846,58.639973,Low Value Customers
12542.0,484,2,481.88,12.355897435897436,24.711794871794872,23.480337,Low Value Customers
12543.0,448,1,980.25,22.796511627906977,22.796511627906977,34.76097,Low Value Customers
12544.0,36,1,372.7,19.61578947368421,19.61578947368421,23.87815,Low Value Customers
12545.0,75,2,1000.39,20.0078,40.0156,42.65883,Low Value Customers
12546.0,47,2,1161.5,16.833333333333332,33.666666666666664,39.218983,Low Value Customers
12547.0,198,3,383.58,18.265714285714285,54.79714285714286,50.314713,Low Value Customers
12548.0,166,1,95.19999999999999,19.04,19.04,22.467392,Low Value Customers
12549.0,576,6,1575.68,32.15673469387755,192.94040816326532,182.72704,Low Value Customers
12550.0,79,1,964.83,16.92684210526316,16.92684210526316,20.109715,Low Value Customers
12551.0,358,1,168.0,16.8,16.8,18.393988,Low Value Customers
12552.0,39,2,437.82,21.891,43.782,50.547176,Low Value Customers
12553.0,8,12,4608.75,19.36449579831933,232.37394957983196,239.56342,Low Value Customers
12554.0,449,1,468.5,18.01923076923077,18.01923076923077,20.479424,Low Value Customers
12555.0,682,1,129.23,129.23,129.23,118.9132,Low Value Customers
12556.0,50,2,603.71,4.989338842975207,9.978677685950414,7.0793386,Low Value Customers
12557.0,16,8,18716.14,322.69206896551725,2581.536551724138,2655.9243,High Value Customers
12558.0,8,1,269.96,24.54181818181818,24.54181818181818,40.611782,Low Value Customers
12559.0,311,2,561.71,26.74809523809524,53.49619047619048,51.067303,Low Value Customers
12560.0,5,3,2134.01,20.323904761904764,60.97171428571429,68.52164,Low Value Customers
12561.0,303,1,238.85,14.928125,14.928125,14.732541,Low Value Customers
12562.0,8,9,4966.92,23.99478260869565,215.95304347826087,218.1525,Low Value Customers
12563.0,409,1,249.24,19.172307692307694,19.172307692307694,22.595541,Low Value Customers
12564.0,261,1,456.9,21.757142857142856,21.757142857142856,27.854881,Low Value Customers
12565.0,289,1,145.92,16.21333333333333,16.21333333333333,16.614649,Low Value Customers
12566.0,86,1,351.65,18.507894736842104,18.507894736842104,19.783026,Low Value Customers
12567.0,23,15,13709.86,21.455179968701096,321.82769953051644,277.47,Low Value Customers
12568.0,645,1,70.0,14.0,14.0,14.478793,Low Value Customers
12569.0,2,32,4124.69,21.939840425531912,702.0748936170212,642.35034,Low Value Customers
12570.0,682,1,77.52,77.52,77.52,76.28756,Low Value Customers
12571.0,40,2,519.61,15.28264705882353,30.56529411764706,27.672373,Low Value Customers
12572.0,9,2,1020.42,17.006999999999998,34.013999999999996,35.96591,Low Value Customers
12573.0,227,5,717.41,6.028655462184874,30.14327731092437,38.585384,Low Value Customers
12574.0,316,1,218.45,19.85909090909091,19.85909090909091,24.130678,Low Value Customers
12575.0,457,2,622.8199999999999,16.389999999999997,32.779999999999994,31.161173,Low Value Customers
12576.0,36,8,2142.72,15.08957746478873,120.71661971830984,122.69922,Low Value Customers
12577.0,35,8,1653.75,5.4759933774834435,43.80794701986755,59.289864,Low Value Customers
12578.0,21,4,4642.45,26.99098837209302,107.96395348837208,113.86981,Low Value Customers
12579.0,78,1,440.42,15.18689655172414,15.18689655172414,14.407905,Low Value Customers
12580.0,247,2,1052.9,18.153448275862072,36.306896551724144,36.721977,Low Value Customers
12581.0,40,1,197.71,13.180666666666667,13.180666666666667,12.677515,Low Value Customers
12582.0,239,4,1980.4,19.22718446601942,76.90873786407768,81.52883,Low Value Customers
12583.0,3,27,14447.44,31.003090128755368,837.0834334763949,778.32465,Medium Value Customers
12584.0,4,9,2338.15,24.355729166666666,219.2015625,203.53152,Low Value Customers
12585.0,234,2,2040.1,23.44942528735632,46.89885057471264,43.21201,Low Value Customers
12586.0,17,4,2062.67,21.943297872340427,87.77319148936171,100.833305,Low Value Customers
12587.0,8,1,144.0,36.0,36.0,75.68911,Low Value Customers
12588.0,39,4,958.78,20.84304347826087,83.37217391304348,84.83284,Low Value Customers
12589.0,29,8,4695.66,26.087,208.696,209.85715,Low Value Customers
12590.0,211,2,9864.26,145.06264705882353,290.12529411764706,330.3798,Low Value Customers
12591.0,317,3,1352.15,19.596376811594205,58.789130434782614,58.789886,Low Value Customers
12592.0,92,5,2582.66,31.88469135802469,159.42345679012345,186.40375,Low Value Customers
12593.0,109,3,418.09999999999997,19.909523809523808,59.72857142857143,55.61548,Low Value Customers
12594.0,38,15,5090.110000000001,25.57844221105528,383.6766331658292,378.1594,Low Value Customers
12595.0,505,1,299.02,15.737894736842104,15.737894736842104,14.732541,Low Value Customers
12596.0,51,2,618.27,22.898888888888887,45.797777777777775,49.678646,Low Value Customers
12597.0,19,4,3811.22,18.50106796116505,74.0042718446602,66.01155,Low Value Customers
12598.0,10,11,4534.09,22.01014563106796,242.11160194174755,255.32668,Low Value Customers
12599.0,29,13,2296.72,17.268571428571427,224.49142857142854,201.63013,Low Value Customers
12600.0,29,21,5043.92,38.21151515151515,802.4418181818181,699.47784,Low Value Customers
12601.0,190,6,681.26,20.03705882352941,120.22235294117647,111.26877,Low Value Customers
12602.0,59,1,153.12,12.76,12.76,11.790685,Low Value Customers
12603.0,22,1,739.1999999999999,369.59999999999997,369.59999999999997,401.1143,Low Value Customers
12604.0,79,2,254.18,15.88625,31.7725,29.999525,Low Value Customers
12605.0,376,4,1232.95,16.223026315789475,64.8921052631579,68.156654,Low Value Customers
12606.0,682,1,21.0,21.0,21.0,21.248331,Low Value Customers
12607.0,60,1,1579.51,15.63871287128713,15.63871287128713,7.6460357,Low Value Customers
12608.0,405,1,415.79,25.986875,25.986875,34.109867,Low Value Customers
12609.0,78,9,3435.86,19.633485714285715,176.70137142857143,183.9713,Low Value Customers
12610.0,23,5,2099.54,19.80698113207547,99.03490566037735,104.76558,Low Value Customers
12611.0,52,1,1193.32,18.35876923076923,18.35876923076923,25.262543,Low Value Customers
12612.0,74,1,704.0400000000001,37.054736842105264,37.054736842105264,57.84674,Low Value Customers
12613.0,57,10,6835.07,20.90235474006116,209.0235474006116,211.01053,Low Value Customers
12614.0,278,1,315.6,15.780000000000001,15.780000000000001,14.732541,Low Value Customers
12615.0,2,8,5740.98,21.262888888888888,170.1031111111111,186.51797,Low Value Customers
12616.0,95,3,1131.1,20.946296296296296,62.83888888888889,68.59364,Low Value Customers
12617.0,29,1,355.53,8.465,8.465,-0.3727345,Low Value Customers
12618.0,22,1,177.31,16.11909090909091,16.11909090909091,18.588406,Low Value Customers
12619.0,16,10,3781.38,37.8138,378.13800000000003,359.36313,Low Value Customers
12620.0,15,3,1339.41,14.558804347826088,43.67641304347826,48.52771,Low Value Customers
12621.0,2,35,24775.81,32.176376623376626,1126.173181818182,1153.759,Medium Value Customers
12622.0,232,1,180.1,16.37272727272727,16.37272727272727,16.614649,Low Value Customers
12623.0,276,7,3747.84,21.663815028901734,151.64670520231215,157.64354,Low Value Customers
12624.0,106,2,641.13,16.87184210526316,33.74368421052632,32.34088,Low Value Customers
12625.0,212,4,5164.88,28.22338797814208,112.89355191256831,112.96543,Low Value Customers
12626.0,23,9,6620.48,22.51863945578231,202.6677551020408,186.62285,Low Value Customers
12627.0,11,7,4478.53,19.47186956521739,136.30308695652172,142.07225,Low Value Customers
12628.0,4,3,786.46,19.181951219512197,57.545853658536586,60.308193,Low Value Customers
12629.0,386,2,1558.22,34.62711111111111,69.25422222222223,74.18663,Low Value Customers
12630.0,10,2,1270.88,19.8575,39.715,48.83909,Low Value Customers
12631.0,57,6,3481.57,19.024972677595628,114.14983606557377,113.16198,Low Value Customers
12632.0,521,2,804.88,22.99657142857143,45.99314285714286,49.75964,Low Value Customers
12633.0,59,7,5678.16,18.556078431372548,129.89254901960783,135.68822,Low Value Customers
12634.0,536,2,490.0,24.5,49.0,45.75687,Low Value Customers
12635.0,90,4,2930.41,16.37100558659218,65.48402234636872,55.031437,Low Value Customers
12636.0,739,1,141.0,141.0,141.0,118.9132,Low Value Customers
12637.0,67,12,8340.31,13.134346456692912,157.61215748031495,431.8068,Low Value Customers
12638.0,33,2,921.49,19.197708333333335,38.39541666666667,40.831837,Low Value Customers
12639.0,239,3,1312.37,20.50578125,61.517343749999995,60.325016,Low Value Customers
12640.0,24,3,1174.58,22.16188679245283,66.48566037735849,77.25899,Low Value Customers
12641.0,115,1,185.9,18.59,18.59,19.783026,Low Value Customers
12642.0,25,3,1013.26,21.558723404255318,64.67617021276595,68.504585,Low Value Customers
12643.0,128,12,8350.42,160.585,1927.02,1747.1383,Medium Value Customers
12644.0,130,4,1918.49,17.283693693693692,69.13477477477477,71.01882,Low Value Customers
12645.0,34,8,3539.3,22.120625,176.965,183.98083,Low Value Customers
12646.0,5,2,1346.97,29.932666666666666,59.86533333333333,79.23878,Low Value Customers
12647.0,22,36,17924.35,32.58972727272727,1173.2301818181818,1165.3938,Medium Value Customers
12648.0,155,4,1112.0,17.107692307692307,68.43076923076923,71.03068,Low Value Customers
12649.0,107,8,2294.65,19.446186440677966,155.56949152542373,152.7391,Low Value Customers
12650.0,3,1,314.44,15.722,15.722,16.13987,Low Value Customers
12651.0,335,4,377.75,12.591666666666667,50.36666666666667,46.711636,Low Value Customers
12652.0,331,2,1017.03,19.941764705882353,39.883529411764705,42.133068,Low Value Customers
12653.0,149,3,4160.83,48.38174418604651,145.14523255813953,175.87505,Low Value Customers
12654.0,11,5,601.98,15.841578947368422,79.2078947368421,70.52566,Low Value Customers
12655.0,424,1,261.35,16.334375,16.334375,16.614649,Low Value Customers
12656.0,17,8,6407.83,25.942631578947367,207.54105263157894,201.26805,Low Value Customers
12657.0,11,4,1643.18,34.961276595744685,139.84510638297874,152.98778,Low Value Customers
12658.0,19,1,686.05,19.056944444444444,19.056944444444444,27.278324,Low Value Customers
12659.0,30,1,91.68,18.336000000000002,18.336000000000002,22.242249,Low Value Customers
12660.0,11,1,245.1,18.853846153846153,18.853846153846153,23.938482,Low Value Customers
12661.0,436,1,162.0,14.727272727272727,14.727272727272727,14.732541,Low Value Customers
12662.0,1,20,6988.02,17.21187192118227,344.23743842364536,339.96924,Low Value Customers
12663.0,625,2,239.4,23.94,47.88,41.9521,Low Value Customers
12664.0,8,11,6070.04,134.88977777777777,1483.7875555555554,1541.4088,Medium Value Customers
12665.0,325,3,313.6,18.447058823529414,55.34117647058824,49.312267,Low Value Customers
12666.0,394,1,1248.42,40.27161290322581,40.27161290322581,57.142445,Low Value Customers
12667.0,58,1,620.13,18.791818181818183,18.791818181818183,21.10706,Low Value Customers
12668.0,12,10,11444.68,21.233172541743972,212.3317254174397,162.1999,Low Value Customers
12669.0,151,3,2744.0299999999997,27.168613861386135,81.5058415841584,88.21584,Low Value Customers
12670.0,10,7,3760.29,32.698173913043476,228.88721739130432,248.1672,Low Value Customers
12671.0,606,1,2622.481,58.27735555555556,58.27735555555556,72.93833,Low Value Customers
12672.0,330,2,437.05,19.865909090909092,39.731818181818184,39.292767,Low Value Customers
12673.0,5,3,1230.02,16.62189189189189,49.865675675675675,57.016193,Low Value Customers
12674.0,39,4,1970.6,23.742168674698792,94.96867469879517,98.15937,Low Value Customers
12675.0,554,2,958.5,8.482300884955752,16.964601769911503,14.0071945,Low Value Customers
12676.0,25,11,2843.09,26.570934579439253,292.2802803738318,280.44153,Low Value Customers
12677.0,555,2,395.1,18.814285714285717,37.62857142857143,37.635902,Low Value Customers
12678.0,42,21,34281.18,91.17335106382978,1914.6403723404255,1999.2095,Medium Value Customers
12679.0,59,4,1113.02,23.187916666666666,92.75166666666667,94.59586,Low Value Customers
12680.0,1,4,880.81,16.619056603773583,66.47622641509433,64.28536,Low Value Customers
12681.0,15,45,30868.28,21.070498293515357,948.172423208191,938.83325,Medium Value Customers
12682.0,4,52,24033.91,23.13177093358999,1202.8520885466796,1156.6204,Medium Value Customers
12683.0,4,21,12696.78,23.46909426987061,492.8509796672828,610.33185,Low Value Customers
12684.0,8,7,2283.63,21.748857142857144,152.24200000000002,168.06798,Low Value Customers
12685.0,28,6,2863.08,18.236178343949042,109.41707006369425,116.575935,Low Value Customers
12686.0,372,1,178.28,12.734285714285715,12.734285714285715,12.237051,Low Value Customers
12687.0,481,2,2138.91,16.97547619047619,33.95095238095238,29.550291,Low Value Customers
12688.0,114,1,4873.8099999999995,28.501812865497072,28.501812865497072,29.126356,Low Value Customers
12689.0,26,2,1247.61,17.327916666666667,34.655833333333334,41.07088,Low Value Customers
12690.0,206,1,389.01,24.313125,24.313125,29.268936,Low Value Customers
12691.0,28,7,1170.4,30.010256410256414,210.0717948717949,191.26642,Low Value Customers
12692.0,637,1,110.95,8.534615384615385,8.534615384615385,0.6003758,Low Value Customers
12693.0,127,7,1703.02,21.557215189873418,150.9005063291139,140.28796,Low Value Customers
12694.0,70,3,1843.35,22.209036144578313,66.62710843373495,67.212975,Low Value Customers
12695.0,7,7,1407.1200000000001,23.84949152542373,166.9464406779661,156.85056,Low Value Customers
12696.0,435,2,851.91,17.38591836734694,34.77183673469388,36.033623,Low Value Customers
12697.0,29,3,957.59,23.355853658536585,70.06756097560975,74.62821,Low Value Customers
12698.0,590,1,339.75,21.234375,21.234375,23.798256,Low Value Customers
12699.0,418,1,638.11,15.563658536585367,15.563658536585367,13.8732395,Low Value Customers
12700.0,8,4,4939.99,18.432798507462685,73.73119402985074,74.25898,Low Value Customers
12701.0,80,6,2446.41,16.642244897959184,99.8534693877551,104.62969,Low Value Customers
12702.0,20,1,219.0,18.25,18.25,23.6323,Low Value Customers
12703.0,71,4,1006.53,13.601756756756757,54.40702702702703,50.525776,Low Value Customers
12704.0,7,8,2340.84,26.600454545454546,212.80363636363637,198.31105,Low Value Customers
12705.0,15,14,11762.1,19.636227045075128,274.9071786310518,246.53362,Low Value Customers
12707.0,292,1,603.42,18.285454545454545,18.285454545454545,18.977571,Low Value Customers
12708.0,30,18,5314.1,17.14225806451613,308.5606451612904,336.7202,Low Value Customers
12709.0,15,34,31093.34,62.18668,2114.34712,2100.434,High Value Customers
12710.0,97,3,1149.02,14.922337662337663,44.76701298701299,49.58307,Low Value Customers
12711.0,612,2,1339.05,22.3175,44.635,44.870255,Low Value Customers
12712.0,29,21,7193.66,26.063985507246375,547.3436956521739,532.70374,Low Value Customers
12713.0,1,1,848.55,22.330263157894734,22.330263157894734,46.729443,Low Value Customers
12714.0,9,12,14093.71,20.249583333333334,242.995,202.02466,Low Value Customers
12715.0,106,1,353.86,16.85047619047619,16.85047619047619,17.981665,Low Value Customers
12716.0,4,2,1053.49,15.267971014492753,30.535942028985506,31.022238,Low Value Customers
12717.0,151,3,1308.91,18.435352112676057,55.30605633802817,56.332386,Low Value Customers
12718.0,71,1,238.25,12.539473684210526,12.539473684210526,10.338545,Low Value Customers
12719.0,5,2,644.95,16.53717948717949,33.07435897435898,33.213074,Low Value Customers
12720.0,3,30,8260.67,16.229214145383104,486.8764243614931,473.68225,Low Value Customers
12721.0,32,8,4013.08,16.79112970711297,134.32903765690375,135.72954,Low Value Customers
12722.0,85,4,997.63,18.82320754716981,75.29283018867925,72.00863,Low Value Customers
12723.0,4,5,725.07,10.508260869565218,52.54130434782609,46.375942,Low Value Customers
12724.0,5,7,2317.52,17.96527131782946,125.7568992248062,128.86142,Low Value Customers
12725.0,371,4,2694.56,20.727384615384615,82.90953846153846,83.02455,Low Value Customers
12726.0,28,11,4014.6,22.427932960893855,246.7072625698324,247.51683,Low Value Customers
12727.0,11,10,5679.53,27.9779802955665,279.779802955665,257.2278,Low Value Customers
12728.0,71,5,1070.17,17.54377049180328,87.7188524590164,80.41584,Low Value Customers
12729.0,114,1,453.01,17.423461538461538,17.423461538461538,19.074018,Low Value Customers
12730.0,522,1,829.25,17.643617021276597,17.643617021276597,21.707804,Low Value Customers
12731.0,24,17,25775.71,65.58704834605598,1114.9798218829517,955.5461,Medium Value Customers
12732.0,180,1,236.26000000000002,19.688333333333336,19.688333333333336,22.467392,Low Value Customers
12733.0,234,4,2424.87,15.445031847133757,61.78012738853503,56.830345,Low Value Customers
12734.0,353,3,639.65,33.66578947368421,100.99736842105261,91.925575,Low Value Customers
12735.0,315,2,779.5699999999999,18.12953488372093,36.25906976744186,35.542297,Low Value Customers
12736.0,333,1,234.0,58.5,58.5,68.610634,Low Value Customers
12737.0,499,2,3710.5,1855.25,3710.5,3631.5051,High Value Customers
12738.0,372,1,310.7,14.122727272727273,14.122727272727273,14.478793,Low Value Customers
12739.0,78,4,2726.73,30.63741573033708,122.54966292134831,140.75697,Low Value Customers
12740.0,64,1,427.6,15.837037037037037,15.837037037037037,14.407905,Low Value Customers
12741.0,529,2,406.07,25.379375,50.75875,49.380283,Low Value Customers
12742.0,626,1,1201.52,17.933134328358207,17.933134328358207,25.700722,Low Value Customers
12743.0,134,2,546.43,4.077835820895522,8.155671641791043,7.76062,Low Value Customers
12744.0,52,11,25317.06,74.68159292035399,821.4975221238939,878.3288,Medium Value Customers
12745.0,487,3,925.41,40.235217391304346,120.70565217391304,109.0261,Low Value Customers
12746.0,541,1,254.55,14.973529411764707,14.973529411764707,14.732541,Low Value Customers
12747.0,2,26,9276.539999999999,36.09548638132296,938.4826459143969,886.68964,Medium Value Customers
12748.0,1,336,56599.39,7.830574156059767,2631.072916436082,2626.2212,High Value Customers
12749.0,4,9,6897.36,20.40639053254438,183.6575147928994,166.95193,Low Value Customers
12750.0,129,1,275.88,18.392,18.392,19.783026,Low Value Customers
12751.0,445,1,268.27,4.326935483870967,4.326935483870967,-1.7064248,Low Value Customers
12752.0,81,1,4366.78,82.3920754716981,82.3920754716981,132.88618,Low Value Customers
12753.0,23,6,21429.39,108.77862944162436,652.6717766497461,709.3334,Medium Value Customers
12754.0,236,3,3010.74,47.78952380952381,143.3685714285714,136.5738,Low Value Customers
12755.0,281,11,9030.66,141.1040625,1552.1446875,1520.384,Medium Value Customers
12756.0,87,1,112.07999999999998,28.019999999999996,28.019999999999996,36.89136,Low Value Customers
12757.0,16,13,7857.1,21.178167115902966,275.31617250673855,276.17557,Low Value Customers
12758.0,117,7,9903.24,31.639744408945685,221.4782108626198,259.49966,Low Value Customers
12759.0,52,8,5020.74,16.62496688741722,132.99973509933776,133.22078,Low Value Customers
12760.0,456,1,347.8,16.561904761904763,16.561904761904763,18.393988,Low Value Customers
12761.0,458,2,782.95,28.99814814814815,57.9962962962963,65.375786,Low Value Customers
12762.0,8,2,1898.52,27.51478260869565,55.0295652173913,66.68712,Low Value Customers
12763.0,138,2,814.16,23.945882352941176,47.89176470588235,51.600975,Low Value Customers
12764.0,317,1,1693.88,37.64177777777778,37.64177777777778,49.68437,Low Value Customers
12765.0,472,6,1404.58,20.65558823529412,123.93352941176471,117.742485,Low Value Customers
12766.0,4,9,10068.28,22.128087912087913,199.15279120879123,178.6521,Low Value Customers
12767.0,376,1,949.82,22.088837209302326,22.088837209302326,31.341652,Low Value Customers
12768.0,451,1,168.69000000000003,16.869000000000003,16.869000000000003,18.393988,Low Value Customers
12769.0,239,1,1143.6,35.7375,35.7375,55.46829,Low Value Customers
12770.0,211,2,3246.45,115.94464285714285,231.8892857142857,292.53458,Low Value Customers
12771.0,486,1,282.3,18.82,18.82,22.595541,Low Value Customers
12772.0,60,1,892.47,16.226727272727274,16.226727272727274,17.150688,Low Value Customers
12773.0,564,1,124.25,20.708333333333332,20.708333333333332,24.130678,Low Value Customers
12774.0,536,1,98.7,16.45,16.45,16.614649,Low Value Customers
12775.0,17,7,1686.12,20.816296296296294,145.71407407407406,130.35051,Low Value Customers
12776.0,668,1,55.5,13.875,13.875,14.478793,Low Value Customers
12777.0,458,1,519.45,19.978846153846156,19.978846153846156,25.254854,Low Value Customers
12778.0,20,9,1775.68,15.576140350877193,140.18526315789472,128.30411,Low Value Customers
12779.0,38,14,6722.2699999999995,24.26812274368231,339.7537184115523,327.42737,Low Value Customers
12780.0,599,1,337.4,16.869999999999997,16.869999999999997,18.393988,Low Value Customers
12781.0,64,2,826.74,33.0696,66.1392,78.46023,Low Value Customers
12782.0,5,11,4618.24,20.344669603524228,223.7913656387665,230.76183,Low Value Customers
12783.0,2,6,2225.91,26.49892857142857,158.99357142857144,168.69771,Low Value Customers
12784.0,9,3,1804.75,13.776717557251908,41.33015267175573,49.944004,Low Value Customers
12785.0,364,3,1100.4,19.650000000000002,58.95,56.639328,Low Value Customers
12786.0,610,1,728.5,40.47222222222222,40.47222222222222,54.372192,Low Value Customers
12787.0,10,4,862.18,19.595,78.38,74.13066,Low Value Customers
12788.0,463,4,444.9,17.111538461538462,68.44615384615385,62.589413,Low Value Customers
12789.0,65,3,273.35,34.16875,102.50625000000001,87.45486,Low Value Customers
12790.0,192,2,591.85,15.995945945945946,31.991891891891893,29.91189,Low Value Customers
12791.0,374,6,1056.1100000000001,35.20366666666667,211.22200000000004,180.23193,Low Value Customers
12792.0,257,2,827.01,17.59595744680851,35.19191489361702,34.54921,Low Value Customers
12793.0,335,3,1017.33,19.94764705882353,59.84294117647059,58.174477,Low Value Customers
12794.0,53,2,860.41,19.12022222222222,38.24044444444444,38.932537,Low Value Customers
12795.0,19,1,430.48,30.74857142857143,30.74857142857143,57.9683,Low Value Customers
12796.0,628,1,381.0,54.42857142857143,54.42857142857143,67.93005,Low Value Customers
12797.0,366,2,806.11,18.746744186046513,37.493488372093026,36.214264,Low Value Customers
12798.0,10,4,8510.93,257.9069696969697,1031.627878787879,1098.8472,Medium Value Customers
12799.0,529,1,219.35,14.623333333333333,14.623333333333333,14.788214,Low Value Customers
12800.0,470,3,584.25,17.183823529411764,51.55147058823529,47.277294,Low Value Customers
12801.0,501,1,1071.82,21.4364,21.4364,30.732471,Low Value Customers
12802.0,187,7,2416.42,17.510289855072465,122.57202898550725,125.410545,Low Value Customers
12803.0,393,1,1092.81,19.869272727272726,19.869272727272726,28.772076,Low Value Customers
12804.0,466,2,327.02,4.88089552238806,9.76179104477612,9.189857,Low Value Customers
12805.0,382,4,1434.95,24.74051724137931,98.96206896551725,93.97225,Low Value Customers
12806.0,435,4,2878.96,42.96955223880597,171.87820895522387,161.6561,Low Value Customers
12807.0,383,1,330.35,20.646875,20.646875,24.130678,Low Value Customers
12808.0,37,5,906.1,16.77962962962963,83.89814814814814,77.5243,Low Value Customers
12809.0,178,3,1755.94,21.67827160493827,65.03481481481481,72.52757,Low Value Customers
12810.0,535,2,534.99,16.7184375,33.436875,32.03405,Low Value Customers
12811.0,261,5,1033.9,18.462500000000002,92.31250000000001,84.650604,Low Value Customers
12812.0,45,1,229.64000000000001,15.309333333333335,15.309333333333335,14.531875,Low Value Customers
12813.0,502,3,1687.8,37.50666666666667,112.52000000000001,109.52346,Low Value Customers
12814.0,102,1,125.92,62.96,62.96,76.741936,Low Value Customers
12815.0,148,2,1063.46,22.6268085106383,45.2536170212766,50.845764,Low Value Customers
12816.0,96,2,572.2,19.731034482758623,39.46206896551725,37.97577,Low Value Customers
12817.0,281,3,690.98,27.639200000000002,82.91760000000001,73.151535,Low Value Customers
12818.0,262,1,1542.08,110.14857142857143,110.14857142857143,164.21237,Low Value Customers
12819.0,458,1,540.52,28.448421052631577,28.448421052631577,38.272057,Low Value Customers
12820.0,3,11,2689.52,16.915220125786163,186.0674213836478,186.71036,Low Value Customers
12821.0,214,2,220.8,16.984615384615385,33.96923076923077,31.912325,Low Value Customers
12822.0,71,2,948.88,20.62782608695652,41.25565217391304,42.65883,Low Value Customers
12823.0,75,18,6501.5,361.19444444444446,6501.5,6441.0435,Premium Customers
12824.0,60,1,397.12,15.8848,15.8848,16.642256,Low Value Customers
12825.0,521,2,518.63,21.609583333333333,43.219166666666666,43.853382,Low Value Customers
12826.0,3,12,2955.75,17.805722891566266,213.6686746987952,214.41533,Low Value Customers
12827.0,6,3,430.15000000000003,17.206000000000003,51.61800000000001,49.736538,Low Value Customers
12828.0,3,6,1018.71,18.19125,109.14750000000001,99.79099,Low Value Customers
12829.0,337,3,385.3,20.278947368421054,60.83684210526316,54.93395,Low Value Customers
12830.0,38,6,6814.64,179.33263157894737,1075.9957894736842,1086.5774,Medium Value Customers
12831.0,262,3,451.11,20.505,61.515,55.055676,Low Value Customers
12832.0,32,2,383.03,14.186296296296295,28.37259259259259,27.669767,Low Value Customers
12833.0,145,1,417.38,17.390833333333333,17.390833333333333,19.358192,Low Value Customers
12834.0,283,1,312.38,17.354444444444443,17.354444444444443,19.364613,Low Value Customers
12835.0,428,41,6043.31,9.747274193548387,399.63824193548385,386.6116,Low Value Customers
12836.0,59,15,6585.62,15.907294685990339,238.60942028985508,242.1305,Low Value Customers
12837.0,173,2,688.41,7.482717391304347,14.965434782608694,11.81947,Low Value Customers
12838.0,34,10,3398.48,8.034231678486998,80.34231678486998,79.41687,Low Value Customers
12839.0,3,26,10071.73,17.48564236111111,454.6267013888889,427.40088,Low Value Customers
12840.0,144,7,4041.97,22.965738636363636,160.76017045454546,165.01604,Low Value Customers
12841.0,5,40,7540.68,10.741709401709402,429.66837606837606,372.7586,Low Value Customers
12842.0,70,4,1917.99,39.958125,159.8325,161.55325,Low Value Customers
12843.0,66,30,6588.41,29.81180995475113,894.3542986425339,905.7766,Medium Value Customers
12844.0,29,4,648.6,6.297087378640777,25.188349514563107,29.612535,Low Value Customers
12845.0,267,4,354.09,13.114444444444443,52.45777777777777,48.547333,Low Value Customers
12846.0,682,1,15.58,15.58,15.58,14.732541,Low Value Customers
12847.0,22,2,1636.8999999999999,12.99126984126984,25.98253968253968,24.00677,Low Value Customers
12848.0,676,1,208.0,13.0,13.0,12.049107,Low Value Customers
12849.0,31,6,3090.56,20.88216216216216,125.29297297297296,135.54007,Low Value Customers
12850.0,446,1,330.0,165.0,165.0,204.60895,Low Value Customers
12851.0,97,2,284.13,3.551625,7.10325,9.205731,Low Value Customers
12852.0,295,1,311.55,18.326470588235296,18.326470588235296,20.195349,Low Value Customers
12853.0,135,11,3907.5,26.402027027027028,290.4222972972973,275.34183,Low Value Customers
12854.0,79,7,2994.02,11.298188679245284,79.08732075471698,85.10432,Low Value Customers
12855.0,373,4,650.9399999999999,9.299142857142856,37.196571428571424,39.24376,Low Value Customers
12856.0,8,6,2179.93,6.942452229299363,41.65471337579618,45.63761,Low Value Customers
12857.0,211,6,3688.0,30.479338842975206,182.87603305785123,187.81024,Low Value Customers
12858.0,383,1,177.92,3.631020408163265,3.631020408163265,-1.4922074,Low Value Customers
12859.0,459,1,575.1,27.385714285714286,27.385714285714286,34.907314,Low Value Customers
12860.0,693,1,55.47,3.262941176470588,3.262941176470588,-1.4922074,Low Value Customers
12861.0,620,1,68.25,17.0625,17.0625,18.393988,Low Value Customers
12862.0,426,2,1008.3199999999999,7.581353383458646,15.162706766917292,13.741486,Low Value Customers
12863.0,52,6,2792.5499999999997,58.178124999999994,349.06874999999997,407.08078,Low Value Customers
12864.0,138,2,299.57,42.79571428571428,85.59142857142857,73.679756,Low Value Customers
12865.0,26,4,3323.47,17.043435897435895,68.17374358974358,58.67664,Low Value Customers
12866.0,283,3,1227.35,19.48174603174603,58.445238095238096,61.159,Low Value Customers
12867.0,26,13,7913.29,7.444299153339605,96.77588899341487,96.46509,Low Value Customers
12868.0,186,8,2247.06,15.39082191780822,123.12657534246576,128.6678,Low Value Customers
12869.0,682,1,337.66999999999996,9.126216216216216,9.126216216216216,4.7879066,Low Value Customers
12870.0,375,3,1676.95,18.031720430107526,54.09516129032258,54.744736,Low Value Customers
12871.0,84,3,744.02,41.33444444444444,124.00333333333333,112.75202,Low Value Customers
12872.0,327,12,3685.4900000000002,8.452958715596331,101.43550458715598,105.36466,Low Value Customers
12873.0,282,3,2027.3,57.92285714285714,173.76857142857142,192.36975,Low Value Customers
12874.0,385,2,948.42,19.75875,39.5175,40.13283,Low Value Customers
12875.0,143,5,1356.99,169.62375,848.11875,799.5131,Medium Value Customers
12876.0,58,4,4081.79,24.010529411764704,96.04211764705882,95.49103,Low Value Customers
12877.0,4,20,2955.17,10.668483754512636,213.3696750902527,212.136,Low Value Customers
12878.0,236,2,854.99,18.191276595744682,36.382553191489365,35.542297,Low Value Customers
12879.0,45,3,573.22,57.322,171.966,166.60896,Low Value Customers
12880.0,382,2,640.13,17.781388888888888,35.562777777777775,34.760803,Low Value Customers
12881.0,276,1,298.0,42.57142857142857,42.57142857142857,47.117737,Low Value Customers
12882.0,9,2,1463.04,112.54153846153847,225.08307692307693,306.31467,Low Value Customers
12883.0,25,4,703.47,16.749285714285715,66.99714285714286,65.47135,Low Value Customers
12884.0,88,1,309.05,44.15,44.15,52.138916,Low Value Customers
12885.0,63,3,1175.22,16.552394366197184,49.65718309859155,52.717293,Low Value Customers
12886.0,68,2,1378.4,16.809756097560978,33.619512195121956,32.73001,Low Value Customers
12887.0,384,1,222.4,17.107692307692307,17.107692307692307,18.393988,Low Value Customers
12888.0,214,2,354.12,70.824,141.648,113.282265,Low Value Customers
12889.0,381,4,385.46000000000004,15.418400000000002,61.67360000000001,58.153183,Low Value Customers
12890.0,24,2,717.27,5.16021582733813,10.32043165467626,6.8096523,Low Value Customers
12891.0,186,11,840.5,76.4090909090909,840.5,748.9239,Medium Value Customers
12892.0,397,1,263.38,14.632222222222222,14.632222222222222,14.788214,Low Value Customers
12893.0,31,1,188.14,5.533529411764706,5.533529411764706,-3.1959934,Low Value Customers
12894.0,575,1,157.35,7.492857142857143,7.492857142857143,0.12133007,Low Value Customers
12895.0,42,2,372.8,16.945454545454545,33.89090909090909,31.672308,Low Value Customers
12897.0,205,4,514.25,36.732142857142854,146.92857142857142,124.92834,Low Value Customers
12898.0,464,2,310.96000000000004,9.717500000000001,19.435000000000002,18.2493,Low Value Customers
12899.0,414,1,366.4,21.552941176470586,21.552941176470586,26.0599,Low Value Customers
12900.0,422,1,340.33,26.179230769230767,26.179230769230767,30.737473,Low Value Customers
12901.0,9,28,17654.54,152.19431034482758,4261.440689655173,4142.4688,High Value Customers
12902.0,265,1,138.68,13.868,13.868,14.478793,Low Value Customers
12903.0,429,1,833.53,20.33,20.33,27.592396,Low Value Customers
12904.0,18,2,509.58,7.0775,14.155,9.850275,Low Value Customers
12905.0,577,2,1018.42,18.85962962962963,37.71925925925926,42.082344,Low Value Customers
12906.0,12,5,2919.81,46.34619047619047,231.73095238095237,231.75888,Low Value Customers
12907.0,396,2,508.91,20.3564,40.7128,39.292767,Low Value Customers
12908.0,176,5,1776.0,355.2,1776.0,1723.0698,Medium Value Customers
12909.0,40,8,3103.19,19.640443037974684,157.12354430379747,158.84784,Low Value Customers
12910.0,23,13,5796.52,42.31036496350365,550.0347445255475,479.75964,Low Value Customers
12911.0,552,1,1680.47,6.77608870967742,6.77608870967742,-19.93696,Low Value Customers
12912.0,3,5,1662.3,69.2625,346.3125,347.86185,Low Value Customers
12913.0,5,13,6700.860000000001,69.80062500000001,907.4081250000002,891.63,Medium Value Customers
12914.0,401,1,223.98,24.886666666666667,24.886666666666667,27.22038,Low Value Customers
12915.0,149,4,1174.75,16.09246575342466,64.36986301369863,68.132866,Low Value Customers
12916.0,139,7,4654.0199999999995,25.293586956521736,177.05510869565217,174.33713,Low Value Customers
12917.0,128,6,4359.2,87.184,523.104,482.3314,Low Value Customers
12918.0,626,1,10953.5,10953.5,10953.5,10695.488,Premium Customers
12919.0,8,6,1335.19,26.7038,160.2228,149.98183,Low Value Customers
12920.0,17,4,488.09000000000003,8.134833333333335,32.53933333333334,31.334291,Low Value Customers
12921.0,9,74,35921.04,23.41658409387223,1732.8272229465451,1741.2545,Medium Value Customers
12922.0,161,1,405.38,14.477857142857143,14.477857142857143,14.7817955,Low Value Customers
12923.0,64,3,789.87,12.73983870967742,38.21951612903226,38.544464,Low Value Customers
12924.0,88,12,2469.4,33.37027027027027,400.4432432432432,366.23425,Low Value Customers
12925.0,5,3,729.3299999999999,14.586599999999999,43.7598,46.4673,Low Value Customers
12926.0,411,4,1548.46,5.651313868613139,22.605255474452555,28.14019,Low Value Customers
12927.0,395,1,197.31,17.937272727272727,17.937272727272727,20.357695,Low Value Customers
12928.0,35,12,4304.89,24.049664804469277,288.59597765363134,276.28116,Low Value Customers
12929.0,312,1,117.85,14.73125,14.73125,14.732541,Low Value Customers
12930.0,78,2,415.8,16.632,33.264,31.548336,Low Value Customers
12931.0,22,57,92347.34,423.61165137614677,24145.864128440367,24062.957,Premium Customers
12932.0,539,8,1698.56,17.87957894736842,143.03663157894735,129.23245,Low Value Customers
12933.0,24,8,1687.03,5.699425675675675,45.5954054054054,59.108753,Low Value Customers
12934.0,737,1,181.65,90.825,90.825,88.432526,Low Value Customers
12935.0,2,15,4243.86,16.70811023622047,250.62165354330705,252.18707,Low Value Customers
12936.0,17,4,1063.9,17.15967741935484,68.63870967741936,66.25436,Low Value Customers
12937.0,15,9,3097.61,14.274700460829493,128.47230414746542,132.91159,Low Value Customers
12938.0,26,1,114.14,12.682222222222222,12.682222222222222,12.83183,Low Value Customers
12939.0,64,20,25264.8,293.7767441860465,5875.53488372093,5977.411,High Value Customers
12940.0,55,2,913.54,9.227676767676767,18.455353535353535,16.438814,Low Value Customers
12941.0,724,1,377.49,13.981111111111112,13.981111111111112,14.478793,Low Value Customers
12942.0,131,3,942.65,10.358791208791208,31.076373626373623,31.407867,Low Value Customers
12943.0,558,2,496.5,19.86,39.72,39.292767,Low Value Customers
12944.0,36,2,604.51,20.150333333333332,40.300666666666665,39.911232,Low Value Customers
12945.0,288,2,900.11,17.64921568627451,35.29843137254902,34.54921,Low Value Customers
12946.0,437,1,324.45,16.2225,16.2225,16.614649,Low Value Customers
12947.0,144,6,1908.03,16.737105263157893,100.42263157894736,105.450294,Low Value Customers
12948.0,16,9,2317.43,18.53944,166.85496,158.29471,Low Value Customers
12949.0,31,22,15526.7,21.715664335664336,477.7446153846154,538.217,Low Value Customers
12950.0,2,3,1843.0,80.1304347826087,240.39130434782612,287.6041,Low Value Customers
12951.0,9,15,3213.7200000000003,16.56556701030928,248.4835051546392,239.09883,Low Value Customers
12952.0,6,4,1387.79,17.566962025316457,70.26784810126583,70.98257,Low Value Customers
12953.0,10,2,828.8100000000001,17.266875000000002,34.533750000000005,35.761383,Low Value Customers
12954.0,639,1,162.45,16.244999999999997,16.244999999999997,16.614649,Low Value Customers
12955.0,1,11,4757.16,26.428666666666665,290.7153333333333,296.39694,Low Value Customers
12956.0,306,4,521.89,12.425952380952381,49.703809523809525,46.833363,Low Value Customers
12957.0,10,13,8706.97,17.769326530612243,231.00124489795917,249.91553,Low Value Customers
12958.0,400,2,539.49,9.464736842105264,18.929473684210528,16.273481,Low Value Customers
12959.0,484,1,150.95,18.86875,18.86875,22.595541,Low Value Customers
12960.0,414,4,1322.07,18.886714285714284,75.54685714285714,77.22945,Low Value Customers
12961.0,379,1,211.99,5.29975,5.29975,-1.9990451,Low Value Customers
12962.0,7,2,266.39,16.649375,33.29875,34.112156,Low Value Customers
12963.0,8,12,3601.59,18.955736842105264,227.46884210526315,232.046,Low Value Customers
12964.0,437,1,132.24,5.086153846153847,5.086153846153847,-1.9597542,Low Value Customers
12965.0,89,1,771.91,7.081743119266055,7.081743119266055,-1.7603296,Low Value Customers
12966.0,10,1,160.18,16.018,16.018,17.955305,Low Value Customers
12967.0,358,3,4306.92,53.8365,161.5095,196.48654,Low Value Customers
12968.0,112,1,135.95,27.189999999999998,27.189999999999998,34.40774,Low Value Customers
12969.0,603,1,122.45,24.490000000000002,24.490000000000002,26.019203,Low Value Customers
12970.0,7,10,1524.97,3.9816449086161882,39.81644908616188,51.93015,Low Value Customers
12971.0,4,116,15972.79,37.58303529411765,4359.632094117647,-629.71344,Low Value Customers
12972.0,414,4,1161.2,15.08051948051948,60.32207792207792,66.42369,Low Value Customers
12973.0,414,1,385.55,64.25833333333334,64.25833333333334,75.10073,Low Value Customers
12974.0,198,2,408.95,12.7796875,25.559375,24.93247,Low Value Customers
12975.0,437,6,2100.09,18.750803571428573,112.50482142857143,118.40816,Low Value Customers
12976.0,212,8,3156.38,20.495974025974025,163.9677922077922,165.33553,Low Value Customers
12977.0,156,4,517.63,8.773389830508474,35.0935593220339,35.093494,Low Value Customers
12978.0,385,5,2502.82,15.35472392638037,76.77361963190185,78.48859,Low Value Customers
12979.0,729,1,517.7,9.244642857142859,9.244642857142859,4.9096355,Low Value Customers
12980.0,158,21,16245.78,312.4188461538462,6560.79576923077,6505.5957,Premium Customers
12981.0,30,2,372.21999999999997,18.610999999999997,37.221999999999994,36.723694,Low Value Customers
12982.0,243,8,2744.81,15.420280898876404,123.36224719101124,134.78954,Low Value Customers
12983.0,598,1,490.08000000000004,16.336000000000002,16.336000000000002,16.736378,Low Value Customers
12984.0,19,1,97.5,24.375,24.375,34.825695,Low Value Customers
12985.0,1,2,1239.38,16.30763157894737,32.61526315789474,37.517235,Low Value Customers
12986.0,429,10,2729.84,26.763137254901963,267.6313725490196,229.87834,Low Value Customers
12987.0,74,5,1312.21,19.881969696969698,99.40984848484848,96.38737,Low Value Customers
12988.0,292,1,535.32,5.818695652173914,5.818695652173914,-2.3769584,Low Value Customers
12989.0,3,33,13551.75,139.70876288659792,4610.389175257731,4362.3374,High Value Customers
12990.0,31,7,955.5,35.388888888888886,247.7222222222222,210.0645,Low Value Customers
12991.0,23,3,764.82,16.996000000000002,50.98800000000001,51.37862,Low Value Customers
12992.0,725,1,93.35000000000001,15.558333333333335,15.558333333333335,14.732541,Low Value Customers
12993.0,23,8,1259.6299999999999,16.57407894736842,132.59263157894736,128.05898,Low Value Customers
12994.0,4,3,974.4200000000001,15.97409836065574,47.92229508196722,50.553257,Low Value Customers
12995.0,85,1,211.32,70.44,70.44,69.52802,Low Value Customers
12996.0,376,1,355.5,16.15909090909091,16.15909090909091,16.614649,Low Value Customers
12997.0,22,8,2110.91,19.728130841121494,157.82504672897196,154.09897,Low Value Customers
12998.0,493,3,920.08,15.86344827586207,47.59034482758621,46.81389,Low Value Customers
12999.0,196,3,455.88,16.28142857142857,48.84428571428571,45.85328,Low Value Customers
13000.0,107,4,1032.5,16.653225806451612,66.61290322580645,65.27653,Low Value Customers
13001.0,4,33,24172.100000000002,23.559551656920082,777.4652046783627,873.34766,Medium Value Customers
13002.0,318,3,414.13,18.00565217391304,54.016956521739125,49.596336,Low Value Customers
13003.0,106,3,149.05,24.84166666666667,74.525,64.8282,Low Value Customers
13004.0,12,36,11650.85,14.295521472392638,514.638773006135,447.84537,Low Value Customers
13005.0,174,4,999.68,17.85142857142857,71.40571428571428,67.69642,Low Value Customers
13006.0,56,1,81.57,20.3925,20.3925,24.695787,Low Value Customers
13007.0,580,1,175.25,15.931818181818182,15.931818181818182,16.905645,Low Value Customers
13008.0,323,3,612.13,17.489428571428572,52.46828571428571,48.179375,Low Value Customers
13009.0,673,1,234.0,58.5,58.5,59.843487,Low Value Customers
13010.0,374,2,330.12,27.51,55.02,45.299828,Low Value Customers
13011.0,372,1,101.10000000000001,16.85,16.85,18.393988,Low Value Customers
13012.0,9,11,2972.83,19.30409090909091,212.345,216.10152,Low Value Customers
13013.0,1,29,12625.77,22.790198555956678,660.9157581227437,741.4047,Medium Value Customers
13014.0,11,11,5381.08,24.02267857142857,264.2494642857143,259.79327,Low Value Customers
13015.0,53,11,6586.42,18.872263610315187,207.59489971346704,214.36145,Low Value Customers
13016.0,73,3,789.89,16.806170212765956,50.41851063829787,48.965416,Low Value Customers
13017.0,7,1,204.0,204.0,204.0,179.29977,Low Value Customers
13018.0,16,35,9763.16,16.190978441127694,566.6842454394692,533.5662,Low Value Customers
13019.0,379,6,1229.95,22.362727272727273,134.17636363636365,123.00894,Low Value Customers
13020.0,563,2,618.96,15.870769230769232,31.741538461538465,27.086569,Low Value Customers
13021.0,4,17,4887.24,19.016498054474706,323.28046692607,306.4333,Low Value Customers
13022.0,430,1,65.3,13.059999999999999,13.059999999999999,11.490223,Low Value Customers
13023.0,64,3,1449.03,19.066184210526316,57.19855263157895,59.382477,Low Value Customers
13024.0,471,2,555.87,17.931290322580644,35.86258064516129,33.99776,Low Value Customers
13025.0,732,1,323.39,24.876153846153844,24.876153846153844,26.554634,Low Value Customers
13026.0,1,9,1733.08,21.13512195121951,190.21609756097558,166.865,Low Value Customers
13027.0,114,19,17335.2,201.57209302325583,3829.869767441861,3790.6238,High Value Customers
13028.0,23,2,661.3199999999999,14.695999999999998,29.391999999999996,31.379887,Low Value Customers
13029.0,31,5,1927.3,113.37058823529412,566.8529411764706,564.35254,Low Value Customers
13030.0,11,2,1227.22,7.718364779874214,15.436729559748429,12.544989,Low Value Customers
13031.0,407,5,3419.27,7.860390804597701,39.301954022988504,16.238361,Low Value Customers
13032.0,52,9,2843.55,13.412971698113209,120.71674528301888,127.06271,Low Value Customers
13033.0,357,2,220.55,16.965384615384615,33.93076923076923,31.912325,Low Value Customers
13034.0,55,3,922.68,16.776,50.328,50.145092,Low Value Customers
13035.0,74,3,1364.2,32.48095238095238,97.44285714285715,107.23334,Low Value Customers
13036.0,685,1,307.1,51.18333333333334,51.18333333333334,58.28066,Low Value Customers
13037.0,138,12,3914.9500000000003,16.87478448275862,202.49741379310345,204.78937,Low Value Customers
13038.0,80,3,908.46,32.445,97.33500000000001,98.59097,Low Value Customers
13039.0,584,4,1010.73,18.37690909090909,73.50763636363637,70.02091,Low Value Customers
13040.0,9,2,676.99,15.743953488372092,31.487906976744185,30.664572,Low Value Customers
13041.0,451,4,799.13,22.832285714285714,91.32914285714286,85.64937,Low Value Customers
13042.0,598,3,1556.54,7.82180904522613,23.46542713567839,27.086971,Low Value Customers
13043.0,273,1,516.42,39.72461538461538,39.72461538461538,56.566917,Low Value Customers
13044.0,291,11,4853.9,11.584486873508352,127.42935560859188,135.65582,Low Value Customers
13045.0,99,3,808.92,17.976,53.928,50.967712,Low Value Customers
13046.0,31,3,949.25,16.950892857142858,50.85267857142857,51.52029,Low Value Customers
13047.0,32,24,8795.16,22.266227848101266,534.3894683544304,553.75726,Low Value Customers
13048.0,14,9,4084.21,15.239589552238806,137.15630597014925,150.37375,Low Value Customers
13049.0,64,4,1408.24,54.16307692307692,216.6523076923077,179.77525,Low Value Customers
13050.0,15,35,12344.53,12.23442021803766,428.2047076313181,416.92422,Low Value Customers
13051.0,579,2,155.8,38.95,77.9,65.87629,Low Value Customers
13052.0,212,7,3168.53,12.523833992094863,87.66683794466404,89.35521,Low Value Customers
13053.0,622,1,127.65,7.508823529411765,7.508823529411765,0.6003758,Low Value Customers
13055.0,78,4,2321.11,15.072142857142858,60.28857142857143,57.274094,Low Value Customers
13056.0,551,1,209.48,11.025263157894736,11.025263157894736,9.655422,Low Value Customers
13057.0,530,3,722.09,17.611951219512196,52.83585365853659,51.910694,Low Value Customers
13058.0,25,3,271.40000000000003,33.925000000000004,101.775,101.436,Low Value Customers
13059.0,250,10,2303.17,11.401831683168318,114.01831683168318,121.23294,Low Value Customers
13060.0,254,1,307.53,20.502,20.502,24.130678,Low Value Customers
13061.0,72,1,248.61,24.861,24.861,32.32094,Low Value Customers
13062.0,191,1,346.98,31.543636363636367,31.543636363636367,38.15272,Low Value Customers
13063.0,481,1,188.4,15.700000000000001,15.700000000000001,14.732541,Low Value Customers
13064.0,13,6,1680.74,17.880212765957445,107.28127659574467,101.6283,Low Value Customers
13065.0,373,5,1260.91,16.59092105263158,82.9546052631579,86.20396,Low Value Customers
13066.0,24,2,470.8,9.808333333333334,19.616666666666667,19.374325,Low Value Customers
13067.0,82,3,508.51,15.8909375,47.6728125,45.719814,Low Value Customers
13068.0,10,2,344.0,172.0,344.0,302.1312,Low Value Customers
13069.0,1,38,9683.13,8.676639784946236,329.71231182795697,340.90225,Low Value Customers
13070.0,192,4,751.7,22.77878787878788,91.11515151515152,87.45559,Low Value Customers
13071.0,612,1,129.22,10.768333333333333,10.768333333333333,9.092417,Low Value Customers
13072.0,267,1,177.15,25.307142857142857,25.307142857142857,29.447931,Low Value Customers
13073.0,411,2,418.08,15.484444444444444,30.968888888888888,27.91239,Low Value Customers
13074.0,511,4,1378.74,47.54275862068965,190.1710344827586,155.3565,Low Value Customers
13075.0,130,1,919.61,41.80045454545455,41.80045454545455,62.942726,Low Value Customers
13076.0,458,1,135.4,15.044444444444444,15.044444444444444,14.732541,Low Value Customers
13077.0,1,11,3064.67,8.831902017291066,97.15092219020173,104.54242,Low Value Customers
13078.0,3,57,29532.45,36.86947565543071,2101.5601123595507,2126.8743,High Value Customers
13079.0,4,6,419.18,24.657647058823528,147.94588235294117,130.24568,Low Value Customers
13080.0,179,4,280.73,14.775263157894738,59.10105263157895,58.153183,Low Value Customers
13081.0,12,28,59205.15,25.150870858113848,704.2243840271877,637.9486,Low Value Customers
13082.0,126,21,7335.75,56.866279069767444,1194.1918604651164,1096.3689,Medium Value Customers
13083.0,4,3,395.43,17.974090909090908,53.92227272727273,53.059708,Low Value Customers
13084.0,492,1,122.39999999999999,61.199999999999996,61.199999999999996,67.121666,Low Value Customers
13085.0,158,8,2433.28,28.96761904761905,231.7409523809524,215.37979,Low Value Customers
13086.0,383,1,439.33000000000004,9.34744680851064,9.34744680851064,4.9096355,Low Value Customers
13087.0,726,1,313.64,20.909333333333333,20.909333333333333,22.952747,Low Value Customers
13088.0,417,1,236.11,11.8055,11.8055,10.907824,Low Value Customers
13089.0,3,203,116737.86,34.72274241522903,7048.716710291493,7027.038,Premium Customers
13090.0,9,24,14103.09,49.83424028268551,1196.0217667844522,1287.5015,Medium Value Customers
13091.0,28,3,2321.82,51.596000000000004,154.788,192.87532,Low Value Customers
13092.0,71,12,2140.28,20.38361904761905,244.6034285714286,212.09229,Low Value Customers
13093.0,276,55,54943.65,52.327285714285715,2878.0007142857144,2803.2317,High Value Customers
13094.0,21,13,2433.1200000000003,76.03500000000001,988.4550000000002,882.3237,Medium Value Customers
13095.0,71,1,74.39999999999999,12.399999999999999,12.399999999999999,10.338545,Low Value Customers
13096.0,394,1,419.70000000000005,419.70000000000005,419.70000000000005,356.96204,Low Value Customers
13097.0,33,28,13389.22,13.165408062930187,368.63142576204524,451.72546,Low Value Customers
13098.0,1,28,28882.44,50.49377622377622,1413.8257342657344,1871.4014,Medium Value Customers
13099.0,99,1,207.35999999999999,207.35999999999999,207.35999999999999,224.36948,Low Value Customers
13101.0,234,4,695.4,13.635294117647058,54.54117647058823,52.009228,Low Value Customers
13102.0,1,37,11696.92,23.774227642276422,879.6464227642276,776.952,Medium Value Customers
13103.0,40,3,709.64,21.504242424242424,64.51272727272728,61.97643,Low Value Customers
13104.0,3,9,1709.1,56.97,512.73,497.13513,Low Value Customers
13105.0,436,1,72.0,72.0,72.0,67.9615,Low Value Customers
13106.0,133,2,603.46,37.71625,75.4325,80.02083,Low Value Customers
13107.0,44,9,5253.07,29.511629213483143,265.6046629213483,279.8005,Low Value Customers
13108.0,373,2,1098.52,24.411555555555555,48.82311111111111,49.454906,Low Value Customers
13109.0,60,3,1134.03,16.20042857142857,48.60128571428571,53.283466,Low Value Customers
13110.0,31,12,2957.4700000000003,11.735992063492064,140.83190476190478,138.91118,Low Value Customers
13111.0,719,1,321.88000000000005,26.823333333333338,26.823333333333338,27.2286,Low Value Customers
13112.0,541,1,20.6,10.3,10.3,7.7855353,Low Value Customers
13113.0,1,37,18625.73,47.51461734693878,1758.0408418367347,1788.6226,Medium Value Customers
13114.0,731,1,234.38,14.64875,14.64875,14.788214,Low Value Customers
13115.0,12,10,5494.7,17.49904458598726,174.9904458598726,183.01709,Low Value Customers
13116.0,138,1,501.14,16.704666666666665,16.704666666666665,18.387568,Low Value Customers
13117.0,22,18,2643.81,14.06281914893617,253.13074468085105,263.47177,Low Value Customers
13118.0,20,9,2415.41,16.320337837837837,146.88304054054052,145.41873,Low Value Customers
13119.0,669,1,134.9,12.263636363636364,12.263636363636364,10.784911,Low Value Customers
13120.0,239,1,30.599999999999998,30.599999999999998,30.599999999999998,34.688526,Low Value Customers
13121.0,269,1,283.73,5.674600000000001,5.674600000000001,-2.3769584,Low Value Customers
13122.0,94,2,922.39,16.77072727272727,33.54145454545454,34.302063,Low Value Customers
13123.0,473,2,506.75,11.261111111111111,22.522222222222222,22.393402,Low Value Customers
13124.0,90,4,4782.45,16.048489932885907,64.19395973154363,48.136925,Low Value Customers
13125.0,524,1,158.57,7.55095238095238,7.55095238095238,0.6003758,Low Value Customers
13126.0,5,13,3998.25,15.929282868525897,207.08067729083666,204.16077,Low Value Customers
13127.0,78,1,259.17,17.278000000000002,17.278000000000002,18.918243,Low Value Customers
13128.0,631,1,263.5,263.5,263.5,198.15909,Low Value Customers
13129.0,452,2,233.25,21.204545454545453,42.40909090909091,37.880547,Low Value Customers
13130.0,94,1,64.0,32.0,32.0,40.566586,Low Value Customers
13131.0,23,7,3313.77,22.24006711409396,155.68046979865773,171.2168,Low Value Customers
13132.0,262,1,77.3,25.766666666666666,25.766666666666666,27.379038,Low Value Customers
13133.0,274,3,200.45000000000002,16.70416666666667,50.11250000000001,47.51087,Low Value Customers
13134.0,86,6,2475.23,20.456446280991734,122.7386776859504,122.59465,Low Value Customers
13135.0,197,2,3371.45,187.30277777777778,374.60555555555555,568.8314,Low Value Customers
13136.0,56,13,6274.56,19.919238095238097,258.95009523809523,254.93811,Low Value Customers
13137.0,11,16,7712.7,5.352324774462179,85.63719639139487,93.271866,Low Value Customers
13138.0,22,7,1467.24,14.82060606060606,103.74424242424243,99.812256,Low Value Customers
13139.0,16,8,8202.98,30.954641509433962,247.6371320754717,263.48776,Low Value Customers
13140.0,108,5,1215.68,9.964590163934426,49.82295081967213,53.66952,Low Value Customers
13141.0,85,17,7668.58,18.043717647058823,306.7432,331.7204,Low Value Customers
13142.0,19,1,307.09,13.351739130434781,13.351739130434781,14.24651,Low Value Customers
13143.0,585,1,405.1,17.61304347826087,17.61304347826087,19.486341,Low Value Customers
13144.0,333,2,135.35,22.558333333333334,45.11666666666667,39.974144,Low Value Customers
13145.0,40,7,1423.52,142.352,996.464,766.5126,Medium Value Customers
13146.0,26,1,228.91,13.465294117647058,13.465294117647058,14.925092,Low Value Customers
13147.0,10,4,712.8000000000001,178.20000000000002,712.8000000000001,678.63165,Low Value Customers
13148.0,29,26,8621.81,10.872395964691046,282.6822950819672,327.43658,Low Value Customers
13149.0,14,4,1676.06,19.48906976744186,77.95627906976743,76.7255,Low Value Customers
13150.0,484,3,449.96999999999997,56.246249999999996,168.73874999999998,147.14665,Low Value Customers
13151.0,296,3,2580.7400000000002,14.663295454545455,43.989886363636366,48.7088,Low Value Customers
13152.0,417,7,2146.38,15.899111111111113,111.29377777777779,112.43332,Low Value Customers
13153.0,6,1,486.22,32.41466666666667,32.41466666666667,69.18311,Low Value Customers
13154.0,399,3,1624.84,17.471397849462363,52.41419354838709,55.236046,Low Value Customers
13155.0,33,6,1750.18,10.671829268292683,64.0309756097561,69.79532,Low Value Customers
13156.0,385,3,1586.54,15.255192307692308,45.76557692307692,47.351707,Low Value Customers
13157.0,49,9,5687.36,22.658804780876494,203.92924302788845,207.16081,Low Value Customers
13158.0,95,5,1508.18,15.081800000000001,75.409,79.55057,Low Value Customers
13159.0,9,4,1437.85,11.883057851239668,47.53223140495867,50.58818,Low Value Customers
13160.0,22,1,91.8,22.95,22.95,35.431126,Low Value Customers
13161.0,313,2,478.88,14.08470588235294,28.16941176470588,27.658642,Low Value Customers
13162.0,122,16,9275.49,38.972647058823526,623.5623529411764,590.1048,Low Value Customers
13163.0,610,1,17.65,8.825,8.825,2.254375,Low Value Customers
13164.0,569,2,372.2,37.22,74.44,69.53032,Low Value Customers
13165.0,46,3,1451.16,29.615510204081634,88.8465306122449,98.65015,Low Value Customers
13166.0,283,2,884.18,12.814202898550723,25.628405797101447,26.472473,Low Value Customers
13167.0,19,5,1125.15,13.890740740740743,69.45370370370371,71.33732,Low Value Customers
13168.0,36,5,1875.31,10.418388888888888,52.09194444444444,46.974915,Low Value Customers
13169.0,64,3,840.08,46.67111111111112,140.01333333333335,125.391014,Low Value Customers
13170.0,27,1,116.00999999999999,3.6253124999999997,3.6253124999999997,-2.673566,Low Value Customers
13171.0,22,3,468.41,10.182826086956522,30.548478260869565,31.247396,Low Value Customers
13172.0,400,1,69.6,69.6,69.6,68.698555,Low Value Customers
13173.0,4,11,2639.35,10.5574,116.1314,117.609276,Low Value Customers
13174.0,16,12,9494.84,8.387667844522968,100.65201413427562,94.97935,Low Value Customers
13175.0,582,2,831.45,18.075,36.15,37.026714,Low Value Customers
13176.0,46,1,492.84,6.845,6.845,-0.6918833,Low Value Customers
13177.0,65,2,512.2,17.073333333333334,34.14666666666667,31.548336,Low Value Customers
13178.0,26,21,14059.19,20.46461426491994,429.75689956331877,427.97205,Low Value Customers
13179.0,619,1,572.3100000000001,16.832647058823532,16.832647058823532,18.515717,Low Value Customers
13180.0,607,1,86.10000000000001,21.525000000000002,21.525000000000002,21.939632,Low Value Customers
13181.0,381,1,359.69,18.931052631578947,18.931052631578947,23.597988,Low Value Customers
13182.0,45,1,121.18,11.016363636363637,11.016363636363637,9.209056,Low Value Customers
13183.0,8,15,7036.18,45.10371794871795,676.5557692307692,624.10455,Low Value Customers
13184.0,15,10,1701.29,9.39939226519337,93.9939226519337,86.71741,Low Value Customers
13185.0,268,1,71.4,71.4,71.4,70.690735,Low Value Customers
13186.0,40,3,1575.89,19.947974683544306,59.84392405063292,62.33804,Low Value Customers
13187.0,337,4,367.01,5.73453125,22.938125,30.167202,Low Value Customers
13188.0,11,1,114.60000000000001,57.300000000000004,57.300000000000004,101.066826,Low Value Customers
13189.0,19,2,260.68,8.988965517241379,17.977931034482758,15.647242,Low Value Customers
13190.0,544,3,570.66,33.56823529411764,100.70470588235293,89.978836,Low Value Customers
13191.0,658,1,164.69,2.79135593220339,2.79135593220339,-1.4922074,Low Value Customers
13192.0,95,6,2558.58,15.793703703703704,94.76222222222222,97.76944,Low Value Customers
13193.0,61,1,117.88,4.0648275862068965,4.0648275862068965,-2.2129338,Low Value Customers
13194.0,136,2,472.78,47.278,94.556,90.49687,Low Value Customers
13195.0,414,1,172.38,3.315,3.315,-1.4922074,Low Value Customers
13196.0,11,7,3068.84,16.323617021276597,114.26531914893619,120.99755,Low Value Customers
13197.0,610,1,373.01000000000005,19.632105263157897,19.632105263157897,23.597988,Low Value Customers
13198.0,10,8,4974.2300000000005,15.841496815286625,126.731974522293,126.7408,Low Value Customers
13199.0,4,67,16432.89,79.38594202898551,5318.858115942029,4297.557,High Value Customers
13200.0,19,4,870.09,18.915,75.66,73.03046,Low Value Customers
13201.0,502,4,1240.6100000000001,14.09784090909091,56.39136363636364,64.121735,Low Value Customers
13202.0,394,7,1580.3,22.902898550724636,160.32028985507245,147.47998,Low Value Customers
13203.0,10,10,2648.25,15.670118343195266,156.70118343195267,149.05545,Low Value Customers
13204.0,731,1,966.6600000000001,16.958947368421054,16.958947368421054,21.912342,Low Value Customers
13205.0,443,1,2803.2,2803.2,2803.2,2683.9585,High Value Customers
13206.0,400,13,8377.32,14.41879518072289,187.44433734939759,215.4381,Low Value Customers
13207.0,15,4,535.86,41.22,164.88,146.08527,Low Value Customers
13208.0,59,9,1988.5,7.828740157480315,70.45866141732283,81.238525,Low Value Customers
13209.0,30,13,8509.51,23.25002732240437,302.2503551912568,288.34677,Low Value Customers
13210.0,94,1,353.48,16.067272727272726,16.067272727272726,16.202324,Low Value Customers
13211.0,10,10,2729.32,13.249126213592234,132.49126213592234,127.42299,Low Value Customers
13212.0,20,3,788.08,5.549859154929578,16.649577464788734,19.553421,Low Value Customers
13213.0,57,11,3851.52,18.88,207.67999999999998,212.85992,Low Value Customers
13214.0,418,7,3264.23,14.254279475982532,99.77995633187773,106.736305,Low Value Customers
13215.0,402,1,81.6,81.6,81.6,79.26124,Low Value Customers
13216.0,268,1,333.74,66.748,66.748,73.19084,Low Value Customers
13217.0,122,4,666.48,133.296,533.184,594.3353,Low Value Customers
13218.0,127,1,62.63999999999999,12.527999999999999,12.527999999999999,10.372591,Low Value Customers
13219.0,618,1,76.23,6.930000000000001,6.930000000000001,0.12133007,Low Value Customers
13220.0,78,5,1336.0900000000001,25.20924528301887,126.04622641509435,122.06123,Low Value Customers
13221.0,240,2,847.41,12.839545454545455,25.67909090909091,26.472473,Low Value Customers
13222.0,577,1,88.5,88.5,88.5,89.86852,Low Value Customers
13223.0,200,6,969.1200000000001,74.54769230769232,447.28615384615387,413.91687,Low Value Customers
13224.0,60,2,2155.95,19.9625,39.925,37.211468,Low Value Customers
13225.0,3,16,16260.07,130.08056,2081.28896,2388.5598,High Value Customers
13226.0,273,2,312.46,11.159285714285714,22.318571428571428,21.01927,Low Value Customers
13227.0,202,1,257.7,28.633333333333333,28.633333333333333,31.920027,Low Value Customers
13228.0,81,1,358.0,179.0,179.0,207.36198,Low Value Customers
13229.0,226,1,160.95,16.095,16.095,17.66057,Low Value Customers
13230.0,4,30,6360.78,4.750395817774458,142.51187453323374,201.62553,Low Value Customers
13232.0,13,7,1357.6,6.558454106280193,45.90917874396135,52.924038,Low Value Customers
13233.0,74,4,1176.46,15.479736842105263,61.91894736842105,63.09521,Low Value Customers
13234.0,673,2,356.95,5.665873015873015,11.33174603174603,8.69836,Low Value Customers
13235.0,212,1,1031.07,17.77706896551724,17.77706896551724,22.39616,Low Value Customers
13236.0,25,2,744.85,20.69027777777778,41.38055555555556,44.062576,Low Value Customers
13237.0,388,1,643.0,26.791666666666668,26.791666666666668,34.74397,Low Value Customers
13238.0,17,6,1006.63,21.417659574468086,128.5059574468085,117.326324,Low Value Customers
13239.0,262,5,1594.69,17.14720430107527,85.73602150537636,86.09178,Low Value Customers
13240.0,96,8,1738.52,7.526060606060606,60.20848484848485,77.88616,Low Value Customers
13241.0,412,1,115.58,2.751904761904762,2.751904761904762,-1.4922074,Low Value Customers
13242.0,112,7,699.4,19.982857142857142,139.88,124.83476,Low Value Customers
13243.0,203,5,1278.04,5.809272727272727,29.046363636363637,36.62322,Low Value Customers
13244.0,93,1,121.74000000000001,4.508888888888889,4.508888888888889,-1.9045289,Low Value Customers
13245.0,51,2,989.22,21.982666666666667,43.965333333333334,52.305855,Low Value Customers
13246.0,18,11,3387.43,8.937810026385224,98.31591029023745,106.421524,Low Value Customers
13247.0,18,4,501.12,20.0448,80.1792,76.296974,Low Value Customers
13248.0,125,2,465.68,17.91076923076923,35.82153846153846,33.54609,Low Value Customers
13249.0,92,9,1608.93,45.96942857142857,413.72485714285716,342.06406,Low Value Customers
13250.0,461,2,256.04,12.802000000000001,25.604000000000003,24.810741,Low Value Customers
13251.0,402,1,252.68,10.1072,10.1072,7.0996556,Low Value Customers
13252.0,394,2,399.3,21.01578947368421,42.03157894736842,41.586063,Low Value Customers
13253.0,157,4,2951.11,39.34813333333334,157.39253333333335,148.00815,Low Value Customers
13254.0,376,1,51.410000000000004,12.852500000000001,12.852500000000001,12.237051,Low Value Customers
13255.0,9,3,904.46,28.264375,84.793125,91.16096,Low Value Customers
13257.0,436,1,149.75,21.392857142857142,21.392857142857142,22.509687,Low Value Customers
13258.0,12,5,1035.18,22.503913043478263,112.51956521739132,105.09623,Low Value Customers
13259.0,62,9,1433.38,4.424012345679013,39.81611111111111,59.91343,Low Value Customers
13260.0,61,1,557.62,69.7025,69.7025,106.82282,Low Value Customers
13261.0,269,2,944.1,104.9,209.8,224.84335,Low Value Customers
13262.0,263,3,573.45,11.469000000000001,34.407000000000004,35.25203,Low Value Customers
13263.0,1,39,8704.69,4.533692708333334,176.81401562500002,192.32086,Low Value Customers
13264.0,443,1,722.5600000000001,19.014736842105265,19.014736842105265,26.057259,Low Value Customers
13265.0,53,5,2107.66,23.1610989010989,115.8054945054945,122.14126,Low Value Customers
13266.0,11,19,6135.04,19.98384364820847,379.6930293159609,395.70724,Low Value Customers
13267.0,3,36,9758.26,22.906713615023474,824.6416901408451,767.44434,Medium Value Customers
13268.0,18,11,3214.69,7.306113636363636,80.36725,81.69547,Low Value Customers
13269.0,1,28,8891.7,17.819038076152307,498.93306613226457,488.5875,Low Value Customers
13270.0,366,1,1180.0,590.0,590.0,630.3963,Low Value Customers
13271.0,37,1,217.38,2.264375,2.264375,-2.5656073,Low Value Customers
13272.0,31,2,276.56,18.437333333333335,36.87466666666667,34.61009,Low Value Customers
13273.0,113,1,138.98,8.68625,8.68625,1.8420547,Low Value Customers
13274.0,409,1,360.85,18.992105263157896,18.992105263157896,23.597988,Low Value Customers
13275.0,384,2,241.66,4.8332,9.6664,9.404074,Low Value Customers
13276.0,64,5,1939.26,7.788192771084337,38.940963855421685,33.520172,Low Value Customers
13277.0,16,7,523.3,22.752173913043475,159.26521739130433,144.57108,Low Value Customers
13278.0,41,4,1435.85,13.294907407407406,53.17962962962962,54.021507,Low Value Customers
13279.0,78,1,137.75,15.305555555555555,15.305555555555555,14.286175,Low Value Customers
13280.0,122,7,2322.63,11.060142857142857,77.42099999999999,83.57985,Low Value Customers
13281.0,439,1,350.85,15.947727272727274,15.947727272727274,16.905645,Low Value Customers
13282.0,18,4,1313.19,25.748823529411766,102.99529411764706,110.40686,Low Value Customers
13283.0,60,4,373.36,18.668,74.672,64.53879,Low Value Customers
13284.0,331,1,201.19,15.476153846153846,15.476153846153846,14.732541,Low Value Customers
13285.0,23,6,3364.59,14.565324675324677,87.39194805194806,89.366196,Low Value Customers
13286.0,600,1,734.91,14.998163265306122,14.998163265306122,17.07123,Low Value Customers
13287.0,603,3,781.59,14.746981132075472,44.24094339622641,46.81389,Low Value Customers
13288.0,443,5,927.61,92.761,463.80499999999995,418.73322,Low Value Customers
13289.0,724,1,307.95,19.246875,19.246875,22.595541,Low Value Customers
13290.0,438,1,208.63,208.63,208.63,220.49231,Low Value Customers
13291.0,156,11,3320.84,10.124512195121952,111.36963414634147,122.97852,Low Value Customers
13292.0,39,5,994.51,16.856101694915253,84.28050847457627,77.56399,Low Value Customers
13293.0,392,6,1192.94,16.56861111111111,99.41166666666666,105.13541,Low Value Customers
13294.0,190,3,1689.53,16.564019607843136,49.69205882352941,53.687283,Low Value Customers
13295.0,360,4,1101.97,16.44731343283582,65.78925373134328,63.948883,Low Value Customers
13296.0,137,6,792.51,14.953018867924529,89.71811320754718,87.01513,Low Value Customers
13297.0,8,7,4368.62,35.51723577235772,248.62065040650407,296.50793,Low Value Customers
13298.0,1,1,360.0,180.0,180.0,204.80298,Low Value Customers
13299.0,268,3,1218.7,19.656451612903226,58.96935483870968,61.159,Low Value Customers
13300.0,169,3,1285.51,23.37290909090909,70.11872727272727,72.17005,Low Value Customers
13301.0,104,4,618.09,7.630740740740741,30.522962962962964,32.452324,Low Value Customers
13302.0,155,2,159.2,53.06666666666666,106.13333333333333,86.462494,Low Value Customers
13303.0,400,1,61.72,15.43,15.43,14.732541,Low Value Customers
13304.0,351,4,1217.99,15.61525641025641,62.46102564102564,64.58555,Low Value Customers
13305.0,4,16,3754.71,18.226747572815533,291.62796116504853,274.37564,Low Value Customers
13306.0,430,1,53.65,13.4125,13.4125,12.878181,Low Value Customers
13307.0,120,3,273.34,18.222666666666665,54.66799999999999,49.022938,Low Value Customers
13308.0,23,4,1670.3700000000001,23.526338028169015,94.10535211267606,96.936104,Low Value Customers
13309.0,7,6,1706.3700000000001,13.125923076923078,78.75553846153846,77.26208,Low Value Customers
13310.0,28,5,1541.2,16.223157894736843,81.11578947368422,81.76544,Low Value Customers
13311.0,4,2,598.57,23.02192307692308,46.04384615384616,61.94576,Low Value Customers
13312.0,451,1,124.75,24.95,24.95,26.516052,Low Value Customers
13313.0,22,12,3445.32,18.424171122994654,221.09005347593586,218.36528,Low Value Customers
13314.0,2,3,775.94,12.515161290322581,37.54548387096774,37.8496,Low Value Customers
13315.0,689,1,310.26,14.102727272727272,14.102727272727272,14.478793,Low Value Customers
13316.0,37,10,13191.57,75.3804,753.804,814.59235,Medium Value Customers
13317.0,66,19,6486.091,18.854915697674418,358.24339825581393,525.9881,Low Value Customers
13318.0,1,3,640.76,32.038,96.11399999999999,113.07786,Low Value Customers
13319.0,5,58,22082.5,23.123036649214658,1341.13612565445,1309.7769,Medium Value Customers
13320.0,78,6,2228.1,14.854,89.124,97.58075,Low Value Customers
13321.0,72,2,567.36,51.57818181818182,103.15636363636364,113.17797,Low Value Customers
13322.0,17,1,199.48000000000002,7.9792000000000005,7.9792000000000005,-0.83709955,Low Value Customers
13323.0,3,5,787.85,37.516666666666666,187.58333333333331,183.88383,Low Value Customers
13324.0,36,18,10513.47,79.6475,1433.655,1313.6584,Medium Value Customers
13325.0,82,1,675.3,56.275,56.275,94.205414,Low Value Customers
13326.0,432,1,281.76,21.673846153846153,21.673846153846153,25.39488,Low Value Customers
13327.0,39,20,9879.48,28.88736842105263,577.7473684210527,523.21094,Low Value Customers
13328.0,316,1,1308.48,76.96941176470588,76.96941176470588,135.7504,Low Value Customers
13329.0,32,8,5112.97,40.903760000000005,327.23008000000004,332.6662,Low Value Customers
13330.0,93,6,2806.18,23.781186440677963,142.68711864406777,150.3831,Low Value Customers
13331.0,402,1,262.4,21.866666666666664,21.866666666666664,24.79059,Low Value Customers
13332.0,14,1,350.9,16.70952380952381,16.70952380952381,18.696213,Low Value Customers
13333.0,411,3,1015.74,18.468,55.403999999999996,54.92358,Low Value Customers
13334.0,82,5,6263.75,13.049479166666666,65.24739583333333,51.000465,Low Value Customers
13336.0,77,1,795.12,15.590588235294117,15.590588235294117,15.268595,Low Value Customers
13337.0,546,1,1575.26,18.106436781609194,18.106436781609194,14.822862,Low Value Customers
13338.0,158,4,2445.62,19.10640625,76.425625,75.731674,Low Value Customers
13339.0,201,1,860.12,15.928148148148148,15.928148148148148,17.759905,Low Value Customers
13340.0,45,12,22100.56,102.79330232558141,1233.519627906977,1095.1685,Medium Value Customers
13341.0,261,1,775.85,18.472619047619048,18.472619047619048,22.056585,Low Value Customers
13343.0,178,1,353.43,18.60157894736842,18.60157894736842,20.0672,Low Value Customers
13344.0,68,3,2543.72,21.37579831932773,64.12739495798319,66.29556,Low Value Customers
13345.0,288,1,389.5,19.475,19.475,23.597988,Low Value Customers
13346.0,463,6,299.4,49.9,299.4,262.6262,Low Value Customers
13347.0,70,1,341.36,42.67,42.67,52.58412,Low Value Customers
13348.0,64,1,233.76,16.697142857142858,16.697142857142858,17.947618,Low Value Customers
13349.0,11,1,247.32,15.4575,15.4575,14.215637,Low Value Customers
13350.0,16,2,979.12,24.478,48.956,60.32962,Low Value Customers
13351.0,66,1,373.94,23.37125,23.37125,32.3997,Low Value Customers
13352.0,60,1,397.97999999999996,16.5825,16.5825,18.069347,Low Value Customers
13354.0,71,1,743.53,14.579019607843136,14.579019607843136,15.324266,Low Value Customers
13355.0,122,1,674.7,21.084375,21.084375,29.947174,Low Value Customers
13356.0,80,1,768.24,18.291428571428572,18.291428571428572,21.738365,Low Value Customers
13357.0,257,5,3838.36,9.619949874686718,48.09974937343359,25.116703,Low Value Customers
13358.0,269,1,439.03,15.138965517241378,15.138965517241378,14.854271,Low Value Customers
13359.0,64,2,1043.31,18.630535714285713,37.26107142857143,37.076366,Low Value Customers
13360.0,432,4,1553.65,23.540151515151518,94.16060606060607,90.19888,Low Value Customers
13361.0,472,2,1450.5,42.661764705882355,85.32352941176471,85.911736,Low Value Customers
13362.0,9,7,5394.07,18.100906040268455,126.70634228187919,134.87662,Low Value Customers
13363.0,18,3,1723.86,16.900588235294116,50.70176470588235,58.050022,Low Value Customers
13364.0,71,1,134.95999999999998,13.495999999999999,13.495999999999999,12.431815,Low Value Customers
13365.0,34,2,2225.37,17.385703125,34.77140625,27.997675,Low Value Customers
13366.0,50,1,56.160000000000004,56.160000000000004,56.160000000000004,60.868908,Low Value Customers
13367.0,432,1,510.20000000000005,25.51,25.51,34.272793,Low Value Customers
13368.0,257,4,1121.5,21.567307692307693,86.26923076923077,87.47748,Low Value Customers
13369.0,366,1,616.5600000000001,22.020000000000003,22.020000000000003,26.811806,Low Value Customers
13370.0,372,1,1509.74,19.355641025641027,19.355641025641027,14.707501,Low Value Customers
13371.0,505,2,2297.66,24.9745652173913,49.9491304347826,52.64512,Low Value Customers
13372.0,90,1,378.64,16.46260869565217,16.46260869565217,16.202324,Low Value Customers
13373.0,61,6,7587.1900000000005,21.193268156424583,127.1596089385475,70.628426,Low Value Customers
13374.0,415,2,422.8,24.870588235294118,49.741176470588236,47.941833,Low Value Customers
13375.0,89,2,1792.23,25.242676056338027,50.485352112676054,56.908894,Low Value Customers
13376.0,99,3,1019.76,19.240754716981133,57.7222641509434,56.187656,Low Value Customers
13377.0,397,2,1552.88,19.90871794871795,39.8174358974359,38.43949,Low Value Customers
13379.0,26,3,572.56,5.902680412371134,17.708041237113402,19.787357,Low Value Customers
13380.0,433,1,62.4,20.8,20.8,23.143036,Low Value Customers
13381.0,32,12,8224.37,23.102162921348317,277.2259550561798,274.48825,Low Value Customers
13382.0,281,5,1387.58,16.134651162790696,80.67325581395349,84.14918,Low Value Customers
13383.0,544,1,305.28000000000003,305.28000000000003,305.28000000000003,311.20062,Low Value Customers
13384.0,31,11,6680.83,25.30617424242424,278.36791666666664,284.31857,Low Value Customers
13385.0,330,1,534.57,15.273428571428573,15.273428571428573,14.854271,Low Value Customers
13386.0,414,2,835.46,26.950322580645164,53.90064516129033,53.62582,Low Value Customers
13387.0,417,1,189.44,2.595068493150685,2.595068493150685,-1.4922074,Low Value Customers
13388.0,131,3,1185.65,17.183333333333334,51.55,54.530663,Low Value Customers
13389.0,11,3,797.96,15.646274509803922,46.93882352941176,44.816025,Low Value Customers
13390.0,75,1,544.08,41.8523076923077,41.8523076923077,62.703033,Low Value Customers
13391.0,204,1,59.8,59.8,59.8,71.99255,Low Value Customers
13392.0,677,1,91.14,11.3925,11.3925,10.907824,Low Value Customers
13393.0,584,4,1131.45,16.397826086956524,65.5913043478261,70.350945,Low Value Customers
13394.0,2,19,6621.7,16.18997555012225,307.60953545232275,334.62982,Low Value Customers
13395.0,185,3,1180.23,14.57074074074074,43.71222222222222,48.784958,Low Value Customers
13396.0,29,2,1360.99,31.65093023255814,63.30186046511628,82.7239,Low Value Customers
13397.0,73,10,3191.87,35.863707865168536,358.63707865168533,317.27487,Low Value Customers
13398.0,192,2,670.34,17.18820512820513,34.37641025641026,33.567142,Low Value Customers
13399.0,464,3,275.4,18.36,55.08,49.312267,Low Value Customers
13400.0,583,1,310.83,13.514347826086956,13.514347826086956,12.878181,Low Value Customers
13402.0,127,4,1535.13,15.990937500000001,63.963750000000005,67.0382,Low Value Customers
13403.0,18,3,229.5,25.5,76.5,70.13004,Low Value Customers
13404.0,1,2,252.49,22.953636363636363,45.907272727272726,57.75148,Low Value Customers
13405.0,74,6,1213.811,28.228162790697674,169.36897674418606,145.6896,Low Value Customers
13406.0,427,2,568.92,63.21333333333333,126.42666666666666,129.11273,Low Value Customers
13407.0,579,3,2244.7,26.408235294117645,79.22470588235294,81.80593,Low Value Customers
13408.0,2,106,51733.462,61.58745476190476,6528.270204761904,6565.8496,Premium Customers
13410.0,24,9,2201.96,44.0392,396.3528,359.30374,Low Value Customers
13411.0,107,1,213.55,11.863888888888889,11.863888888888889,10.495503,Low Value Customers
13412.0,620,1,487.34999999999997,14.333823529411763,14.333823529411763,14.600523,Low Value Customers
13413.0,640,6,429.44,9.986976744186046,59.92186046511628,66.98552,Low Value Customers
13414.0,134,6,2494.14,45.348,272.08799999999997,270.72534,Low Value Customers
13415.0,473,4,800.67,7.6987499999999995,30.794999999999998,35.895836,Low Value Customers
13416.0,44,3,940.8000000000001,36.184615384615384,108.55384615384615,109.32894,Low Value Customers
13417.0,5,6,1669.49,21.681688311688312,130.09012987012989,131.46484,Low Value Customers
13418.0,12,31,12233.6,21.729307282415633,673.6085257548846,664.5611,Low Value Customers
13419.0,64,1,221.06,13.81625,13.81625,14.032427,Low Value Customers
13420.0,150,2,159.85,19.98125,39.9625,39.01257,Low Value Customers
13421.0,40,8,4103.12,15.084999999999999,120.67999999999999,134.77019,Low Value Customers
13422.0,64,1,2626.3,20.67952755905512,20.67952755905512,23.752747,Low Value Customers
13423.0,429,1,217.03,18.085833333333333,18.085833333333333,20.357695,Low Value Customers
13424.0,450,1,572.77,14.31925,14.31925,14.600523,Low Value Customers
13425.0,108,5,3403.63,19.121516853932587,95.60758426966294,100.59683,Low Value Customers
13426.0,1,22,8167.38,23.811603498542276,523.8552769679301,502.83698,Low Value Customers
13427.0,19,6,1006.53,19.356346153846154,116.13807692307692,104.06122,Low Value Customers
13428.0,10,3,499.98,3.4720833333333334,10.41625,13.93496,Low Value Customers
13429.0,11,4,1006.8,15.02686567164179,60.10746268656716,58.715923,Low Value Customers
13430.0,19,2,679.45,13.866326530612247,27.732653061224493,30.729486,Low Value Customers
13431.0,67,8,3316.24,25.707286821705424,205.6582945736434,203.48239,Low Value Customers
13432.0,571,2,439.1,3.955855855855856,7.911711711711712,8.883166,Low Value Customers
13433.0,501,4,658.3199999999999,27.429999999999996,109.71999999999998,94.07423,Low Value Customers
13434.0,74,5,1666.8600000000001,47.624571428571436,238.12285714285719,185.5109,Low Value Customers
13435.0,5,9,4475.2300000000005,29.44230263157895,264.98072368421055,274.23178,Low Value Customers
13436.0,2,1,196.89,16.4075,16.4075,18.021975,Low Value Customers
13437.0,14,7,3408.06,20.40754491017964,142.8528143712575,147.14656,Low Value Customers
13438.0,547,1,46.5,46.5,46.5,48.008137,Low Value Customers
13439.0,255,3,986.61,5.907844311377246,17.723532934131736,19.449593,Low Value Customers
13440.0,423,7,1295.25,21.953389830508474,153.6737288135593,142.11635,Low Value Customers
13441.0,92,2,720.9,18.971052631578946,37.94210526315789,38.96658,Low Value Customers
13442.0,667,3,419.87,11.04921052631579,33.14763157894737,33.13168,Low Value Customers
13443.0,449,6,1280.16,6.275294117647059,37.65176470588236,55.372364,Low Value Customers
13444.0,374,2,631.6800000000001,10.891034482758622,21.782068965517244,21.428507,Low Value Customers
13445.0,626,1,241.89999999999998,34.55714285714286,34.55714285714286,38.37263,Low Value Customers
13446.0,430,11,3881.89,20.218177083333334,222.39994791666666,227.14023,Low Value Customers
13447.0,23,3,1129.14,19.137966101694918,57.41389830508476,64.24216,Low Value Customers
13448.0,17,13,9240.87,16.560698924731184,215.2890860215054,210.25551,Low Value Customers
13449.0,24,1,291.88,15.362105263157895,15.362105263157895,16.706299,Low Value Customers
13450.0,27,13,4120.04,28.027482993197278,364.3572789115646,325.89258,Low Value Customers
13451.0,26,11,7190.92,6.9010748560460655,75.91182341650672,68.23841,Low Value Customers
13452.0,259,3,729.8,243.26666666666665,729.8,576.1748,Low Value Customers
13453.0,166,3,781.6899999999999,19.54225,58.62675,55.292156,Low Value Customers
13454.0,641,1,219.87,9.559565217391304,9.559565217391304,5.0021243,Low Value Customers
13455.0,25,6,2905.93,20.18006944444444,121.08041666666665,127.57171,Low Value Customers
13456.0,18,6,1766.72,28.043174603174602,168.2590476190476,153.50023,Low Value Customers
13457.0,689,2,148.22,16.468888888888888,32.937777777777775,29.844486,Low Value Customers
13458.0,7,16,11959.27,24.658288659793815,394.53261855670104,431.41763,Low Value Customers
13459.0,625,2,1160.4099999999999,15.896027397260273,31.792054794520546,38.33666,Low Value Customers
13460.0,29,2,183.44,10.790588235294118,21.581176470588236,22.046326,Low Value Customers
13461.0,39,6,4160.0,67.09677419354838,402.5806451612903,436.52124,Low Value Customers
13462.0,253,5,1153.85,16.251408450704226,81.25704225352112,84.7682,Low Value Customers
13464.0,58,6,3097.64,20.514172185430464,123.08503311258278,124.76183,Low Value Customers
13465.0,446,2,931.12,27.385882352941177,54.771764705882354,54.8055,Low Value Customers
13466.0,184,5,1013.35,18.424545454545456,92.12272727272727,84.650604,Low Value Customers
13467.0,11,2,1083.71,10.946565656565657,21.893131313131313,20.8518,Low Value Customers
13468.0,2,72,13390.51,18.39355769230769,1324.3361538461538,1310.3723,Medium Value Customers
13469.0,653,1,82.4,13.733333333333334,13.733333333333334,14.478793,Low Value Customers
13470.0,99,2,165.0,16.5,33.0,29.681326,Low Value Customers
13471.0,1,4,2531.58,9.736846153846153,38.947384615384614,29.948366,Low Value Customers
13472.0,464,2,592.24,21.15142857142857,42.30285714285714,41.749683,Low Value Customers
13473.0,61,8,2657.7599999999998,37.967999999999996,303.74399999999997,297.15396,Low Value Customers
13474.0,236,3,663.79,5.106076923076923,15.31823076923077,20.582205,Low Value Customers
13475.0,191,4,1431.78,16.648604651162792,66.59441860465117,68.810715,Low Value Customers
13476.0,179,5,2061.4700000000003,19.447830188679248,97.23915094339624,100.326065,Low Value Customers
13477.0,38,11,2834.17,17.937784810126583,197.3156329113924,203.07225,Low Value Customers
13478.0,469,5,2215.78,17.72624,88.6312,107.26277,Low Value Customers
13479.0,201,4,851.37,16.063584905660377,64.25433962264151,62.769203,Low Value Customers
13480.0,417,2,627.82,15.31268292682927,30.62536585365854,28.818829,Low Value Customers
13481.0,46,11,3830.84,17.101964285714285,188.12160714285713,190.98256,Low Value Customers
13482.0,232,2,336.09,16.804499999999997,33.608999999999995,31.912325,Low Value Customers
13483.0,66,1,140.34,14.034,14.034,14.032427,Low Value Customers
13484.0,241,3,790.72,20.274871794871796,60.824615384615385,56.994793,Low Value Customers
13485.0,233,11,3019.2200000000003,19.108987341772153,210.19886075949367,221.18237,Low Value Customers
13486.0,78,3,1122.41,16.2668115942029,48.8004347826087,53.283466,Low Value Customers
13487.0,58,5,846.87,17.283061224489796,86.41530612244898,77.12711,Low Value Customers
13488.0,17,23,15587.88,21.530220994475137,495.19508287292814,517.70233,Low Value Customers
13489.0,105,4,449.52,32.10857142857143,128.43428571428572,115.72019,Low Value Customers
13490.0,654,1,154.25,19.28125,19.28125,22.595541,Low Value Customers
13491.0,52,27,4566.56,17.039402985074627,460.06388059701493,433.15964,Low Value Customers
13492.0,136,3,1269.84,25.3968,76.1904,77.09783,Low Value Customers
13493.0,275,2,618.63,77.32875,154.6575,166.26796,Low Value Customers
13494.0,312,1,316.26000000000005,17.570000000000004,17.570000000000004,19.364613,Low Value Customers
13495.0,8,10,5374.26,36.5595918367347,365.59591836734694,403.42206,Low Value Customers
13496.0,11,2,653.33,18.66657142857143,37.33314285714286,37.887867,Low Value Customers
13497.0,283,6,1320.33,19.70641791044776,118.23850746268657,110.147026,Low Value Customers
13498.0,730,1,327.38,19.25764705882353,19.25764705882353,22.595541,Low Value Customers
13499.0,18,5,1159.11,27.59785714285714,137.9892857142857,134.76868,Low Value Customers
13500.0,23,4,1466.3,17.250588235294117,69.00235294117647,69.968735,Low Value Customers
13501.0,288,3,2885.11,25.30798245614035,75.92394736842105,79.62786,Low Value Customers
13502.0,17,5,780.5,23.651515151515152,118.25757575757576,110.51612,Low Value Customers
13503.0,71,6,1905.39,9.623181818181818,57.739090909090905,61.916744,Low Value Customers
13504.0,64,1,295.93,13.451363636363636,13.451363636363636,12.431815,Low Value Customers
13505.0,73,4,4393.63,20.435488372093022,81.74195348837209,72.951935,Low Value Customers
13506.0,316,5,1639.2,16.726530612244897,83.63265306122449,86.09178,Low Value Customers
13507.0,3,4,2479.16,15.303456790123455,61.21382716049382,58.238262,Low Value Customers
13508.0,244,2,287.05,10.251785714285715,20.50357142857143,18.2493,Low Value Customers
13509.0,9,8,1114.72,22.749387755102042,181.99510204081633,175.38795,Low Value Customers
13510.0,1,11,4558.29,15.772629757785467,173.49892733564013,181.89716,Low Value Customers
13511.0,677,1,282.76,56.552,56.552,50.827766,Low Value Customers
13512.0,261,4,713.39,18.292051282051283,73.16820512820513,67.35685,Low Value Customers
13513.0,127,3,824.59,20.61475,61.84425,57.5546,Low Value Customers
13514.0,74,4,815.9000000000001,38.852380952380955,155.40952380952382,136.63109,Low Value Customers
13515.0,73,6,1265.82,16.655526315789473,99.93315789473684,100.34608,Low Value Customers
13516.0,21,4,1685.26,27.6272131147541,110.5088524590164,115.862946,Low Value Customers
13517.0,60,3,2128.42,15.09517730496454,45.285531914893625,43.403076,Low Value Customers
13518.0,86,1,659.4399999999999,17.353684210526314,17.353684210526314,19.932308,Low Value Customers
13519.0,78,2,343.21,18.063684210526315,36.12736842105263,33.390316,Low Value Customers
13520.0,59,11,6909.4,33.70439024390244,370.74829268292683,398.0791,Low Value Customers
13521.0,1,3,1093.65,2.508371559633028,7.525114678899083,8.614406,Low Value Customers
13522.0,30,1,125.80000000000001,25.160000000000004,25.160000000000004,35.155464,Low Value Customers
13523.0,33,6,5101.52,22.084502164502165,132.50701298701298,144.67654,Low Value Customers
13524.0,41,5,680.1800000000001,25.191851851851855,125.95925925925927,111.98059,Low Value Customers
13525.0,15,2,628.78,104.79666666666667,209.59333333333333,255.42192,Low Value Customers
13526.0,738,2,1182.0,26.863636363636363,53.72727272727273,56.17183,Low Value Customers
13527.0,34,12,4683.74,10.248884026258205,122.98660831509847,123.647026,Low Value Customers
13529.0,79,2,307.76,20.517333333333333,41.034666666666666,38.694355,Low Value Customers
13530.0,634,1,402.97999999999996,22.387777777777774,22.387777777777774,27.016031,Low Value Customers
13531.0,205,6,1738.52,19.31688888888889,115.90133333333334,113.91712,Low Value Customers
13532.0,34,1,210.31,3.1865151515151515,3.1865151515151515,-2.5656073,Low Value Customers
13533.0,183,3,270.79,3.563026315789474,10.689078947368422,20.582306,Low Value Customers
13534.0,2,35,7720.9,19.696173469387755,689.3660714285714,547.86456,Low Value Customers
13535.0,403,1,89.5,89.5,89.5,87.42869,Low Value Customers
13536.0,1,7,3448.29,19.264189944134078,134.84932960893855,139.34322,Low Value Customers
13537.0,426,2,717.85,17.09166666666667,34.18333333333334,35.058468,Low Value Customers
13538.0,43,12,3112.73,21.616180555555555,259.39416666666665,253.7499,Low Value Customers
13539.0,86,7,1569.3600000000001,18.248372093023256,127.7386046511628,116.65508,Low Value Customers
13540.0,467,3,632.39,19.7621875,59.2865625,54.300552,Low Value Customers
13541.0,427,2,785.25,78.525,157.05,181.9491,Low Value Customers
13542.0,377,17,4006.17,11.887744807121662,202.09166172106825,178.87683,Low Value Customers
13543.0,634,2,1439.6100000000001,30.630000000000003,61.260000000000005,75.997734,Low Value Customers
13544.0,40,6,829.0,3.2131782945736433,19.27906976744186,40.02877,Low Value Customers
13545.0,391,2,374.64,6.572631578947369,13.145263157894737,10.9075985,Low Value Customers
13546.0,12,5,1092.14,7.138169934640524,35.69084967320262,33.526733,Low Value Customers
13547.0,408,1,175.53,3.7346808510638296,3.7346808510638296,-1.4922074,Low Value Customers
13548.0,96,3,908.99,4.860909090909091,14.582727272727274,17.39741,Low Value Customers
13549.0,26,8,1005.8,17.047457627118643,136.37966101694914,126.29674,Low Value Customers
13550.0,383,1,349.51,7.943409090909091,7.943409090909091,0.38615853,Low Value Customers
13551.0,319,2,244.2,48.839999999999996,97.67999999999999,81.021385,Low Value Customers
13552.0,66,22,6978.92,33.5525,738.1550000000001,827.5116,Medium Value Customers
13553.0,675,1,517.8,5.508510638297872,5.508510638297872,-2.3769584,Low Value Customers
13554.0,380,7,1638.28,8.232562814070352,57.62793969849247,67.75047,Low Value Customers
13555.0,74,13,8999.19,22.111031941031943,287.44341523341524,565.4465,Low Value Customers
13556.0,429,2,200.82,22.313333333333333,44.626666666666665,39.974144,Low Value Customers
13557.0,28,13,3032.26,16.84588888888889,218.99655555555557,213.7415,Low Value Customers
13558.0,6,4,605.06,3.457485714285714,13.829942857142855,21.265759,Low Value Customers
13559.0,513,2,990.0,495.0,990.0,1049.9053,Medium Value Customers
13560.0,7,1,174.37,5.283939393939394,5.283939393939394,-6.0984893,Low Value Customers
13561.0,216,11,1820.72,7.814248927038626,85.9567381974249,101.036606,Low Value Customers
13562.0,82,8,4838.18,24.684591836734697,197.47673469387757,188.91946,Low Value Customers
13563.0,84,2,777.53,15.867959183673468,31.735918367346937,28.966679,Low Value Customers
13564.0,144,37,17249.55,13.571636506687646,502.15055074744294,520.38855,Low Value Customers
13565.0,19,3,414.8,6.913333333333333,20.74,21.723354,Low Value Customers
13566.0,41,5,1708.1200000000001,4.56716577540107,22.835828877005348,25.467964,Low Value Customers
13567.0,428,4,1083.69,5.338374384236453,21.353497536945813,29.952362,Low Value Customers
13568.0,173,1,192.85,4.382954545454545,4.382954545454545,-1.6203562,Low Value Customers
13569.0,17,4,893.78,4.176542056074767,16.706168224299066,23.055603,Low Value Customers
13570.0,243,1,239.49,8.870000000000001,8.870000000000001,2.254375,Low Value Customers
13571.0,13,26,4546.54,6.7256508875739645,174.8669230769231,182.36203,Low Value Customers
13572.0,206,1,1384.25,41.946969696969695,41.946969696969695,57.949047,Low Value Customers
13573.0,50,6,916.47,10.297415730337079,61.78449438202247,61.63095,Low Value Customers
13574.0,411,1,421.25,4.089805825242719,4.089805825242719,-2.4806616,Low Value Customers
13575.0,23,5,732.0699999999999,15.914565217391303,79.57282608695651,76.06971,Low Value Customers
13576.0,10,28,11551.74,41.40408602150538,1159.3144086021507,1228.7272,Medium Value Customers
13577.0,25,11,3489.28,20.76952380952381,228.46476190476193,225.06822,Low Value Customers
13578.0,409,1,147.66,16.406666666666666,16.406666666666666,16.614649,Low Value Customers
13579.0,15,5,1539.04,17.100444444444445,85.50222222222223,82.5777,Low Value Customers
13580.0,406,1,107.75,21.55,21.55,22.49666,Low Value Customers
13581.0,309,2,280.53000000000003,8.500909090909092,17.001818181818184,11.749999,Low Value Customers
13582.0,390,2,241.68,21.970909090909092,43.941818181818185,39.974144,Low Value Customers
13583.0,156,2,1445.031,15.052406249999999,30.104812499999998,25.35497,Low Value Customers
13584.0,307,3,392.45,4.728313253012048,14.184939759036144,21.06295,Low Value Customers
13585.0,531,3,684.54,17.552307692307693,52.65692307692308,51.90378,Low Value Customers
13586.0,541,1,131.53,6.263333333333334,6.263333333333334,-0.24202144,Low Value Customers
13587.0,64,4,1673.5,55.78333333333333,223.13333333333333,208.06526,Low Value Customers
13588.0,16,9,2478.95,14.246839080459768,128.22155172413792,127.32169,Low Value Customers
13589.0,15,6,1120.74,21.552692307692308,129.31615384615384,121.35505,Low Value Customers
13590.0,11,18,6349.59,15.486804878048781,278.76248780487805,305.48138,Low Value Customers
13591.0,65,7,2093.94,20.732079207920794,145.12455445544555,136.95282,Low Value Customers
13592.0,36,4,247.95999999999998,15.497499999999999,61.989999999999995,57.389347,Low Value Customers
13593.0,108,14,5523.6900000000005,13.472414634146343,188.6138048780488,192.35928,Low Value Customers
13594.0,53,2,533.32,16.161212121212124,32.32242424242425,29.769009,Low Value Customers
13595.0,517,3,818.22,5.383026315789474,16.149078947368423,20.504524,Low Value Customers
13596.0,6,2,697.04,4.199036144578313,8.398072289156627,2.511861,Low Value Customers
13597.0,400,2,396.71,23.335882352941177,46.67176470588235,45.614563,Low Value Customers
13598.0,47,5,789.59,7.975656565656566,39.87828282828283,37.79048,Low Value Customers
13599.0,1,33,10167.630000000001,24.79909756097561,818.3702195121951,782.08386,Medium Value Customers
13600.0,312,2,518.42,12.644390243902437,25.288780487804875,23.480337,Low Value Customers
13601.0,45,4,1185.14,6.077641025641026,24.310564102564104,28.57249,Low Value Customers
13602.0,65,4,1025.17,17.67534482758621,70.70137931034483,65.21298,Low Value Customers
13603.0,26,1,164.34,6.086666666666667,6.086666666666667,-2.1233382,Low Value Customers
13604.0,659,1,717.62,34.172380952380955,34.172380952380955,44.69437,Low Value Customers
13605.0,387,2,522.67,9.861698113207547,19.723396226415094,18.371029,Low Value Customers
13606.0,29,3,280.53999999999996,6.524186046511627,19.57255813953488,21.708078,Low Value Customers
13607.0,40,2,1078.31,8.838606557377048,17.677213114754096,13.691063,Low Value Customers
13608.0,541,1,236.2,6.561111111111111,6.561111111111111,-0.24202144,Low Value Customers
13609.0,593,1,167.35,23.907142857142855,23.907142857142855,26.581228,Low Value Customers
13610.0,12,14,2175.88,5.23048076923077,73.22673076923078,82.34374,Low Value Customers
13611.0,89,10,3319.53,14.495764192139738,144.9576419213974,148.83572,Low Value Customers
13612.0,633,1,818.29,16.3658,16.3658,18.953321,Low Value Customers
13613.0,453,5,1039.8500000000001,17.62457627118644,88.12288135593221,84.86161,Low Value Customers
13614.0,24,6,2359.19,8.70549815498155,52.2329889298893,58.968864,Low Value Customers
13615.0,319,8,6272.53,17.091362397820163,136.7308991825613,153.40797,Low Value Customers
13616.0,568,2,288.1,7.786486486486487,15.572972972972973,11.749999,Low Value Customers
13617.0,40,8,1278.75,11.950934579439252,95.60747663551402,94.5259,Low Value Customers
13618.0,174,1,177.34,13.641538461538461,13.641538461538461,12.750033,Low Value Customers
13619.0,545,2,231.69,4.728367346938775,9.45673469387755,9.404074,Low Value Customers
13620.0,528,1,112.34,22.468,22.468,23.898956,Low Value Customers
13621.0,117,1,213.85,11.255263157894737,11.255263157894737,10.495503,Low Value Customers
13622.0,696,1,658.95,20.5921875,20.5921875,27.585484,Low Value Customers
13623.0,31,10,2566.49,8.789349315068492,87.89349315068492,91.64591,Low Value Customers
13624.0,388,1,462.08,21.003636363636364,21.003636363636364,26.215204,Low Value Customers
13625.0,597,1,301.26,14.345714285714285,14.345714285714285,14.478793,Low Value Customers
13626.0,253,2,707.04,16.069090909090907,32.13818181818181,31.794727,Low Value Customers
13627.0,59,7,2245.9,17.410077519379847,121.87054263565892,123.56681,Low Value Customers
13628.0,676,1,310.14,19.38375,19.38375,22.595541,Low Value Customers
13629.0,23,19,13370.86,153.6880459770115,2920.0728735632188,3040.754,High Value Customers
13630.0,5,7,2031.78,28.61661971830986,200.316338028169,193.3767,Low Value Customers
13631.0,100,11,3070.42,279.1290909090909,3070.42,3023.8894,High Value Customers
13632.0,25,8,3648.15,16.507466063348417,132.05972850678734,137.22885,Low Value Customers
13634.0,33,16,5073.47,11.274377777777778,180.39004444444444,194.59695,Low Value Customers
13635.0,68,4,2999.16,18.513333333333332,74.05333333333333,68.9231,Low Value Customers
13636.0,37,5,949.12,15.065396825396826,75.32698412698413,71.73911,Low Value Customers
13637.0,52,3,810.5,8.024752475247524,24.074257425742573,24.18865,Low Value Customers
13638.0,16,1,122.64,15.33,15.33,16.189156,Low Value Customers
13639.0,74,2,1346.27,22.81813559322034,45.63627118644068,52.99001,Low Value Customers
13640.0,611,1,405.0,101.25,101.25,109.15096,Low Value Customers
13641.0,641,5,1016.47,23.10159090909091,115.50795454545454,107.87881,Low Value Customers
13642.0,216,4,514.72,4.515087719298246,18.060350877192985,28.01781,Low Value Customers
13643.0,31,10,2156.77,21.144803921568627,211.44803921568626,190.1783,Low Value Customers
13644.0,16,4,2624.26,17.974383561643837,71.89753424657535,80.601845,Low Value Customers
13645.0,120,1,252.1,50.42,50.42,60.688427,Low Value Customers
13646.0,400,2,326.25,5.625,11.25,8.98687,Low Value Customers
13647.0,10,8,3071.68,21.940571428571428,175.52457142857142,192.79364,Low Value Customers
13648.0,400,8,1764.02,16.641698113207546,133.13358490566037,129.19916,Low Value Customers
13649.0,257,6,1678.88,13.324444444444445,79.94666666666667,82.281715,Low Value Customers
13650.0,17,10,3288.0,19.11627906976744,191.1627906976744,192.10788,Low Value Customers
13651.0,35,3,226.85,16.20357142857143,48.61071428571429,45.97237,Low Value Customers
13652.0,46,5,2570.85,16.1688679245283,80.8443396226415,89.57955,Low Value Customers
13653.0,488,1,152.2,16.91111111111111,16.91111111111111,18.393988,Low Value Customers
13654.0,43,11,6308.0,19.173252279635257,210.90577507598783,231.3045,Low Value Customers
13655.0,114,6,2280.51,19.163949579831936,114.98369747899162,122.531944,Low Value Customers
13656.0,165,4,1078.85,12.400574712643676,49.602298850574705,48.62499,Low Value Customers
13657.0,11,2,382.14,23.88375,47.7675,52.781998,Low Value Customers
13658.0,10,9,6025.5,25.424050632911392,228.81645569620252,259.72632,Low Value Customers
13659.0,206,12,4894.88,17.799563636363636,213.59476363636364,223.45088,Low Value Customers
13660.0,400,1,314.59,7.672926829268292,7.672926829268292,0.38615853,Low Value Customers
13661.0,603,1,325.24,19.131764705882354,19.131764705882354,22.595541,Low Value Customers
13662.0,86,11,2250.11,16.424160583941607,180.66576642335767,183.34679,Low Value Customers
13663.0,179,5,2047.51,20.681919191919192,103.40959595959596,106.25593,Low Value Customers
13665.0,386,3,1711.6599999999999,16.147735849056602,48.443207547169806,53.538128,Low Value Customers
13666.0,60,5,127.89999999999999,6.731578947368421,33.6578947368421,37.345726,Low Value Customers
13667.0,149,1,305.02,3.505977011494253,3.505977011494253,-2.299693,Low Value Customers
13668.0,3,35,13089.94,16.99992207792208,594.9972727272727,595.168,Low Value Customers
13669.0,51,3,413.55,29.539285714285715,88.61785714285715,79.83517,Low Value Customers
13670.0,75,1,349.7,13.988,13.988,14.032427,Low Value Customers
13671.0,395,1,194.95,2.5651315789473683,2.5651315789473683,-1.4922074,Low Value Customers
13672.0,301,3,419.92,23.32888888888889,69.98666666666668,61.377434,Low Value Customers
13673.0,19,2,396.92,6.106461538461539,12.212923076923078,8.517119,Low Value Customers
13674.0,433,1,240.68,17.19142857142857,17.19142857142857,18.393988,Low Value Customers
13675.0,151,2,486.82000000000005,19.472800000000003,38.945600000000006,37.59013,Low Value Customers
13676.0,539,2,243.9,18.76153846153846,37.52307692307692,33.42949,Low Value Customers
13677.0,405,2,556.1899999999999,5.19803738317757,10.39607476635514,8.473246,Low Value Customers
13678.0,152,1,232.6,14.5375,14.5375,14.660066,Low Value Customers
13679.0,494,3,281.26,5.6251999999999995,16.8756,20.859962,Low Value Customers
13680.0,1,12,11435.67,17.539371165644173,210.4724539877301,200.02336,Low Value Customers
13681.0,18,4,827.83,14.523333333333333,58.093333333333334,59.265114,Low Value Customers
13682.0,187,1,59.5,19.833333333333332,19.833333333333332,25.014008,Low Value Customers
13683.0,458,1,258.6,25.860000000000003,25.860000000000003,27.894339,Low Value Customers
13684.0,286,4,596.98,5.476880733944954,21.907522935779816,29.952494,Low Value Customers
13685.0,3,7,3119.44,79.98564102564103,559.8994871794872,607.1492,Low Value Customers
13686.0,183,3,409.04,12.030588235294118,36.091764705882355,35.882427,Low Value Customers
13687.0,438,1,11880.84,264.01866666666666,264.01866666666666,260.33038,Low Value Customers
13688.0,635,1,375.5,75.1,75.1,84.09986,Low Value Customers
13689.0,63,2,1259.5,139.94444444444446,279.8888888888889,329.427,Low Value Customers
13690.0,59,1,172.25,19.13888888888889,19.13888888888889,22.149172,Low Value Customers
13691.0,396,1,212.78,3.9403703703703705,3.9403703703703705,-1.4922074,Low Value Customers
13692.0,25,5,3114.4,32.44166666666667,162.20833333333334,193.34583,Low Value Customers
13693.0,374,9,2011.82,18.97943396226415,170.81490566037735,163.20381,Low Value Customers
13694.0,4,143,196482.81,128.8411868852459,18424.289724590162,18414.955,Premium Customers
13695.0,31,16,2770.73,28.861770833333335,461.78833333333336,388.3841,Low Value Customers
13696.0,422,3,2020.4,84.18333333333334,252.55,235.93115,Low Value Customers
13697.0,39,1,151.29999999999998,12.608333333333333,12.608333333333333,11.097852,Low Value Customers
13698.0,597,2,465.53000000000003,11.638250000000001,23.276500000000002,22.972853,Low Value Customers
13699.0,155,2,764.15,20.6527027027027,41.3054054054054,41.79736,Low Value Customers
13700.0,26,13,2613.46,10.754979423868313,139.81473251028808,141.5461,Low Value Customers
13701.0,447,1,161.0,17.88888888888889,17.88888888888889,20.357695,Low Value Customers
13702.0,446,1,135.18,27.036,27.036,27.894339,Low Value Customers
13703.0,318,2,425.56,11.501621621621622,23.003243243243244,22.972853,Low Value Customers
13704.0,5,9,2308.06,17.224328358208954,155.0189552238806,148.80992,Low Value Customers
13705.0,8,7,2035.33,24.23011904761905,169.61083333333335,171.20961,Low Value Customers
13706.0,303,2,631.17,16.609736842105264,33.21947368421053,32.884556,Low Value Customers
13707.0,267,5,3365.86,21.715225806451613,108.57612903225807,114.04119,Low Value Customers
13708.0,271,1,296.88,5.821176470588235,5.821176470588235,-2.3769584,Low Value Customers
13709.0,4,18,7591.75,18.60723039215686,334.9301470588235,356.96198,Low Value Customers
13710.0,32,3,509.52,33.967999999999996,101.904,96.81603,Low Value Customers
13711.0,219,9,1792.26,19.48108695652174,175.32978260869567,152.92183,Low Value Customers
13712.0,247,2,766.42,23.224848484848483,46.449696969696966,48.072613,Low Value Customers
13713.0,408,3,743.26,9.064146341463415,27.192439024390247,30.560535,Low Value Customers
13714.0,465,1,161.35,5.378333333333333,5.378333333333333,-1.9990451,Low Value Customers
13715.0,281,17,8483.29,15.886310861423222,270.0672846441948,295.87936,Low Value Customers
13716.0,269,1,138.28,6.584761904761905,6.584761904761905,-0.24202144,Low Value Customers
13717.0,32,8,1763.3,14.220161290322581,113.76129032258065,111.09258,Low Value Customers
13718.0,246,2,306.55,25.545833333333334,51.09166666666667,45.70006,Low Value Customers
13719.0,15,11,2815.25,11.216135458167331,123.37749003984064,132.81732,Low Value Customers
13720.0,117,4,799.9,18.60232558139535,74.4093023255814,67.66284,Low Value Customers
13721.0,36,2,741.54,17.655714285714286,35.31142857142857,34.783115,Low Value Customers
13722.0,132,10,5635.41,29.816984126984128,298.1698412698413,314.68518,Low Value Customers
13723.0,217,6,1209.2,20.494915254237288,122.96949152542373,116.31733,Low Value Customers
13724.0,637,1,213.01,5.071666666666666,5.071666666666666,-1.9597542,Low Value Customers
13725.0,50,8,1980.56,19.043846153846154,152.35076923076923,149.3541,Low Value Customers
13726.0,39,2,1079.6599999999999,25.70619047619047,51.41238095238094,65.66734,Low Value Customers
13727.0,29,8,1080.05,12.857738095238094,102.86190476190475,102.277725,Low Value Customers
13728.0,37,16,2855.17,17.409573170731708,278.5531707317073,263.0949,Low Value Customers
13729.0,436,3,724.73,18.582820512820515,55.74846153846154,53.7439,Low Value Customers
13730.0,136,2,752.6,17.50232558139535,35.0046511627907,34.38171,Low Value Customers
13731.0,219,2,610.59,16.068157894736842,32.136315789473684,29.620893,Low Value Customers
13732.0,28,1,491.86,14.904848484848486,14.904848484848486,16.901178,Low Value Customers
13733.0,411,2,487.03000000000003,16.794137931034484,33.58827586206897,32.03405,Low Value Customers
13734.0,509,4,6701.640000000001,239.34428571428575,957.377142857143,929.3264,Medium Value Customers
13735.0,25,13,9813.22,14.959176829268293,194.4692987804878,208.77219,Low Value Customers
13736.0,5,7,2766.21,4.966265709156194,34.763859964093356,32.155563,Low Value Customers
13737.0,200,1,339.59999999999997,11.319999999999999,11.319999999999999,10.7796755,Low Value Customers
13738.0,396,1,440.93,4.792717391304348,4.792717391304348,-2.1739717,Low Value Customers
13739.0,18,2,292.2,48.699999999999996,97.39999999999999,112.14097,Low Value Customers
13740.0,241,5,1597.77,16.818631578947368,84.09315789473683,86.09178,Low Value Customers
13741.0,72,3,668.4300000000001,19.65970588235294,58.97911764705883,54.96703,Low Value Customers
13742.0,17,12,3131.02,9.753956386292835,117.04747663551402,121.86369,Low Value Customers
13743.0,3,7,1341.6,32.72195121951219,229.05365853658535,216.89346,Low Value Customers
13744.0,95,2,1156.36,16.060555555555553,32.121111111111105,37.228004,Low Value Customers
13745.0,162,2,777.36,13.881428571428572,27.762857142857143,29.03115,Low Value Customers
13746.0,414,1,176.69,19.63222222222222,19.63222222222222,22.595541,Low Value Customers
13747.0,374,2,249.39999999999998,41.56666666666666,83.13333333333333,68.288376,Low Value Customers
13748.0,96,9,2268.35,38.44661016949152,346.0194915254237,329.21222,Low Value Customers
13750.0,54,11,3602.1800000000003,48.02906666666667,528.3197333333334,524.4311,Low Value Customers
13751.0,288,1,296.25,32.916666666666664,32.916666666666664,41.473003,Low Value Customers
13752.0,124,7,1590.73,16.744526315789475,117.21168421052633,113.846725,Low Value Customers
13753.0,288,4,2094.57,26.182125000000003,104.72850000000001,103.927216,Low Value Customers
13754.0,152,3,447.05,21.288095238095238,63.864285714285714,58.664295,Low Value Customers
13755.0,4,9,2161.35,6.319736842105263,56.877631578947366,67.4796,Low Value Customers
13756.0,2,23,9207.5,26.458333333333332,608.5416666666666,585.3249,Low Value Customers
13757.0,675,1,195.55,24.44375,24.44375,26.581228,Low Value Customers
13758.0,12,15,9416.98,30.47566343042071,457.13495145631066,484.81332,Low Value Customers
13759.0,33,2,659.4100000000001,26.376400000000004,52.75280000000001,60.5967,Low Value Customers
13760.0,54,5,1363.6399999999999,11.459159663865545,57.29579831932773,55.40131,Low Value Customers
13761.0,50,6,1952.17,16.001393442622952,96.0083606557377,101.224396,Low Value Customers
13762.0,219,5,2472.48,70.64228571428572,353.2114285714286,336.35153,Low Value Customers
13763.0,63,3,5217.4400000000005,104.34880000000001,313.04640000000006,343.49094,Low Value Customers
13764.0,71,6,2953.26,7.8544148936170215,47.12648936170213,29.338003,Low Value Customers
13765.0,653,1,352.821,20.754176470588238,20.754176470588238,24.130678,Low Value Customers
13766.0,495,1,190.35,11.197058823529412,11.197058823529412,9.655422,Low Value Customers
13767.0,2,73,35540.53,44.705069182389934,3263.470050314465,3185.6443,High Value Customers
13768.0,727,2,875.97,26.544545454545457,53.08909090909091,50.088314,Low Value Customers
13769.0,2,20,5800.42,20.352350877192983,407.0470175438596,386.31104,Low Value Customers
13770.0,422,4,785.37,16.361875,65.4475,64.2536,Low Value Customers
13771.0,64,9,5728.82,26.522314814814813,238.70083333333332,223.3191,Low Value Customers
13772.0,34,8,3114.22,5.416034782608695,43.32827826086956,48.561024,Low Value Customers
13773.0,397,2,301.54,15.870526315789474,31.74105263157895,27.79066,Low Value Customers
13774.0,82,1,345.0,15.681818181818182,15.681818181818182,14.286175,Low Value Customers
13775.0,591,1,1049.66,16.661269841269842,16.661269841269842,21.912342,Low Value Customers
13776.0,428,2,623.98,311.99,623.98,547.5384,Low Value Customers
13777.0,1,61,56478.42,144.44608695652173,8811.211304347826,8694.249,Premium Customers
13778.0,103,4,1124.49,25.55659090909091,102.22636363636364,106.3481,Low Value Customers
13779.0,516,1,161.13,5.967777777777777,5.967777777777777,-1.0900865,Low Value Customers
13780.0,7,3,735.82,7.3582,22.0746,20.65871,Low Value Customers
13781.0,251,3,778.83,13.663684210526316,40.99105263157895,44.124023,Low Value Customers
13782.0,13,13,1793.72,7.351311475409836,95.56704918032787,95.833244,Low Value Customers
13783.0,488,4,1542.09,154.209,616.836,680.76886,Low Value Customers
13784.0,10,14,2910.23,67.67976744186046,947.5167441860465,850.9166,Medium Value Customers
13785.0,429,4,542.49,18.083000000000002,72.33200000000001,64.55314,Low Value Customers
13786.0,367,6,3358.94,27.088225806451614,162.52935483870968,151.09921,Low Value Customers
13787.0,76,6,1222.5,14.215116279069768,85.29069767441861,88.65213,Low Value Customers
13788.0,505,1,3.75,3.75,3.75,-1.4922074,Low Value Customers
13789.0,388,1,239.45999999999998,13.303333333333333,13.303333333333333,12.878181,Low Value Customers
13790.0,4,1,348.8,7.751111111111111,7.751111111111111,-3.718092,Low Value Customers
13791.0,128,2,1516.0,137.8181818181818,275.6363636363636,323.1442,Low Value Customers
13792.0,66,3,383.95,16.693478260869565,50.08043478260869,47.025158,Low Value Customers
13793.0,647,1,96.0,13.714285714285714,13.714285714285714,14.478793,Low Value Customers
13794.0,547,1,126.03,14.003333333333334,14.003333333333334,14.478793,Low Value Customers
13795.0,388,4,836.3,28.837931034482757,115.35172413793103,107.02549,Low Value Customers
13796.0,499,1,289.7,13.168181818181818,13.168181818181818,11.490223,Low Value Customers
13797.0,437,3,1179.45,15.121153846153847,45.36346153846154,51.16541,Low Value Customers
13798.0,1,110,75836.87,105.03721606648199,11554.09376731302,11559.13,Premium Customers
13799.0,117,9,2803.57,26.448773584905663,238.03896226415097,219.71541,Low Value Customers
13800.0,310,3,1679.56,23.00767123287671,69.02301369863014,67.76599,Low Value Customers
13801.0,67,1,324.8,14.121739130434783,14.121739130434783,14.032427,Low Value Customers
13802.0,139,19,26259.11,58.61408482142857,1113.6676116071428,1177.58,Medium Value Customers
13803.0,255,3,1338.91,17.16551282051282,51.496538461538464,52.61322,Low Value Customers
13804.0,31,9,3208.52,18.985325443786984,170.86792899408286,176.6283,Low Value Customers
13805.0,52,2,924.6,71.12307692307692,142.24615384615385,155.18156,Low Value Customers
13806.0,64,1,256.38,25.637999999999998,25.637999999999998,32.770245,Low Value Customers
13807.0,367,3,534.8,16.7125,50.137499999999996,47.6326,Low Value Customers
13808.0,6,5,1747.66,22.995526315789476,114.97763157894738,124.90794,Low Value Customers
13809.0,305,3,679.7,27.188000000000002,81.56400000000001,68.7624,Low Value Customers
13810.0,29,3,1499.01,42.828857142857146,128.48657142857144,135.85207,Low Value Customers
13811.0,184,3,814.5,62.65384615384615,187.96153846153845,178.90979,Low Value Customers
13812.0,42,3,539.0,14.972222222222221,44.916666666666664,43.270935,Low Value Customers
13813.0,40,8,2765.47,19.33895104895105,154.7116083916084,157.79436,Low Value Customers
13814.0,92,3,2257.32,28.573670886075952,85.72101265822786,92.10284,Low Value Customers
13815.0,22,8,7475.74,20.999269662921346,167.99415730337077,141.04645,Low Value Customers
13816.0,24,2,571.6700000000001,20.416785714285716,40.83357142857143,42.408875,Low Value Customers
13817.0,29,2,382.98,15.957500000000001,31.915000000000003,32.431534,Low Value Customers
13818.0,430,1,61.28,12.256,12.256,10.784911,Low Value Customers
13819.0,302,6,2642.35,26.161881188118812,156.97128712871287,156.88663,Low Value Customers
13820.0,418,3,660.65,7.3405555555555555,22.02166666666667,25.578909,Low Value Customers
13821.0,145,6,1410.73,6.749904306220095,40.49942583732057,52.460014,Low Value Customers
13822.0,6,2,632.0,6.583333333333333,13.166666666666666,7.910744,Low Value Customers
13823.0,19,7,3403.4500000000003,20.880061349693253,146.16042944785278,158.78453,Low Value Customers
13824.0,33,12,3314.76,33.147600000000004,397.7712,373.60233,Low Value Customers
13825.0,622,2,255.59,6.38975,12.7795,10.9075985,Low Value Customers
13826.0,176,1,189.5,18.95,18.95,22.467392,Low Value Customers
13827.0,58,3,412.05,4.430645161290323,13.291935483870969,19.047993,Low Value Customers
13828.0,22,1,209.49,13.966000000000001,13.966000000000001,16.45255,Low Value Customers
13829.0,421,1,102.0,102.0,102.0,104.76226,Low Value Customers
13830.0,582,1,156.85000000000002,14.259090909090911,14.259090909090911,14.478793,Low Value Customers
13831.0,16,18,7023.58,37.5592513368984,676.0665240641712,684.38226,Low Value Customers
13832.0,19,2,613.6899999999999,10.766491228070175,21.53298245614035,20.995867,Low Value Customers
13833.0,159,2,701.36,15.585777777777778,31.171555555555557,29.277987,Low Value Customers
13834.0,577,2,324.19,20.261875,40.52375,38.168594,Low Value Customers
13835.0,25,7,1095.27,15.426338028169013,107.98436619718309,100.55296,Low Value Customers
13836.0,399,2,620.37,20.011935483870968,40.023870967741935,40.315304,Low Value Customers
13837.0,212,2,271.24,14.275789473684211,28.551578947368423,27.536913,Low Value Customers
13838.0,6,10,1966.09,4.165444915254237,41.65444915254237,46.779034,Low Value Customers
13839.0,486,1,139.95000000000002,19.992857142857144,19.992857142857144,24.130678,Low Value Customers
13840.0,416,1,651.4,16.285,16.285,18.94641,Low Value Customers
13841.0,253,1,85.0,85.0,85.0,82.47155,Low Value Customers
13842.0,59,18,5629.91,15.858901408450704,285.4602253521127,303.43616,Low Value Customers
13843.0,381,1,319.75,17.76388888888889,17.76388888888889,19.364613,Low Value Customers
13844.0,11,1,361.62,18.081,18.081,20.430275,Low Value Customers
13845.0,65,1,312.98,34.775555555555556,34.775555555555556,43.966717,Low Value Customers
13846.0,25,4,1307.79,16.145555555555553,64.58222222222221,68.121704,Low Value Customers
13847.0,720,1,310.72,16.353684210526318,16.353684210526318,16.614649,Low Value Customers
13848.0,92,8,3335.0,303.1818181818182,2425.4545454545455,2267.176,High Value Customers
13849.0,52,5,3469.3,15.769545454545455,78.84772727272727,71.52213,Low Value Customers
13850.0,129,1,1595.48,17.155698924731183,17.155698924731183,10.004651,Low Value Customers
13851.0,96,8,4606.46,32.903285714285715,263.2262857142857,276.1085,Low Value Customers
13852.0,611,1,187.35000000000002,17.031818181818185,17.031818181818185,18.393988,Low Value Customers
13853.0,57,1,1090.14,47.39739130434783,47.39739130434783,72.49277,Low Value Customers
13854.0,9,39,12253.96,67.70143646408839,2640.3560220994473,2658.377,High Value Customers
13855.0,501,4,1310.3400000000001,17.949863013698632,71.79945205479453,72.263374,Low Value Customers
13856.0,169,11,1142.03,21.148703703703703,232.63574074074074,210.63893,Low Value Customers
13857.0,393,6,1001.01,7.820390625,46.922343749999996,58.740345,Low Value Customers
13858.0,57,1,216.17,19.651818181818182,19.651818181818182,22.149172,Low Value Customers
13859.0,326,2,515.86,14.329444444444444,28.65888888888889,27.658642,Low Value Customers
13860.0,1,5,1245.9,16.39342105263158,81.9671052631579,80.72169,Low Value Customers
13861.0,429,2,273.26,13.012380952380951,26.024761904761903,24.622795,Low Value Customers
13862.0,18,9,2556.09,15.9755625,143.7800625,142.67656,Low Value Customers
13863.0,248,4,1239.55,17.707857142857144,70.83142857142857,70.91114,Low Value Customers
13864.0,387,1,662.4000000000001,662.4000000000001,662.4000000000001,648.48627,Low Value Customers
13865.0,58,4,501.56,16.718666666666667,66.87466666666667,61.09904,Low Value Customers
13866.0,74,1,145.67000000000002,20.810000000000002,20.810000000000002,23.708145,Low Value Customers
13867.0,31,3,1015.29,16.644098360655736,49.93229508196721,51.52029,Low Value Customers
13868.0,7,2,3192.54,96.74363636363637,193.48727272727274,357.15427,Low Value Customers
13869.0,123,10,8111.57,9.432058139534883,94.32058139534882,151.385,Low Value Customers
13870.0,2,15,5712.08,23.701576763485477,355.52365145228214,340.10822,Low Value Customers
13871.0,23,17,7885.85,19.616542288557216,333.4812189054727,319.80573,Low Value Customers
13872.0,527,3,919.57,16.13280701754386,48.39842105263158,50.335896,Low Value Customers
13873.0,120,8,1038.92,17.315333333333335,138.52266666666668,129.06282,Low Value Customers
13874.0,358,7,2049.15,29.697826086956525,207.88478260869567,206.89407,Low Value Customers
13875.0,54,14,4814.37,17.831,249.634,256.8741,Low Value Customers
13876.0,64,1,122.7,17.52857142857143,17.52857142857143,18.918243,Low Value Customers
13877.0,86,3,449.68,19.551304347826086,58.653913043478255,53.06886,Low Value Customers
13878.0,55,4,2473.06,23.112710280373832,92.45084112149533,92.50756,Low Value Customers
13879.0,646,1,395.5,15.82,15.82,14.854271,Low Value Customers
13880.0,21,17,4391.66,19.177554585152837,326.01842794759824,308.96442,Low Value Customers
13881.0,4,43,45179.1,98.8601750547046,4250.987527352298,4183.7397,High Value Customers
13882.0,3,5,1191.13,18.325076923076924,91.62538461538462,89.25925,Low Value Customers
13883.0,11,15,6560.02,20.759556962025318,311.39335443037976,295.24063,Low Value Customers
13884.0,7,10,1888.48,9.939368421052631,99.39368421052632,92.937164,Low Value Customers
13885.0,189,2,506.8,18.1,36.2,33.99776,Low Value Customers
13886.0,71,1,243.56,15.2225,15.2225,14.286175,Low Value Customers
13887.0,204,1,349.55,18.397368421052633,18.397368421052633,20.0672,Low Value Customers
13888.0,120,7,2169.05,11.788315217391306,82.51820652173915,89.706894,Low Value Customers
13889.0,93,6,1991.23,23.990722891566264,143.94433734939759,144.03438,Low Value Customers
13890.0,1,14,2927.38,16.921271676300577,236.89780346820808,229.04228,Low Value Customers
13891.0,378,3,863.5600000000001,8.6356,25.9068,24.674368,Low Value Customers
13892.0,27,6,1267.6499999999999,35.2125,211.27499999999998,201.11774,Low Value Customers
13893.0,298,1,821.1,39.1,39.1,54.52503,Low Value Customers
13894.0,24,3,564.62,20.911851851851853,62.735555555555564,63.565895,Low Value Customers
13895.0,28,6,4008.52,21.551182795698924,129.30709677419355,132.30151,Low Value Customers
13896.0,626,1,388.55,18.502380952380953,18.502380952380953,21.197796,Low Value Customers
13897.0,50,3,1160.72,19.67322033898305,59.01966101694915,61.272728,Low Value Customers
13898.0,326,2,686.4,14.921739130434782,29.843478260869563,29.445484,Low Value Customers
13899.0,16,2,388.52,20.448421052631577,40.896842105263154,43.24914,Low Value Customers
13900.0,183,6,1610.59,16.95357894736842,101.72147368421052,103.439285,Low Value Customers
13901.0,72,15,5676.34,18.310774193548387,274.6616129032258,309.5668,Low Value Customers
13902.0,632,5,34095.26,541.1946031746032,2705.9730158730163,2747.9712,High Value Customers
13903.0,400,1,165.45000000000002,16.545,16.545,16.614649,Low Value Customers
13904.0,37,2,332.64,12.793846153846154,25.587692307692308,25.051556,Low Value Customers
13905.0,733,1,312.65,26.054166666666664,26.054166666666664,27.2286,Low Value Customers
13906.0,409,1,42.0,42.0,42.0,41.889786,Low Value Customers
13907.0,692,1,136.8,34.2,34.2,38.37263,Low Value Customers
13908.0,80,4,2369.55,19.42254098360656,77.69016393442624,75.775566,Low Value Customers
13909.0,423,2,286.6,7.348717948717949,14.697435897435899,11.270952,Low Value Customers
13911.0,57,20,4234.99,17.7940756302521,355.88151260504196,353.16046,Low Value Customers
13912.0,424,1,124.95,17.85,17.85,20.357695,Low Value Customers
13913.0,507,1,42.22,14.073333333333332,14.073333333333332,14.478793,Low Value Customers
13914.0,12,2,626.45,18.983333333333334,37.96666666666667,40.95291,Low Value Customers
13915.0,394,1,70.80000000000001,35.400000000000006,35.400000000000006,39.445477,Low Value Customers
13916.0,464,4,1275.81,17.240675675675675,68.9627027027027,70.63825,Low Value Customers
13917.0,50,2,272.04,15.113333333333335,30.22666666666667,27.550644,Low Value Customers
13918.0,50,2,1212.8400000000001,40.428000000000004,80.85600000000001,97.04128,Low Value Customers
13919.0,59,4,1360.68,17.67116883116883,70.68467532467533,68.46299,Low Value Customers
13920.0,432,4,1774.68,20.635813953488373,82.5432558139535,85.66204,Low Value Customers
13921.0,402,4,730.7,16.606818181818184,66.42727272727274,66.032936,Low Value Customers
13922.0,352,3,865.2,28.84,86.52,80.9245,Low Value Customers
13923.0,54,1,351.13,17.5565,17.5565,18.918243,Low Value Customers
13924.0,2,6,1838.8500000000001,15.716666666666669,94.30000000000001,93.83964,Low Value Customers
13925.0,93,4,678.25,16.54268292682927,66.17073170731707,62.31062,Low Value Customers
13926.0,23,1,223.85000000000002,20.35,20.35,27.286137,Low Value Customers
13927.0,75,2,708.26,17.274634146341462,34.549268292682925,34.063496,Low Value Customers
13928.0,11,4,464.57,17.206296296296298,68.82518518518519,61.14137,Low Value Customers
13929.0,169,11,3494.1,61.3,674.3,664.0325,Low Value Customers
13930.0,58,2,337.34,19.843529411764706,39.68705882352941,38.694355,Low Value Customers
13931.0,96,11,5257.38,19.399926199261994,213.39918819188193,230.4726,Low Value Customers
13932.0,295,1,307.4,19.2125,19.2125,22.595541,Low Value Customers
13933.0,109,2,608.7900000000001,26.469130434782613,52.93826086956523,57.008102,Low Value Customers
13934.0,264,1,922.1,29.74516129032258,29.74516129032258,41.919018,Low Value Customers
13935.0,597,3,6116.92,76.4615,229.3845,261.39203,Low Value Customers
13936.0,180,3,939.66,15.9264406779661,47.7793220338983,49.14248,Low Value Customers
13937.0,169,2,880.13,16.298703703703705,32.59740740740741,31.627232,Low Value Customers
13938.0,35,1,71.66,10.237142857142857,10.237142857142857,6.4487224,Low Value Customers
13939.0,23,7,1560.96,14.190545454545456,99.33381818181819,97.53403,Low Value Customers
13940.0,17,4,839.14,17.12530612244898,68.50122448979592,65.0747,Low Value Customers
13941.0,22,15,11122.300000000001,105.92666666666668,1588.9,1556.5377,Medium Value Customers
13942.0,535,1,320.0,320.0,320.0,311.20062,Low Value Customers
13943.0,578,1,246.54,16.436,16.436,16.614649,Low Value Customers
13944.0,653,1,200.43,5.726571428571429,5.726571428571429,-2.1627412,Low Value Customers
13945.0,395,2,854.15,16.748039215686273,33.496078431372545,35.058468,Low Value Customers
13946.0,79,6,1876.23,33.504107142857144,201.02464285714285,189.06099,Low Value Customers
13947.0,65,1,90.6,18.119999999999997,18.119999999999997,19.911325,Low Value Customers
13948.0,361,4,548.76,22.865,91.46,81.88259,Low Value Customers
13949.0,3,6,2427.32,15.170750000000002,91.02450000000002,97.83965,Low Value Customers
13950.0,11,4,745.06,21.28742857142857,85.14971428571428,82.50097,Low Value Customers
13951.0,176,3,674.45,17.293589743589745,51.88076923076923,50.419373,Low Value Customers
13952.0,218,14,12823.521,31.35335207823961,438.94692909535456,425.30185,Low Value Customers
13953.0,7,12,6640.68,265.6272,3187.5264,3258.9844,High Value Customers
13954.0,2,2,439.92,17.5968,35.1936,34.581432,Low Value Customers
13955.0,154,3,545.17,6.266321839080459,18.798965517241378,22.613186,Low Value Customers
13956.0,5,5,1026.42,6.752763157894737,33.76381578947368,31.676899,Low Value Customers
13957.0,418,3,458.25,16.97222222222222,50.916666666666664,47.6326,Low Value Customers
13958.0,380,8,4709.2300000000005,20.745506607929517,165.96405286343614,160.92242,Low Value Customers
13959.0,79,6,1076.18,6.602331288343558,39.61398773006135,52.03418,Low Value Customers
13960.0,21,2,230.22,19.185,38.37,40.42771,Low Value Customers
13961.0,392,1,538.4,28.336842105263155,28.336842105263155,39.061165,Low Value Customers
13962.0,22,3,362.8,15.773913043478261,47.321739130434786,45.323627,Low Value Customers
13963.0,308,17,3011.87,17.510872093023256,297.68482558139533,275.36313,Low Value Customers
13964.0,387,2,438.9,18.287499999999998,36.574999999999996,34.837864,Low Value Customers
13965.0,477,3,996.61,41.525416666666665,124.57624999999999,110.90327,Low Value Customers
13966.0,435,1,390.86,17.766363636363636,17.766363636363636,19.364613,Low Value Customers
13967.0,146,2,166.3,27.71666666666667,55.43333333333334,50.879566,Low Value Customers
13968.0,423,1,123.66,15.4575,15.4575,14.732541,Low Value Customers
13969.0,7,35,13365.87,12.08487341772152,422.9705696202532,412.31912,Low Value Customers
13970.0,386,2,846.55,65.11923076923077,130.23846153846154,139.01604,Low Value Customers
13971.0,19,14,4667.57,18.30419607843137,256.2587450980392,266.15805,Low Value Customers
13972.0,71,2,190.25,12.683333333333334,25.366666666666667,22.87289,Low Value Customers
13973.0,287,1,264.7,24.063636363636363,24.063636363636363,27.179401,Low Value Customers
13974.0,49,2,677.72,15.76093023255814,31.52186046511628,29.205467,Low Value Customers
13975.0,31,12,5358.84,7.126117021276596,85.51340425531916,85.34589,Low Value Customers
13976.0,207,4,1192.36,21.292142857142856,85.16857142857143,86.844666,Low Value Customers
13977.0,411,1,519.8100000000001,39.98538461538462,39.98538461538462,55.77781,Low Value Customers
13978.0,15,2,196.79000000000002,13.119333333333335,26.23866666666667,25.317343,Low Value Customers
13979.0,73,7,3416.23,8.41435960591133,58.900517241379305,50.94256,Low Value Customers
13980.0,60,5,799.92,12.306461538461537,61.53230769230768,54.590595,Low Value Customers
13981.0,416,1,331.14,15.05181818181818,15.05181818181818,14.732541,Low Value Customers
13982.0,39,9,4445.59,17.571501976284587,158.1435177865613,168.12569,Low Value Customers
13983.0,30,21,7108.45,20.84589442815249,437.76378299120233,422.497,Low Value Customers
13984.0,27,12,2048.6,22.02795698924731,264.3354838709677,240.69058,Low Value Customers
13985.0,4,22,10020.86,20.87679166666667,459.28941666666674,437.19275,Low Value Customers
13986.0,17,1,320.46,24.650769230769228,24.650769230769228,36.585037,Low Value Customers
13987.0,380,2,682.54,14.837826086956522,29.675652173913043,29.445484,Low Value Customers
13988.0,20,8,4757.8,16.12813559322034,129.0250847457627,135.45728,Low Value Customers
13989.0,66,5,2026.06,23.558837209302325,117.79418604651163,123.475525,Low Value Customers
13990.0,213,1,311.3,19.45625,19.45625,22.467392,Low Value Customers
13991.0,12,6,855.97,10.190119047619048,61.14071428571428,60.168003,Low Value Customers
13992.0,30,3,219.5,19.954545454545453,59.86363636363636,56.53127,Low Value Customers
13993.0,43,19,6775.71,25.960574712643677,493.25091954022986,496.03253,Low Value Customers
13994.0,4,6,2313.14,14.923483870967742,89.54090322580645,93.3558,Low Value Customers
13995.0,15,14,3902.01,16.965260869565217,237.51365217391304,231.6801,Low Value Customers
13996.0,386,2,895.76,27.144242424242425,54.28848484848485,52.807083,Low Value Customers
13997.0,519,3,382.31,8.31108695652174,24.933260869565217,23.623081,Low Value Customers
13998.0,447,3,566.7,18.280645161290323,54.84193548387097,50.43644,Low Value Customers
13999.0,10,29,9502.26,20.391115879828327,591.3423605150215,519.8459,Low Value Customers
14000.0,211,5,2046.3400000000001,41.76204081632653,208.81020408163266,194.41891,Low Value Customers
14001.0,46,9,4530.09,40.447232142857146,364.02508928571433,340.2803,Low Value Customers
14002.0,134,2,529.73,11.270851063829788,22.541702127659576,22.225904,Low Value Customers
14003.0,733,1,209.41,13.088125,13.088125,11.490223,Low Value Customers
14004.0,43,11,6258.45,25.968672199170125,285.6553941908714,296.3161,Low Value Customers
14005.0,10,5,2874.72,34.22285714285714,171.1142857142857,202.2023,Low Value Customers
14006.0,116,7,2196.67,28.528181818181817,199.69727272727272,180.44215,Low Value Customers
14007.0,513,1,79.48,15.896,15.896,16.966896,Low Value Customers
14008.0,432,1,509.04,15.9075,15.9075,17.088625,Low Value Customers
14009.0,198,3,1099.91,14.863648648648649,44.59094594594595,45.32948,Low Value Customers
14010.0,565,2,445.15,18.547916666666666,37.09583333333333,34.837864,Low Value Customers
14011.0,480,2,457.82,14.306875,28.61375,27.658642,Low Value Customers
14012.0,278,1,328.8,29.89090909090909,29.89090909090909,33.91612,Low Value Customers
14013.0,110,5,1084.57,15.949558823529411,79.74779411764706,79.30264,Low Value Customers
14014.0,77,3,1948.21,25.63434210526316,76.90302631578948,80.35023,Low Value Customers
14015.0,53,1,917.34,45.867000000000004,45.867000000000004,72.49277,Low Value Customers
14016.0,162,11,11403.41,25.45404017857143,279.9944419642857,288.74142,Low Value Customers
14017.0,571,1,229.75,16.410714285714285,16.410714285714285,16.614649,Low Value Customers
14018.0,645,1,367.15000000000003,28.242307692307694,28.242307692307694,33.203304,Low Value Customers
14019.0,47,3,1421.61,21.539545454545454,64.61863636363637,67.63961,Low Value Customers
14020.0,17,4,1249.01,17.347361111111113,69.38944444444445,70.58748,Low Value Customers
14021.0,155,7,1716.58,19.07311111111111,133.51177777777778,127.89689,Low Value Customers
14022.0,225,2,792.15,16.854255319148937,33.708510638297874,33.574055,Low Value Customers
14023.0,7,2,584.07,18.840967741935486,37.68193548387097,42.761417,Low Value Customers
14024.0,122,3,645.74,18.99235294117647,56.97705882352941,54.22649,Low Value Customers
14025.0,465,8,4057.9,40.98888888888889,327.9111111111111,327.5909,Low Value Customers
14026.0,471,2,713.11,14.2622,28.5244,30.683062,Low Value Customers
14027.0,61,1,104.82,17.47,17.47,18.918243,Low Value Customers
14028.0,550,3,10396.5,1155.1666666666667,3465.5,3477.715,High Value Customers
14029.0,63,2,467.66,31.177333333333333,62.35466666666667,65.955475,Low Value Customers
14030.0,18,20,8262.29,9.540750577367206,190.8150115473441,204.44812,Low Value Customers
14031.0,7,44,40999.17,52.49573623559539,2309.812394366197,3284.8965,High Value Customers
14032.0,2,16,4850.2699999999995,19.878155737704915,318.05049180327865,307.72223,Low Value Customers
14033.0,555,1,109.44,109.44,109.44,107.413765,Low Value Customers
14034.0,22,3,651.8199999999999,7.323820224719101,21.971460674157303,23.09966,Low Value Customers
14035.0,29,9,2856.72,18.918675496688742,170.26807947019867,178.44914,Low Value Customers
14036.0,285,1,626.65,16.49078947368421,16.49078947368421,16.058144,Low Value Customers
14037.0,176,6,836.95,7.341666666666667,44.05,55.603683,Low Value Customers
14038.0,78,5,3069.88,19.067577639751555,95.33788819875778,101.80531,Low Value Customers
14039.0,33,2,267.28000000000003,26.728,53.456,51.681576,Low Value Customers
14040.0,41,35,12645.57,15.926410579345088,557.4243702770781,568.69653,Low Value Customers
14041.0,266,1,141.41,6.733809523809524,6.733809523809524,-0.07846106,Low Value Customers
14042.0,725,1,431.98,20.570476190476192,20.570476190476192,25.254854,Low Value Customers
14043.0,491,2,304.25,7.244047619047619,14.488095238095237,11.270952,Low Value Customers
14044.0,27,10,3123.1,3.669917743830787,36.69917743830787,46.29925,Low Value Customers
14045.0,109,16,11313.029999999999,297.71131578947364,4763.381052631578,4727.252,High Value Customers
14046.0,284,1,154.99,11.070714285714287,11.070714285714287,9.655422,Low Value Customers
14047.0,9,14,4255.03,25.94530487804878,363.23426829268294,350.9674,Low Value Customers
14048.0,305,3,748.69,5.309858156028369,15.929574468085107,19.888042,Low Value Customers
14049.0,17,13,13239.03,12.247021276595746,159.2112765957447,100.209274,Low Value Customers
14050.0,32,2,746.36,13.821481481481483,27.642962962962965,29.32459,Low Value Customers
14051.0,1,37,22434.0,67.16766467065868,2485.2035928143714,2593.1157,High Value Customers
14052.0,20,2,480.81,3.84648,7.69296,6.747461,Low Value Customers
14053.0,124,4,572.3,63.58888888888888,254.35555555555553,229.03607,Low Value Customers
14054.0,65,1,92.46,15.409999999999998,15.409999999999998,14.286175,Low Value Customers
14055.0,106,3,1520.96,46.08969696969697,138.26909090909092,132.95506,Low Value Customers
14056.0,1,23,8214.65,7.427350813743218,170.829068716094,162.77782,Low Value Customers
14057.0,24,22,8408.84,18.521674008810574,407.47682819383266,399.63687,Low Value Customers
14058.0,463,2,469.19,19.549583333333334,39.09916666666667,37.75763,Low Value Customers
14059.0,267,1,183.6,22.95,22.95,26.538176,Low Value Customers
14060.0,5,30,9519.08,35.25585185185185,1057.6755555555555,990.77893,Medium Value Customers
14061.0,507,3,917.4300000000001,48.28578947368421,144.85736842105263,134.42798,Low Value Customers
14062.0,10,24,25604.2,74.64781341107872,1791.5475218658892,1817.6644,Medium Value Customers
14063.0,438,9,22710.2,567.755,5109.795,5074.3135,High Value Customers
14064.0,29,15,3332.42,13.657459016393442,204.86188524590165,207.00095,Low Value Customers
14065.0,389,3,891.02,18.18408163265306,54.552244897959184,52.903797,Low Value Customers
14066.0,267,1,152.55,21.792857142857144,21.792857142857144,24.149364,Low Value Customers
14067.0,64,2,374.7,7.2057692307692305,14.411538461538461,10.785234,Low Value Customers
14068.0,320,4,1528.3700000000001,13.7690990990991,55.0763963963964,61.512062,Low Value Customers
14069.0,515,2,230.06,5.477619047619048,10.955238095238096,9.201087,Low Value Customers
14070.0,685,1,326.55,7.775,7.775,0.38615853,Low Value Customers
14071.0,4,8,1438.82,4.440802469135802,35.526419753086415,50.525185,Low Value Customers
14072.0,667,1,390.85,20.571052631578947,20.571052631578947,25.133125,Low Value Customers
14073.0,32,1,151.04,11.618461538461538,11.618461538461538,10.834331,Low Value Customers
14074.0,623,1,219.39999999999998,36.56666666666666,36.56666666666666,39.182713,Low Value Customers
14075.0,5,6,1734.87,21.41814814814815,128.5088888888889,128.7985,Low Value Customers
14076.0,129,1,122.47,2.662391304347826,2.662391304347826,-1.9045289,Low Value Customers
14077.0,41,6,615.0799999999999,10.983571428571427,65.90142857142857,64.47262,Low Value Customers
14078.0,102,9,1692.6299999999999,10.384233128834355,93.45809815950919,95.39878,Low Value Customers
14079.0,125,2,618.73,47.59461538461539,95.18923076923078,91.26598,Low Value Customers
14080.0,33,5,1115.68,13.441927710843375,67.20963855421688,64.33287,Low Value Customers
14081.0,302,10,5370.1,5.700743099787686,57.00743099787686,66.291954,Low Value Customers
14082.0,365,2,413.36,6.359384615384616,12.718769230769231,10.9075985,Low Value Customers
14083.0,4,11,1407.26,5.518666666666666,60.70533333333333,69.3814,Low Value Customers
14084.0,512,1,150.5,21.5,21.5,23.200989,Low Value Customers
14085.0,2,33,10104.97,9.461582397003745,312.2322191011236,386.19955,Low Value Customers
14086.0,463,1,39.95,39.95,39.95,42.423355,Low Value Customers
14087.0,3,3,846.22,3.8290497737556564,11.487149321266969,10.696399,Low Value Customers
14088.0,10,16,64036.8,93.89560117302054,1502.3296187683286,1453.2914,Medium Value Customers
14089.0,57,1,161.0,11.5,11.5,10.461457,Low Value Customers
14090.0,325,1,76.32000000000001,76.32000000000001,76.32000000000001,72.84464,Low Value Customers
14091.0,654,2,9530.08,733.0830769230769,1466.1661538461537,8425.8125,Premium Customers
14092.0,8,24,7229.45,19.381903485254693,465.1656836461126,434.21414,Low Value Customers
14093.0,12,1,442.85,4.217619047619048,4.217619047619048,-6.888247,Low Value Customers
14094.0,440,1,335.22,7.132340425531916,7.132340425531916,-0.09288719,Low Value Customers
14095.0,723,1,2.95,2.95,2.95,-1.4922074,Low Value Customers
14096.0,4,17,65164.79,12.749909998043435,216.7484699667384,190.3606,Low Value Customers
14097.0,481,2,422.85999999999996,10.571499999999999,21.142999999999997,19.385496,Low Value Customers
14098.0,37,1,147.35,7.016666666666667,7.016666666666667,-0.8039632,Low Value Customers
14099.0,16,20,5765.71,10.982304761904762,219.64609523809526,235.32526,Low Value Customers
14100.0,138,1,194.9,7.496153846153846,7.496153846153846,-0.006818208,Low Value Customers
14101.0,74,13,9961.93,110.68811111111111,1438.9454444444445,1646.2633,Medium Value Customers
14102.0,5,5,1360.28,17.21873417721519,86.09367088607596,83.64569,Low Value Customers
14104.0,155,5,771.5799999999999,5.3956643356643355,26.978321678321677,36.79232,Low Value Customers
14105.0,239,5,5988.83,21.465340501792113,107.32670250896057,165.54872,Low Value Customers
14106.0,737,1,214.79999999999998,214.79999999999998,214.79999999999998,159.70848,Low Value Customers
14107.0,52,11,4877.3,20.666525423728814,227.33177966101695,222.6542,Low Value Customers
14108.0,31,4,1044.96,20.095384615384617,80.38153846153847,77.7185,Low Value Customers
14109.0,73,1,144.2,16.022222222222222,16.022222222222222,16.459276,Low Value Customers
14110.0,4,33,12987.95,32.55125313283208,1074.1913533834586,1100.9436,Medium Value Customers
14111.0,14,4,692.85,69.285,277.14,278.35184,Low Value Customers
14112.0,23,13,5834.59,17.897515337423314,232.6676993865031,240.03981,Low Value Customers
14113.0,4,16,7092.610000000001,58.136147540983615,930.1783606557378,941.7313,Medium Value Customers
14114.0,274,7,1364.09,18.43364864864865,129.03554054054055,116.75732,Low Value Customers
14115.0,502,2,622.6700000000001,28.303181818181823,56.606363636363646,55.689896,Low Value Customers
14116.0,20,5,1382.74,19.204722222222223,96.02361111111111,91.869156,Low Value Customers
14117.0,144,1,90.0,30.0,30.0,34.555996,Low Value Customers
14118.0,429,1,458.45,30.563333333333333,30.563333333333333,41.41937,Low Value Customers
14119.0,376,2,183.37,16.67,33.34,31.912325,Low Value Customers
14121.0,4,4,2780.15,17.485220125786164,69.94088050314465,78.33152,Low Value Customers
14122.0,406,3,362.42,27.87846153846154,83.63538461538462,68.90792,Low Value Customers
14123.0,733,1,436.18,18.174166666666668,18.174166666666668,20.479424,Low Value Customers
14124.0,84,1,419.58000000000004,83.91600000000001,83.91600000000001,87.75517,Low Value Customers
14125.0,11,3,2740.43,16.409760479041914,49.22928143712574,51.630726,Low Value Customers
14126.0,8,4,1172.46,27.26651162790698,109.06604651162792,115.59806,Low Value Customers
14127.0,123,6,1900.0800000000002,16.240000000000002,97.44000000000001,101.805504,Low Value Customers
14128.0,61,3,924.21,14.218615384615385,42.655846153846156,43.63831,Low Value Customers
14129.0,2,9,2591.34,23.77376146788991,213.96385321100917,212.48311,Low Value Customers
14130.0,319,4,1882.67,8.404776785714287,33.619107142857146,30.06054,Low Value Customers
14131.0,649,1,187.87,3.6128846153846155,3.6128846153846155,-1.4922074,Low Value Customers
14132.0,2,11,3586.0299999999997,17.930149999999998,197.23164999999997,203.33055,Low Value Customers
14133.0,130,4,911.14,25.309444444444445,101.23777777777778,94.81742,Low Value Customers
14134.0,383,15,11123.35,61.79638888888889,926.9458333333333,915.5246,Medium Value Customers
14135.0,2,24,9643.92,37.6715625,904.1175000000001,1015.3858,Medium Value Customers
14136.0,401,5,1570.81,14.818962264150944,74.09481132075472,77.53888,Low Value Customers
14137.0,696,1,332.7,30.245454545454546,30.245454545454546,32.59033,Low Value Customers
14138.0,2,2,982.3800000000001,20.901702127659576,41.80340425531915,55.505917,Low Value Customers
14139.0,46,4,1086.8,15.75072463768116,63.00289855072464,58.989372,Low Value Customers
14140.0,4,2,935.05,14.167424242424241,28.334848484848482,29.787735,Low Value Customers
14141.0,3,4,915.13,22.87825,91.513,100.83085,Low Value Customers
14142.0,373,2,983.15,14.896212121212121,29.792424242424243,29.452396,Low Value Customers
14143.0,134,1,115.8,16.54285714285714,16.54285714285714,16.4865,Low Value Customers
14144.0,486,1,30.599999999999998,30.599999999999998,30.599999999999998,33.899418,Low Value Customers
14145.0,47,7,7600.05,304.002,2128.014,2319.7927,High Value Customers
14146.0,9,12,9450.3,20.724342105263155,248.69210526315786,229.22641,Low Value Customers
14147.0,78,9,2590.2,86.33999999999999,777.06,673.3944,Low Value Customers
14148.0,234,2,466.29,27.428823529411765,54.85764705882353,50.269855,Low Value Customers
14149.0,221,1,446.62,15.950714285714286,15.950714285714286,18.073296,Low Value Customers
14150.0,36,2,658.64,25.33230769230769,50.66461538461538,60.496235,Low Value Customers
14151.0,673,2,679.45,15.442045454545456,30.88409090909091,30.641386,Low Value Customers
14152.0,75,7,1997.3400000000001,15.017593984962406,105.12315789473685,108.097145,Low Value Customers
14153.0,483,1,233.4,13.729411764705883,13.729411764705883,14.478793,Low Value Customers
14154.0,239,8,6460.7,22.12568493150685,177.0054794520548,192.39656,Low Value Customers
14155.0,266,1,118.75,19.791666666666668,19.791666666666668,22.253885,Low Value Customers
14156.0,10,156,313946.37,77.55592144268775,12098.72374505929,6970.159,Premium Customers
14157.0,20,5,1002.78,11.267191011235955,56.33595505617977,52.01704,Low Value Customers
14158.0,40,1,507.66,12.381951219512196,12.381951219512196,10.705975,Low Value Customers
14159.0,20,20,7938.01,4.2358644610458915,84.71728922091783,108.903336,Low Value Customers
14160.0,610,7,8421.47,78.70532710280374,550.9372897196262,590.0939,Low Value Customers
14161.0,216,7,3318.88,10.706064516129032,74.94245161290323,81.28931,Low Value Customers
14162.0,174,2,289.36,11.5744,23.1488,22.851124,Low Value Customers
14163.0,87,5,2594.62,44.7348275862069,223.6741379310345,219.82704,Low Value Customers
14164.0,71,2,1631.77,56.26793103448276,112.53586206896551,131.79114,Low Value Customers
14165.0,276,1,122.53999999999999,4.901599999999999,4.901599999999999,-1.9597542,Low Value Customers
14166.0,505,2,256.85,4.84622641509434,9.69245283018868,9.189857,Low Value Customers
14167.0,39,8,1296.49,10.714793388429753,85.71834710743802,91.49671,Low Value Customers
14168.0,421,2,370.45,24.696666666666665,49.39333333333333,44.910267,Low Value Customers
14169.0,431,2,624.4300000000001,9.319850746268658,18.639701492537316,17.149343,Low Value Customers
14170.0,375,3,597.33,3.6201818181818184,10.860545454545456,18.497711,Low Value Customers
14171.0,98,2,498.79,7.79359375,15.5871875,11.420057,Low Value Customers
14172.0,605,3,402.72,7.457777777777778,22.373333333333335,23.265762,Low Value Customers
14173.0,11,6,586.0,17.757575757575758,106.54545454545455,93.44928,Low Value Customers
14174.0,33,1,134.46,5.171538461538462,5.171538461538462,-2.8850474,Low Value Customers
14175.0,60,8,7678.88,23.1990332326284,185.5922658610272,143.76424,Low Value Customers
14176.0,297,5,916.01,19.913260869565217,99.56630434782609,93.35557,Low Value Customers
14177.0,86,13,2229.34,10.615904761904762,138.0067619047619,137.01825,Low Value Customers
14178.0,9,7,1620.93,4.9569724770642205,34.698807339449544,42.241066,Low Value Customers
14179.0,41,2,719.78,4.36230303030303,8.72460606060606,6.4705358,Low Value Customers
14180.0,11,33,6319.25,20.99418604651163,692.8081395348838,557.5647,Low Value Customers
14181.0,411,2,310.55,5.750925925925926,11.501851851851852,8.98687,Low Value Customers
14182.0,444,4,678.77,13.5754,54.3016,53.49364,Low Value Customers
14183.0,411,2,286.29,8.179714285714287,16.359428571428573,11.749999,Low Value Customers
14184.0,67,1,452.89,18.870416666666667,18.870416666666667,23.273348,Low Value Customers
14185.0,331,1,197.65,65.88333333333334,65.88333333333334,71.36039,Low Value Customers
14186.0,427,5,1550.63,14.909903846153847,74.54951923076923,77.37562,Low Value Customers
14187.0,474,1,123.5,15.4375,15.4375,14.732541,Low Value Customers
14188.0,31,6,2054.36,31.605538461538462,189.63323076923078,199.81505,Low Value Customers
14189.0,2,16,5814.39,18.39996835443038,294.3994936708861,306.50784,Low Value Customers
14190.0,666,1,79.9,79.9,79.9,76.28756,Low Value Customers
14191.0,2,15,4817.66,18.17984905660377,272.6977358490566,270.3275,Low Value Customers
14192.0,388,1,293.74,20.981428571428573,20.981428571428573,23.755203,Low Value Customers
14193.0,68,3,1210.19,18.90921875,56.72765625,60.673286,Low Value Customers
14194.0,5,36,18670.59,19.611964285714286,706.0307142857143,706.5402,Medium Value Customers
14195.0,202,6,2615.6,163.475,980.8499999999999,945.0867,Medium Value Customers
14196.0,107,1,335.52,55.919999999999995,55.919999999999995,66.39857,Low Value Customers
14197.0,411,1,390.05,19.5025,19.5025,23.597988,Low Value Customers
14198.0,18,9,1569.73,17.24978021978022,155.248021978022,135.15785,Low Value Customers
14199.0,218,4,1091.7,60.650000000000006,242.60000000000002,235.81824,Low Value Customers
14200.0,617,1,379.2,18.057142857142857,18.057142857142857,20.357695,Low Value Customers
14201.0,60,10,1193.54,21.70072727272727,217.00727272727272,186.90945,Low Value Customers
14202.0,381,3,847.76,29.233103448275862,87.69931034482758,80.31997,Low Value Customers
14203.0,397,1,339.34,21.20875,21.20875,23.755203,Low Value Customers
14204.0,2,4,1062.96,4.581724137931035,18.32689655172414,18.458097,Low Value Customers
14205.0,17,9,2414.2,19.627642276422762,176.64878048780486,165.17131,Low Value Customers
14206.0,239,3,1185.01,16.690281690140846,50.070845070422536,54.982334,Low Value Customers
14207.0,688,1,157.8,78.9,78.9,76.99189,Low Value Customers
14208.0,95,2,567.05,16.20142857142857,32.40285714285714,29.803055,Low Value Customers
14209.0,11,15,4993.27,21.61588744588745,324.23831168831174,315.34473,Low Value Customers
14210.0,106,16,5861.52,17.816170212765957,285.0587234042553,309.37997,Low Value Customers
14211.0,53,18,4402.29,18.342875,330.17175,347.11172,Low Value Customers
14212.0,90,2,2190.14,104.29238095238095,208.5847619047619,228.15677,Low Value Customers
14213.0,405,1,1192.2,238.44,238.44,283.92566,Low Value Customers
14214.0,31,5,1004.38,14.990746268656716,74.95373134328358,67.58283,Low Value Customers
14215.0,12,9,3416.33,17.793385416666666,160.14046875,168.54657,Low Value Customers
14216.0,3,5,2150.04,27.9225974025974,139.612987012987,148.56728,Low Value Customers
14217.0,2,23,3416.89,18.877845303867403,434.1904419889503,400.2981,Low Value Customers
14218.0,43,1,169.48000000000002,14.123333333333335,14.123333333333335,14.278127,Low Value Customers
14219.0,4,3,633.83,14.740232558139535,44.2206976744186,46.057674,Low Value Customers
14220.0,247,4,1515.0,39.86842105263158,159.47368421052633,145.30894,Low Value Customers
14221.0,42,17,6517.49,18.782391930835733,319.30066282420745,317.66312,Low Value Customers
14222.0,177,1,683.17,16.662682926829266,16.662682926829266,19.241339,Low Value Customers
14223.0,92,3,991.13,16.518833333333333,49.5565,48.39981,Low Value Customers
14224.0,110,9,1897.9,7.97436974789916,71.76932773109243,81.86019,Low Value Customers
14225.0,435,4,2037.02,23.414022988505746,93.65609195402298,96.24674,Low Value Customers
14226.0,29,6,3002.53,30.6380612244898,183.8283673469388,202.65286,Low Value Customers
14227.0,26,15,6368.71,16.8931299734748,253.396949602122,274.60675,Low Value Customers
14228.0,438,3,745.5,19.61842105263158,58.85526315789474,56.94406,Low Value Customers
14229.0,52,7,2594.04,36.028333333333336,252.19833333333335,270.1406,Low Value Customers
14230.0,436,3,979.8000000000001,29.69090909090909,89.07272727272728,81.59251,Low Value Customers
14231.0,184,4,1235.6200000000001,17.90753623188406,71.63014492753624,71.90424,Low Value Customers
14232.0,43,5,2048.07,17.80930434782609,89.04652173913044,94.90283,Low Value Customers
14233.0,49,7,2904.27,39.784520547945206,278.49164383561646,272.3613,Low Value Customers
14234.0,22,4,775.46,4.877106918238994,19.508427672955975,26.317533,Low Value Customers
14235.0,75,9,4717.99,31.87831081081081,286.9047972972973,307.11917,Low Value Customers
14236.0,81,5,1744.64,34.8928,174.464,164.02673,Low Value Customers
14237.0,373,2,632.14,18.06114285714286,36.12228571428572,34.848286,Low Value Customers
14238.0,326,3,434.23,33.402307692307694,100.20692307692309,89.97051,Low Value Customers
14239.0,43,21,4263.17,20.300809523809523,426.317,393.7999,Low Value Customers
14240.0,30,3,1247.49,20.450655737704917,61.35196721311475,65.143295,Low Value Customers
14241.0,184,2,333.70000000000005,27.808333333333337,55.616666666666674,52.292583,Low Value Customers
14242.0,235,2,280.55,17.534375,35.06875,32.882946,Low Value Customers
14243.0,9,17,7431.05,20.02978436657682,340.5063342318059,315.73584,Low Value Customers
14244.0,661,1,366.41999999999996,22.901249999999997,22.901249999999997,27.983679,Low Value Customers
14245.0,220,2,1693.45,15.680092592592594,31.360185185185188,23.364958,Low Value Customers
14246.0,111,3,1474.06,19.654133333333334,58.9624,59.41652,Low Value Customers
14247.0,278,5,772.66,6.603931623931624,33.01965811965812,39.433445,Low Value Customers
14248.0,318,3,1032.95,21.977659574468085,65.93297872340426,63.561413,Low Value Customers
14249.0,411,12,5625.461,19.331481099656358,231.9777731958763,239.17685,Low Value Customers
14250.0,7,3,1904.05,17.153603603603603,51.46081081081081,56.937546,Low Value Customers
14251.0,2,5,2879.7000000000003,36.91923076923077,184.59615384615387,228.36406,Low Value Customers
14252.0,381,1,350.99,35.099000000000004,35.099000000000004,43.07063,Low Value Customers
14253.0,493,2,363.40000000000003,30.283333333333335,60.56666666666667,60.039406,Low Value Customers
14254.0,433,1,601.03,26.13173913043478,26.13173913043478,32.56536,Low Value Customers
14255.0,546,1,1000.63,1000.63,1000.63,385.08246,Low Value Customers
14256.0,260,5,2473.9900000000002,18.46261194029851,92.31305970149253,93.678406,Low Value Customers
14257.0,64,9,5954.45,24.810208333333332,223.29187499999998,241.06143,Low Value Customers
14258.0,9,25,32051.34,106.8378,2670.945,2277.2036,High Value Customers
14259.0,142,1,120.0,24.0,24.0,28.309267,Low Value Customers
14260.0,471,3,824.28,16.16235294117647,48.48705882352941,49.156216,Low Value Customers
14261.0,51,2,1163.45,22.37403846153846,44.74807692307692,56.944656,Low Value Customers
14262.0,8,8,2618.23,18.3093006993007,146.4744055944056,152.65909,Low Value Customers
14263.0,423,1,322.93,20.183125,20.183125,24.130678,Low Value Customers
14264.0,155,6,1517.3600000000001,19.207088607594937,115.24253164556961,110.147026,Low Value Customers
14265.0,109,4,1373.35,17.384177215189872,69.53670886075949,69.501686,Low Value Customers
14266.0,428,1,40.56,40.56,40.56,42.423355,Low Value Customers
14267.0,163,3,1516.24,27.568,82.70400000000001,77.090355,Low Value Customers
14268.0,471,1,354.85,18.676315789473687,18.676315789473687,20.195349,Low Value Customers
14269.0,439,1,295.73,18.483125,18.483125,20.195349,Low Value Customers
14270.0,332,1,492.65000000000003,16.98793103448276,16.98793103448276,18.515717,Low Value Customers
14271.0,226,2,219.13,5.618717948717949,11.237435897435898,9.201087,Low Value Customers
14272.0,74,4,920.81,14.38765625,57.550625,56.939144,Low Value Customers
14273.0,51,4,559.97,19.309310344827587,77.23724137931035,67.74459,Low Value Customers
14274.0,686,1,256.6,17.10666666666667,17.10666666666667,18.393988,Low Value Customers
14275.0,396,6,1189.3799999999999,51.71217391304347,310.27304347826083,294.45435,Low Value Customers
14276.0,99,7,2102.68,17.377520661157025,121.64264462809918,120.15401,Low Value Customers
14277.0,15,9,17225.81,45.09374345549739,405.8436910994765,526.1329,Low Value Customers
14278.0,410,1,205.83,15.833076923076923,15.833076923076923,14.732541,Low Value Customers
14279.0,521,2,191.86,63.95333333333334,127.90666666666668,97.69935,Low Value Customers
14280.0,197,1,134.04,16.755,16.755,18.265839,Low Value Customers
14281.0,408,1,245.15,35.02142857142857,35.02142857142857,39.43838,Low Value Customers
14282.0,3,25,7849.66,30.904173228346455,772.6043307086613,701.76526,Medium Value Customers
14283.0,463,4,628.4399999999999,15.327804878048779,61.311219512195116,59.600475,Low Value Customers
14284.0,31,3,1299.65,19.39776119402985,58.19328358208955,60.757664,Low Value Customers
14285.0,21,8,3284.42,53.84295081967213,430.74360655737706,489.6596,Low Value Customers
14286.0,24,7,8479.76,16.993507014028058,118.95454909819641,64.66874,Low Value Customers
14287.0,8,3,176.63,19.625555555555554,58.876666666666665,57.874897,Low Value Customers
14288.0,213,1,426.6,26.6625,26.6625,34.77083,Low Value Customers
14289.0,9,6,911.26,19.388510638297873,116.33106382978724,105.16142,Low Value Customers
14290.0,11,8,4516.56,29.910993377483447,239.28794701986757,269.3091,Low Value Customers
14291.0,2,23,7904.1,16.000202429149798,368.00465587044533,377.96573,Low Value Customers
14292.0,8,16,9226.25,47.80440414507772,764.8704663212435,804.4592,Medium Value Customers
14293.0,3,9,3267.9300000000003,24.387537313432837,219.48783582089553,219.23917,Low Value Customers
14294.0,407,1,375.34,16.319130434782608,16.319130434782608,16.614649,Low Value Customers
14295.0,40,5,2362.91,32.818194444444444,164.0909722222222,177.01936,Low Value Customers
14296.0,421,2,456.40000000000003,16.903703703703705,33.80740740740741,32.03405,Low Value Customers
14297.0,18,4,1305.33,21.053709677419352,84.21483870967741,90.39779,Low Value Customers
14298.0,8,82,91194.49,31.841651536312852,2611.015425977654,2645.4272,High Value Customers
14299.0,8,27,14499.49,42.64555882352941,1151.430088235294,1176.2615,Medium Value Customers
14300.0,19,1,43.2,14.4,14.4,15.84712,Low Value Customers
14301.0,117,4,1992.18,37.58830188679245,150.3532075471698,154.29465,Low Value Customers
14302.0,431,3,742.9000000000001,26.532142857142862,79.59642857142859,69.4646,Low Value Customers
14303.0,407,2,277.94,12.633636363636363,25.267272727272726,23.358608,Low Value Customers
14304.0,223,3,1725.01,19.602386363636363,58.80715909090909,61.912178,Low Value Customers
14305.0,71,3,1858.96,17.70438095238095,53.113142857142854,49.317657,Low Value Customers
14306.0,51,6,3151.4,68.50869565217391,411.0521739130435,440.51102,Low Value Customers
14307.0,89,10,5071.03,16.35816129032258,163.58161290322582,178.97607,Low Value Customers
14308.0,549,2,1147.02,573.51,1147.02,1054.9644,Medium Value Customers
14309.0,8,11,3780.81,20.004285714285714,220.04714285714286,225.65347,Low Value Customers
14310.0,433,1,492.1,22.36818181818182,22.36818181818182,28.93644,Low Value Customers
14311.0,243,2,516.45,16.65967741935484,33.31935483870968,32.03405,Low Value Customers
14312.0,47,11,3090.29,17.168277777777778,188.85105555555555,196.03955,Low Value Customers
14314.0,107,2,229.8,22.98,45.96,45.839252,Low Value Customers
14315.0,45,8,3197.82,24.043759398496242,192.35007518796994,191.2957,Low Value Customers
14316.0,422,5,1370.34,44.20451612903226,221.02258064516127,183.68845,Low Value Customers
14317.0,65,1,508.58000000000004,21.190833333333334,21.190833333333334,26.94641,Low Value Customers
14318.0,460,1,158.02,17.55777777777778,17.55777777777778,19.364613,Low Value Customers
14319.0,424,1,494.85,19.032692307692308,19.032692307692308,23.719717,Low Value Customers
14320.0,207,5,1346.75,16.626543209876544,83.13271604938272,85.92852,Low Value Customers
14321.0,11,7,2218.06,12.391396648044692,86.73977653631285,92.182434,Low Value Customers
14322.0,429,4,474.1,36.46923076923077,145.87692307692308,123.728516,Low Value Customers
14323.0,115,2,605.0600000000001,16.807222222222222,33.614444444444445,30.94855,Low Value Customers
14324.0,410,2,701.61,17.112439024390245,34.22487804878049,35.051556,Low Value Customers
14325.0,570,1,245.48000000000002,13.637777777777778,13.637777777777778,12.878181,Low Value Customers
14326.0,242,3,940.98,16.50842105263158,49.52526315789474,48.851482,Low Value Customers
14327.0,163,6,1894.93,17.87669811320755,107.26018867924529,113.00698,Low Value Customers
14328.0,438,1,445.05,445.05,445.05,405.92523,Low Value Customers
14329.0,17,15,9927.22,17.95157323688969,269.2735985533453,296.27838,Low Value Customers
14330.0,624,1,200.63,15.433076923076923,15.433076923076923,14.732541,Low Value Customers
14331.0,124,2,462.65999999999997,16.523571428571426,33.04714285714285,29.803055,Low Value Customers
14332.0,23,5,1943.51,30.84936507936508,154.2468253968254,170.39433,Low Value Customers
14333.0,68,1,415.2,27.68,27.68,41.24085,Low Value Customers
14334.0,17,12,4318.48,16.738294573643408,200.8595348837209,210.89227,Low Value Customers
14335.0,16,2,468.26,7.432698412698413,14.865396825396825,10.21292,Low Value Customers
14336.0,17,4,1614.91,17.943444444444445,71.77377777777778,72.22538,Low Value Customers
14338.0,161,3,928.1,18.562,55.68600000000001,53.271667,Low Value Customers
14339.0,243,2,620.27,26.968260869565217,53.936521739130434,52.213253,Low Value Customers
14340.0,219,1,134.7,22.45,22.45,24.475136,Low Value Customers
14341.0,45,18,4467.32,16.794436090225563,302.29984962406013,323.104,Low Value Customers
14342.0,21,6,918.44,27.831515151515152,166.98909090909092,146.54204,Low Value Customers
14343.0,421,4,1088.91,4.575252100840337,18.301008403361347,27.030851,Low Value Customers
14344.0,127,20,3333.7000000000003,13.718930041152264,274.3786008230453,287.4718,Low Value Customers
14345.0,39,1,108.97999999999999,18.16333333333333,18.16333333333333,20.670633,Low Value Customers
14346.0,121,5,2315.75,15.861301369863014,79.30650684931507,78.347305,Low Value Customers
14347.0,737,1,82.6,13.766666666666666,13.766666666666666,14.478793,Low Value Customers
14348.0,260,1,409.57,22.753888888888888,22.753888888888888,30.243692,Low Value Customers
14349.0,10,1,133.5,4.306451612903226,4.306451612903226,-6.708157,Low Value Customers
14350.0,274,3,972.03,16.47508474576271,49.42525423728813,48.851482,Low Value Customers
14351.0,165,1,51.0,51.0,51.0,62.12383,Low Value Customers
14352.0,157,4,1078.96,22.95659574468085,91.8263829787234,88.670395,Low Value Customers
14353.0,215,3,376.5,15.06,45.18,43.38922,Low Value Customers
14354.0,6,2,163.62,18.18,36.36,38.243298,Low Value Customers
14355.0,366,3,1014.45,14.288028169014085,42.86408450704226,44.124023,Low Value Customers
14356.0,80,2,701.23,21.24939393939394,42.49878787878788,44.991108,Low Value Customers
14357.0,43,1,225.77,5.506585365853659,5.506585365853659,-2.8834667,Low Value Customers
14358.0,389,2,400.06,16.0024,32.0048,30.545723,Low Value Customers
14359.0,19,3,912.18,16.58509090909091,49.755272727272725,52.161648,Low Value Customers
14360.0,32,4,2128.23,18.035847457627117,72.14338983050847,72.28756,Low Value Customers
14361.0,579,1,214.70999999999998,15.33642857142857,15.33642857142857,14.732541,Low Value Customers
14362.0,22,1,161.2,3.9317073170731707,3.9317073170731707,-2.7467177,Low Value Customers
14363.0,402,2,227.47000000000003,28.433750000000003,56.86750000000001,51.199223,Low Value Customers
14364.0,109,8,3717.35,53.87463768115942,430.99710144927536,462.18542,Low Value Customers
14365.0,395,2,634.68,12.44470588235294,24.88941176470588,24.207413,Low Value Customers
14366.0,525,1,136.0,136.0,136.0,173.24503,Low Value Customers
14367.0,8,16,9261.52,17.67465648854962,282.7945038167939,282.87506,Low Value Customers
14368.0,320,1,155.0,19.375,19.375,22.595541,Low Value Customers
14369.0,642,2,469.13,18.04346153846154,36.08692307692308,33.709255,Low Value Customers
14370.0,451,6,1175.78,26.722272727272728,160.33363636363637,139.31618,Low Value Customers
14371.0,295,1,100.5,25.125,25.125,26.705078,Low Value Customers
14372.0,443,2,860.08,22.633684210526315,45.26736842105263,47.824753,Low Value Customers
14373.0,358,1,76.55,19.1375,19.1375,22.595541,Low Value Customers
14374.0,541,1,108.0,15.428571428571429,15.428571428571429,14.732541,Low Value Customers
14375.0,185,3,1132.99,5.245324074074074,15.735972222222223,18.78239,Low Value Customers
14376.0,683,1,215.46,11.97,11.97,10.907824,Low Value Customers
14377.0,191,2,617.05,56.095454545454544,112.19090909090909,128.78664,Low Value Customers
14378.0,622,1,131.25,14.583333333333334,14.583333333333334,14.788214,Low Value Customers
14379.0,44,4,1268.91,9.836511627906978,39.34604651162791,42.838978,Low Value Customers
14380.0,682,1,48.96,48.96,48.96,50.81331,Low Value Customers
14381.0,52,2,631.34,5.538070175438596,11.076140350877193,8.657586,Low Value Customers
14382.0,26,2,1246.8,4.128476821192053,8.256953642384106,3.378256,Low Value Customers
14383.0,38,3,1247.69,21.14728813559322,63.441864406779665,70.48425,Low Value Customers
14384.0,501,1,58.5,19.5,19.5,22.595541,Low Value Customers
14385.0,9,3,202.11,14.436428571428573,43.30928571428572,43.24379,Low Value Customers
14386.0,297,1,142.4,20.342857142857145,20.342857142857145,24.130678,Low Value Customers
14387.0,33,3,1770.56,12.646857142857142,37.940571428571424,43.3401,Low Value Customers
14388.0,10,16,6701.0,16.185990338164252,258.97584541062804,272.1679,Low Value Customers
14389.0,65,5,1898.01,21.816206896551723,109.08103448275861,113.34357,Low Value Customers
14390.0,10,13,6399.83,13.03427698574338,169.44560081466395,170.88756,Low Value Customers
14391.0,577,1,135.6,9.685714285714285,9.685714285714285,5.0021243,Low Value Customers
14392.0,432,1,266.4,19.02857142857143,19.02857142857143,22.595541,Low Value Customers
14393.0,218,1,67.95,13.59,13.59,12.750033,Low Value Customers
14394.0,565,1,93.8,15.633333333333333,15.633333333333333,14.732541,Low Value Customers
14395.0,2,20,8208.01,10.046523867809057,200.93047735618114,204.13728,Low Value Customers
14396.0,65,7,2121.93,7.291855670103092,51.04298969072165,56.13215,Low Value Customers
14397.0,3,19,2612.96,30.034022988505747,570.6464367816092,547.6139,Low Value Customers
14398.0,401,2,707.79,13.354528301886791,26.709056603773583,28.81097,Low Value Customers
14399.0,394,8,2113.16,10.94901554404145,87.5921243523316,95.9449,Low Value Customers
14400.0,149,3,1732.47,23.73246575342466,71.19739726027397,75.12914,Low Value Customers
14401.0,4,22,6795.9,25.5484962406015,562.066917293233,549.3391,Low Value Customers
14402.0,652,1,285.6,35.7,35.7,39.295033,Low Value Customers
14403.0,130,6,1880.51,75.2204,451.3224,440.41486,Low Value Customers
14404.0,34,13,2899.11,13.739857819905215,178.6181516587678,174.85878,Low Value Customers
14405.0,387,1,195.0,97.5,97.5,103.27518,Low Value Customers
14406.0,119,1,156.75,19.59375,19.59375,22.183218,Low Value Customers
14407.0,107,6,2157.73,29.557945205479452,177.3476712328767,188.60692,Low Value Customers
14408.0,11,11,4109.77,31.85868217054264,350.44550387596905,382.98038,Low Value Customers
14409.0,71,9,3756.09,35.43481132075472,318.91330188679245,299.15378,Low Value Customers
14410.0,92,11,2651.14,6.745903307888041,74.20493638676845,83.25386,Low Value Customers
14411.0,311,1,1063.0,75.92857142857143,75.92857142857143,138.70418,Low Value Customers
14412.0,43,3,1426.19,16.978452380952383,50.93535714285715,53.45151,Low Value Customers
14413.0,362,4,770.37,7.781515151515151,31.126060606060605,34.287987,Low Value Customers
14414.0,92,8,2399.33,20.333305084745763,162.6664406779661,153.8855,Low Value Customers
14415.0,1,23,12091.6,9.588897700237906,220.54464710547185,227.10541,Low Value Customers
14416.0,22,2,490.22,35.01571428571429,70.03142857142858,91.24718,Low Value Customers
14417.0,388,1,604.2,4.41021897810219,4.41021897810219,-5.7776637,Low Value Customers
14418.0,4,3,1937.25,15.622983870967742,46.868951612903224,46.172268,Low Value Customers
14419.0,11,7,1260.91,5.506157205240175,38.54310043668123,46.337048,Low Value Customers
14420.0,99,4,1639.17,17.62548387096774,70.50193548387097,69.66495,Low Value Customers
14421.0,57,6,2469.37,25.722604166666667,154.335625,151.88304,Low Value Customers
14422.0,1,19,10271.52,18.60782608695652,353.54869565217393,363.47366,Low Value Customers
14423.0,218,3,916.6099999999999,61.10733333333333,183.322,176.44202,Low Value Customers
14424.0,18,1,322.08,322.08,322.08,331.53476,Low Value Customers
14425.0,435,3,661.39,16.958717948717947,50.87615384615384,50.928627,Low Value Customers
14426.0,24,17,11727.94,19.417119205298015,330.09102649006627,305.9676,Low Value Customers
14427.0,50,4,1263.52,28.716363636363635,114.86545454545454,118.79473,Low Value Customers
14428.0,7,5,1244.83,8.644652777777777,43.22326388888889,41.914993,Low Value Customers
14429.0,404,1,516.28,23.467272727272725,23.467272727272725,30.87133,Low Value Customers
14430.0,512,3,1220.9,34.88285714285715,104.64857142857144,99.68852,Low Value Customers
14431.0,303,4,2614.2,32.27407407407407,129.0962962962963,150.76842,Low Value Customers
14432.0,10,6,2255.51,5.904476439790576,35.426858638743454,35.641876,Low Value Customers
14433.0,466,1,289.6,3.7610389610389614,3.7610389610389614,-1.7064248,Low Value Customers
14434.0,22,6,1372.8,114.39999999999999,686.4,643.4387,Low Value Customers
14435.0,502,1,90.42,30.14,30.14,31.951666,Low Value Customers
14436.0,99,2,271.70000000000005,24.700000000000003,49.400000000000006,46.29419,Low Value Customers
14437.0,366,5,958.84,19.975833333333334,99.87916666666666,93.35557,Low Value Customers
14438.0,306,1,131.9,14.655555555555557,14.655555555555557,14.788214,Low Value Customers
14439.0,320,5,9443.04,73.20186046511628,366.0093023255814,309.5945,Low Value Customers
14440.0,8,13,6638.7300000000005,47.0831914893617,612.0814893617021,570.2149,Low Value Customers
14441.0,1,11,4611.6900000000005,29.946038961038965,329.4064285714286,349.38382,Low Value Customers
14442.0,205,7,5367.0199999999995,29.3279781420765,205.2958469945355,219.64746,Low Value Customers
14443.0,54,5,2386.47,15.5978431372549,77.9892156862745,77.55456,Low Value Customers
14444.0,456,1,132.04,10.156923076923077,10.156923076923077,7.0996556,Low Value Customers
14445.0,456,1,221.65,6.9265625,6.9265625,0.12133007,Low Value Customers
14446.0,1,5,1241.31,3.6616814159292033,18.308407079646017,23.34881,Low Value Customers
14447.0,19,6,1711.73,16.148396226415095,96.89037735849057,101.31473,Low Value Customers
14448.0,9,2,375.35,18.767500000000002,37.535000000000004,39.088802,Low Value Customers
14449.0,19,8,2482.8,4.547252747252748,36.378021978021984,45.94825,Low Value Customers
14450.0,181,7,1128.44,14.847894736842106,103.93526315789474,102.955894,Low Value Customers
14451.0,60,12,3308.77,6.338639846743295,76.06367816091954,79.842445,Low Value Customers
14452.0,11,4,665.59,5.042348484848485,20.16939393939394,24.4218,Low Value Customers
14453.0,190,1,119.93,5.451363636363637,5.451363636363637,-2.2908897,Low Value Customers
14454.0,376,5,977.3,8.884545454545455,44.42272727272727,44.49424,Low Value Customers
14455.0,432,4,628.21,7.952025316455697,31.80810126582279,34.901943,Low Value Customers
14456.0,5,9,3062.4,3.1571134020618556,28.4140206185567,46.385155,Low Value Customers
14457.0,311,1,113.64,28.41,28.41,31.343851,Low Value Customers
14458.0,381,1,237.42,4.84530612244898,4.84530612244898,-1.9597542,Low Value Customers
14459.0,155,2,5375.741,47.57292920353982,95.14585840707964,102.4911,Low Value Customers
14460.0,110,9,1093.5,26.035714285714285,234.32142857142856,194.45901,Low Value Customers
14461.0,148,13,6713.5,10.36033950617284,134.6844135802469,174.62239,Low Value Customers
14462.0,66,12,2270.01,7.854705882352942,94.2564705882353,97.533104,Low Value Customers
14463.0,98,4,786.5699999999999,98.32124999999999,393.28499999999997,379.0999,Low Value Customers
14464.0,568,2,111.0,27.75,55.5,46.950058,Low Value Customers
14465.0,247,11,3946.03,19.730150000000002,217.03165,222.98618,Low Value Customers
14466.0,29,13,4646.9,21.513425925925926,279.67453703703706,274.4694,Low Value Customers
14467.0,18,12,2220.9900000000002,7.211006493506495,86.53207792207793,90.68515,Low Value Customers
14468.0,734,1,204.24,17.02,17.02,18.393988,Low Value Customers
14469.0,416,4,2112.21,14.368775510204081,57.475102040816324,61.296135,Low Value Customers
14470.0,12,3,712.04,11.867333333333333,35.602,36.98444,Low Value Customers
14471.0,591,2,400.95,9.779268292682927,19.558536585365854,18.371029,Low Value Customers
14472.0,104,9,2228.22,6.691351351351351,60.22216216216216,74.72201,Low Value Customers
14473.0,74,2,234.34000000000003,33.47714285714286,66.95428571428572,67.63058,Low Value Customers
14474.0,46,2,1278.08,9.682424242424242,19.364848484848483,15.416749,Low Value Customers
14475.0,72,4,1151.15,23.98229166666667,95.92916666666667,94.11841,Low Value Customers
14476.0,257,1,215.7,11.352631578947367,11.352631578947367,10.907824,Low Value Customers
14477.0,20,7,1969.6,140.68571428571428,984.8,940.7964,Medium Value Customers
14478.0,382,4,1276.66,18.774411764705885,75.09764705882354,72.65215,Low Value Customers
14479.0,254,4,1299.11,8.718859060402684,34.875436241610736,39.20864,Low Value Customers
14480.0,11,4,1299.52,19.992615384615384,79.97046153846154,80.923386,Low Value Customers
14481.0,165,5,2311.4900000000002,15.20717105263158,76.0358552631579,78.94009,Low Value Customers
14482.0,18,12,4357.91,17.22494071146245,206.69928853754942,210.73201,Low Value Customers
14483.0,282,2,257.1,19.77692307692308,39.55384615384616,36.291794,Low Value Customers
14484.0,50,4,1070.98,20.207169811320757,80.82867924528303,77.00826,Low Value Customers
14485.0,39,1,165.75,3.526595744680851,3.526595744680851,-2.484351,Low Value Customers
14486.0,512,2,175.5,29.25,58.5,54.613277,Low Value Customers
14487.0,27,7,1453.61,7.6505789473684205,53.55405263157894,62.210003,Low Value Customers
14488.0,68,1,1064.28,23.136521739130433,23.136521739130433,38.229893,Low Value Customers
14489.0,207,4,1574.93,15.7493,62.9972,63.479828,Low Value Customers
14490.0,406,2,1273.47,15.918375000000001,31.836750000000002,34.418804,Low Value Customers
14491.0,175,2,468.13,22.29190476190476,44.58380952380952,46.283234,Low Value Customers
14492.0,430,7,1921.91,20.890326086956524,146.23228260869567,141.9188,Low Value Customers
14493.0,7,10,5130.15,14.09381868131868,140.9381868131868,147.71786,Low Value Customers
14494.0,26,3,401.46,23.615294117647057,70.84588235294117,68.69373,Low Value Customers
14495.0,51,3,174.8,24.97142857142857,74.91428571428571,63.19068,Low Value Customers
14496.0,312,7,2668.23,24.03810810810811,168.26675675675676,165.3449,Low Value Customers
14497.0,309,2,697.0600000000001,17.4265,34.853,34.542297,Low Value Customers
14498.0,43,10,3911.27,10.542506738544475,105.42506738544475,106.30672,Low Value Customers
14499.0,26,7,2138.9700000000003,6.7052351097178695,46.93664576802509,48.564606,Low Value Customers
14500.0,88,3,356.85,50.978571428571435,152.9357142857143,126.7588,Low Value Customers
14501.0,184,2,251.21,25.121000000000002,50.242000000000004,45.983917,Low Value Customers
14502.0,20,11,2470.67,3.9594070512820516,43.553477564102565,64.51811,Low Value Customers
14503.0,3,6,3543.26,21.605243902439025,129.63146341463414,140.98778,Low Value Customers
14504.0,47,4,673.26,6.2921495327102805,25.168598130841122,30.699644,Low Value Customers
14505.0,17,19,12001.84,7.463830845771144,141.81278606965174,144.84825,Low Value Customers
14506.0,17,7,3290.67,6.971758474576271,48.8023093220339,38.80108,Low Value Customers
14507.0,24,11,3284.43,12.301235955056178,135.31359550561797,139.74998,Low Value Customers
14508.0,22,5,874.94,4.653936170212766,23.269680851063832,29.40291,Low Value Customers
14509.0,534,1,110.95,4.438,4.438,-1.4922074,Low Value Customers
14510.0,376,3,1007.28,12.913846153846153,38.74153846153846,39.288834,Low Value Customers
14511.0,11,5,1314.81,19.33544117647059,96.67720588235295,89.15464,Low Value Customers
14512.0,188,7,1223.47,15.293375000000001,107.05362500000001,107.7678,Low Value Customers
14513.0,101,6,788.01,41.47421052631579,248.84526315789472,215.63521,Low Value Customers
14514.0,61,9,4598.9800000000005,13.526411764705884,121.73770588235296,116.63399,Low Value Customers
14515.0,18,12,3749.2599999999998,21.302613636363635,255.63136363636363,249.8385,Low Value Customers
14516.0,516,1,163.92,4.43027027027027,4.43027027027027,-1.4922074,Low Value Customers
14517.0,33,2,330.45,18.358333333333334,36.71666666666667,33.95451,Low Value Customers
14518.0,64,1,174.37,10.898125,10.898125,8.64605,Low Value Customers
14519.0,684,2,206.09,5.284358974358974,10.568717948717948,9.115564,Low Value Customers
14520.0,2,2,270.6,67.65,135.3,137.04189,Low Value Customers
14521.0,491,1,199.45000000000002,11.732352941176472,11.732352941176472,10.907824,Low Value Customers
14522.0,24,8,1758.6200000000001,38.2308695652174,305.8469565217392,279.27435,Low Value Customers
14523.0,108,1,241.09,20.090833333333332,20.090833333333332,24.729834,Low Value Customers
14524.0,32,13,2933.71,8.94423780487805,116.27509146341464,119.46062,Low Value Customers
14525.0,20,17,8240.64,15.176132596685083,257.9942541436464,258.41827,Low Value Customers
14526.0,389,1,262.4,6.247619047619047,6.247619047619047,-0.45623863,Low Value Customers
14527.0,3,122,27792.3,10.289633469085524,1255.335283228434,1279.4149,Medium Value Customers
14528.0,37,1,364.21999999999997,20.234444444444442,20.234444444444442,26.424767,Low Value Customers
14529.0,60,3,620.04,2.707598253275109,8.122794759825327,16.22135,Low Value Customers
14530.0,26,16,6197.4,12.778144329896907,204.45030927835052,213.57973,Low Value Customers
14531.0,480,1,376.34,12.977241379310344,12.977241379310344,12.049107,Low Value Customers
14532.0,236,11,3859.1800000000003,12.135786163522013,133.49364779874213,136.81728,Low Value Customers
14533.0,25,11,3466.37,38.947977528089886,428.42775280898877,400.0996,Low Value Customers
14534.0,3,26,6271.11,8.578809849521203,223.0490560875513,232.38826,Low Value Customers
14535.0,60,9,6030.7300000000005,7.136958579881657,64.23262721893491,65.703064,Low Value Customers
14536.0,260,1,171.8,9.042105263157895,9.042105263157895,5.0021243,Low Value Customers
14537.0,58,2,641.4,27.88695652173913,55.77391304347826,60.339836,Low Value Customers
14538.0,65,5,1370.8400000000001,26.362307692307695,131.81153846153848,127.375885,Low Value Customers
14539.0,16,2,537.48,16.79625,33.5925,33.66008,Low Value Customers
14540.0,10,11,3795.34,13.902344322344323,152.92578754578756,157.6473,Low Value Customers
14541.0,59,14,2499.68,13.810386740331491,193.34541436464087,186.39832,Low Value Customers
14542.0,186,1,103.25,20.65,20.65,25.014008,Low Value Customers
14543.0,29,39,14906.77,68.69479262672812,2679.0969124423964,2679.174,High Value Customers
14544.0,24,3,2982.43,15.533489583333333,46.60046875,41.197586,Low Value Customers
14545.0,674,1,349.25,15.184782608695652,15.184782608695652,14.732541,Low Value Customers
14546.0,5,11,5197.9,6.538238993710691,71.9206289308176,73.1562,Low Value Customers
14547.0,4,8,4007.54,10.949562841530055,87.59650273224044,89.34158,Low Value Customers
14548.0,151,9,2627.49,23.252123893805308,209.26911504424777,202.31804,Low Value Customers
14549.0,311,4,916.5500000000001,6.364930555555556,25.459722222222226,30.818146,Low Value Customers
14550.0,11,4,1353.31,13.809285714285714,55.23714285714286,60.161438,Low Value Customers
14551.0,18,7,880.04,11.000499999999999,77.00349999999999,74.447845,Low Value Customers
14552.0,152,3,511.28000000000003,3.25656050955414,9.76968152866242,18.685524,Low Value Customers
14553.0,19,9,1841.54,6.138466666666667,55.2462,63.791245,Low Value Customers
14554.0,10,4,2381.04,11.023333333333333,44.093333333333334,41.848877,Low Value Customers
14555.0,57,6,2315.63,19.4590756302521,116.75445378151261,117.04415,Low Value Customers
14556.0,596,3,835.34,4.114975369458128,12.344926108374384,17.963612,Low Value Customers
14557.0,85,1,788.38,49.27375,49.27375,82.509285,Low Value Customers
14558.0,654,3,655.5,43.7,131.10000000000002,108.37431,Low Value Customers
14559.0,390,1,75.6,37.8,37.8,40.192547,Low Value Customers
14560.0,7,44,6114.03,30.570149999999998,1345.0865999999999,857.4413,Medium Value Customers
14561.0,76,3,1080.76,15.6631884057971,46.9895652173913,44.843765,Low Value Customers
14562.0,4,26,6729.400000000001,11.013747954173487,286.35744680851064,286.4436,Low Value Customers
14563.0,510,2,679.44,5.908173913043479,11.816347826086957,11.624744,Low Value Customers
14564.0,435,2,2605.62,24.35158878504673,48.70317757009346,49.111107,Low Value Customers
14565.0,96,5,3859.2200000000003,24.120125,120.60062500000001,123.50695,Low Value Customers
14566.0,111,4,4092.0,255.75,1023.0,968.5572,Medium Value Customers
14567.0,57,2,1530.3600000000001,46.374545454545455,92.74909090909091,97.61415,Low Value Customers
14568.0,435,1,919.7,19.56808510638298,19.56808510638298,27.236935,Low Value Customers
14569.0,1,4,598.98,17.113714285714288,68.45485714285715,62.11848,Low Value Customers
14570.0,281,3,613.75,9.025735294117647,27.077205882352942,27.692093,Low Value Customers
14571.0,425,1,161.65,5.214516129032258,5.214516129032258,-1.9597542,Low Value Customers
14572.0,3,11,5615.18,10.675247148288975,117.42771863117872,127.743774,Low Value Customers
14573.0,180,13,2621.42,6.586482412060302,85.62427135678392,91.039085,Low Value Customers
14574.0,733,1,143.70000000000002,13.063636363636364,13.063636363636364,11.490223,Low Value Customers
14575.0,488,1,460.71,6.225810810810811,6.225810810810811,-0.45623863,Low Value Customers
14576.0,372,1,70.80000000000001,35.400000000000006,35.400000000000006,39.445477,Low Value Customers
14577.0,13,7,1374.25,7.428378378378379,51.998648648648654,57.87333,Low Value Customers
14578.0,3,1,168.63,7.02625,7.02625,-4.2572803,Low Value Customers
14579.0,432,1,105.56,4.2224,4.2224,-1.4922074,Low Value Customers
14580.0,518,1,14.850000000000001,14.850000000000001,14.850000000000001,14.732541,Low Value Customers
14581.0,17,2,433.8,6.673846153846154,13.347692307692308,9.365191,Low Value Customers
14582.0,41,1,114.11,19.018333333333334,19.018333333333334,22.394873,Low Value Customers
14583.0,6,8,1781.03,3.519822134387352,28.158577075098815,48.202915,Low Value Customers
14584.0,169,8,1747.91,7.9090950226244345,63.272760180995476,77.88586,Low Value Customers
14585.0,50,5,1143.27,10.29972972972973,51.498648648648654,50.817505,Low Value Customers
14586.0,277,1,237.36,12.49263157894737,12.49263157894737,10.784911,Low Value Customers
14587.0,19,9,1601.14,4.180522193211488,37.624699738903395,58.056984,Low Value Customers
14588.0,578,1,135.39,8.461875,8.461875,0.6003758,Low Value Customers
14589.0,372,1,79.5,13.25,13.25,12.878181,Low Value Customers
14590.0,425,20,3006.62,14.738333333333333,294.76666666666665,303.89026,Low Value Customers
14591.0,15,4,1447.14,7.345888324873097,29.383553299492387,31.180357,Low Value Customers
14592.0,35,3,570.46,3.4784146341463416,10.435243902439025,17.413174,Low Value Customers
14593.0,22,12,3712.0099999999998,5.977471819645732,71.72966183574879,76.69567,Low Value Customers
14594.0,7,2,634.83,7.5575,15.115,9.149233,Low Value Customers
14595.0,20,8,2164.45,15.915073529411764,127.32058823529411,133.39166,Low Value Customers
14596.0,627,1,229.47,4.025789473684211,4.025789473684211,-1.4922074,Low Value Customers
14597.0,11,6,2201.54,21.374174757281555,128.24504854368934,135.05424,Low Value Customers
14598.0,44,2,384.04,4.267111111111111,8.534222222222223,8.123092,Low Value Customers
14599.0,390,2,474.54,5.787073170731707,11.574146341463415,8.98687,Low Value Customers
14600.0,306,2,865.1700000000001,16.02166666666667,32.04333333333334,32.085724,Low Value Customers
14601.0,11,1,213.96,30.565714285714286,30.565714285714286,50.004925,Low Value Customers
14602.0,656,1,205.35999999999999,6.624516129032258,6.624516129032258,-0.24202144,Low Value Customers
14603.0,275,1,660.0,330.0,330.0,378.6536,Low Value Customers
14604.0,633,1,143.85999999999999,6.254782608695652,6.254782608695652,-0.24202144,Low Value Customers
14605.0,374,4,937.16,8.442882882882882,33.77153153153153,34.67713,Low Value Customers
14606.0,1,192,30861.06,4.70013097776424,902.4251477307341,863.92017,Medium Value Customers
14607.0,16,22,24137.63,115.49105263157895,2540.803157894737,2589.5164,High Value Customers
14608.0,4,11,3352.94,77.97534883720931,857.7288372093024,837.11816,Medium Value Customers
14609.0,72,10,1486.2,114.32307692307693,1143.2307692307693,859.0828,Medium Value Customers
14610.0,396,2,24.35,2.435,4.87,9.87162,Low Value Customers
14611.0,444,2,604.3299999999999,15.903421052631577,31.806842105263154,29.973139,Low Value Customers
14612.0,415,1,877.7,62.69285714285714,62.69285714285714,106.4086,Low Value Customers
14613.0,680,1,76.32000000000001,76.32000000000001,76.32000000000001,66.067696,Low Value Customers
14614.0,386,1,295.13,15.533157894736842,15.533157894736842,14.732541,Low Value Customers
14615.0,394,5,951.76,19.828333333333333,99.14166666666667,95.39976,Low Value Customers
14616.0,243,5,527.78,105.556,527.78,513.05286,Low Value Customers
14617.0,403,2,190.47000000000003,21.163333333333338,42.326666666666675,37.880547,Low Value Customers
14618.0,9,7,1342.32,26.32,184.24,168.64743,Low Value Customers
14619.0,246,2,1291.24,21.520666666666667,43.041333333333334,44.509655,Low Value Customers
14620.0,206,2,412.78000000000003,15.876153846153848,31.752307692307696,30.606972,Low Value Customers
14621.0,1,9,3000.57,18.871509433962267,169.8435849056604,182.05887,Low Value Customers
14622.0,185,1,320.58000000000004,15.265714285714287,15.265714285714287,14.604393,Low Value Customers
14623.0,32,10,2059.58,7.053356164383562,70.53356164383561,70.805244,Low Value Customers
14624.0,57,6,814.07,15.962156862745099,95.7729411764706,90.9163,Low Value Customers
14625.0,196,11,4497.88,16.90932330827068,186.00255639097747,199.08844,Low Value Customers
14626.0,24,11,5410.92,23.32293103448276,256.5522413793104,261.68375,Low Value Customers
14627.0,379,1,462.75,15.956896551724139,15.956896551724139,17.027374,Low Value Customers
14628.0,91,5,1998.0,23.232558139534884,116.16279069767442,125.11681,Low Value Customers
14629.0,4,2,959.01,6.309276315789473,12.618552631578947,5.6644077,Low Value Customers
14630.0,484,1,338.65,16.126190476190477,16.126190476190477,16.614649,Low Value Customers
14631.0,51,6,2025.69,22.26032967032967,133.56197802197804,136.69447,Low Value Customers
14632.0,263,1,114.56,14.32,14.32,14.478793,Low Value Customers
14633.0,266,1,344.90000000000003,17.245,17.245,18.45715,Low Value Customers
14634.0,438,4,2124.46,19.49045871559633,77.96183486238532,82.002,Low Value Customers
14635.0,454,1,215.22,14.348,14.348,14.478793,Low Value Customers
14636.0,36,2,609.85,21.780357142857145,43.56071428571429,51.113773,Low Value Customers
14637.0,677,1,106.67999999999999,15.239999999999998,15.239999999999998,14.732541,Low Value Customers
14638.0,51,1,443.6,27.725,27.725,41.24085,Low Value Customers
14639.0,52,9,4978.96,17.05123287671233,153.46109589041097,153.42664,Low Value Customers
14640.0,24,10,3667.06,17.97578431372549,179.7578431372549,183.39615,Low Value Customers
14641.0,22,1,110.46,15.78,15.78,16.706299,Low Value Customers
14642.0,59,1,96.12,48.06,48.06,57.358707,Low Value Customers
14643.0,170,5,1679.89,27.095000000000002,135.47500000000002,124.97119,Low Value Customers
14644.0,68,7,2247.72,36.25354838709677,253.7748387096774,264.5212,Low Value Customers
14645.0,157,3,876.89,18.268541666666668,54.805625000000006,52.091988,Low Value Customers
14646.0,2,151,528602.52,137.33502727981295,20737.589119251756,15356.356,Premium Customers
14647.0,201,2,519.97,10.195490196078431,20.390980392156862,18.371029,Low Value Customers
14648.0,416,15,4546.86,9.9930989010989,149.8964835164835,164.55205,Low Value Customers
14649.0,5,9,3775.31,6.600192307692308,59.401730769230774,57.437016,Low Value Customers
14650.0,589,1,62.5,15.625,15.625,14.732541,Low Value Customers
14651.0,67,9,2034.1200000000001,7.062916666666667,63.566250000000004,73.54285,Low Value Customers
14652.0,77,1,114.18,3.937241379310345,3.937241379310345,-2.2129338,Low Value Customers
14653.0,1,12,3614.54,9.364093264248705,112.36911917098446,110.64706,Low Value Customers
14654.0,738,1,246.86,9.142962962962963,9.142962962962963,5.0021243,Low Value Customers
14655.0,8,7,3878.51,37.655436893203884,263.5880582524272,295.95898,Low Value Customers
14656.0,169,5,814.65,3.7890697674418603,18.945348837209302,33.11759,Low Value Customers
14657.0,18,6,1460.8700000000001,6.794744186046512,40.768465116279074,47.188103,Low Value Customers
14658.0,5,2,247.15,8.522413793103448,17.044827586206896,8.810932,Low Value Customers
14659.0,9,9,2529.93,9.999723320158102,89.99750988142291,94.29189,Low Value Customers
14660.0,87,2,285.74,9.524666666666667,19.049333333333333,15.70008,Low Value Customers
14661.0,27,1,107.95,26.9875,26.9875,36.418915,Low Value Customers
14662.0,29,7,1416.33,5.5981422924901185,39.18699604743083,48.35241,Low Value Customers
14663.0,430,2,490.6,7.214705882352941,14.429411764705883,11.392682,Low Value Customers
14664.0,20,2,637.89,6.443333333333333,12.886666666666667,9.795976,Low Value Customers
14665.0,61,7,2749.65,20.83068181818182,145.81477272727273,155.84021,Low Value Customers
14666.0,24,1,195.25,13.946428571428571,13.946428571428571,16.45255,Low Value Customers
14667.0,11,54,21927.14,16.09922173274596,869.3579735682819,909.9654,Medium Value Customers
14668.0,445,1,111.63,9.3025,9.3025,5.0021243,Low Value Customers
14669.0,242,7,3243.93,8.212481012658227,57.487367088607584,54.010002,Low Value Customers
14670.0,280,3,602.0,3.202127659574468,9.606382978723403,18.497711,Low Value Customers
14671.0,549,2,1127.45,20.49909090909091,40.99818181818182,48.703312,Low Value Customers
14672.0,235,4,1113.14,10.501320754716982,42.00528301886793,47.853657,Low Value Customers
14673.0,3,7,3410.81,20.92521472392638,146.47650306748466,160.23123,Low Value Customers
14674.0,509,1,173.66,12.404285714285715,12.404285714285715,10.784911,Low Value Customers
14675.0,16,2,1066.9,4.4454166666666675,8.890833333333335,3.09809,Low Value Customers
14676.0,31,12,8356.79,62.833007518797,753.996090225564,738.98346,Medium Value Customers
14677.0,593,1,184.91,13.207857142857142,13.207857142857142,12.878181,Low Value Customers
14678.0,579,1,403.39,16.807916666666667,16.807916666666667,18.515717,Low Value Customers
14679.0,382,3,1289.44,20.467301587301588,61.40190476190476,60.325016,Low Value Customers
14680.0,25,58,57412.77,44.437128482972135,2577.353452012384,2774.5803,High Value Customers
14681.0,71,6,875.1500000000001,43.75750000000001,262.5450000000001,215.19044,Low Value Customers
14682.0,188,6,1514.81,17.61406976744186,105.68441860465114,104.25118,Low Value Customers
14683.0,588,1,146.56,6.979047619047619,6.979047619047619,0.12133007,Low Value Customers
14684.0,26,6,1468.55,2.829576107899807,16.977456647398842,36.988388,Low Value Customers
14685.0,576,8,4619.79,23.69123076923077,189.52984615384617,209.04308,Low Value Customers
14686.0,414,5,885.83,3.769489361702128,18.84744680851064,35.214573,Low Value Customers
14687.0,107,3,1402.06,35.0515,105.15449999999998,108.64618,Low Value Customers
14688.0,8,28,7713.57,15.036198830409356,421.01356725146195,415.89304,Low Value Customers
14689.0,209,1,112.8,8.676923076923076,8.676923076923076,2.1262267,Low Value Customers
14690.0,44,4,794.33,7.565047619047619,30.260190476190477,32.79763,Low Value Customers
14691.0,31,5,2114.33,29.779295774647885,148.89647887323943,162.14369,Low Value Customers
14692.0,137,12,1745.09,10.706073619631901,128.47288343558282,125.55719,Low Value Customers
14693.0,265,7,1165.36,15.538133333333333,108.76693333333333,107.7678,Low Value Customers
14694.0,617,1,244.31,16.287333333333333,16.287333333333333,16.614649,Low Value Customers
14695.0,519,3,1620.07,18.83802325581395,56.51406976744185,60.437546,Low Value Customers
14696.0,4,8,2767.9,16.092441860465115,128.73953488372092,140.02856,Low Value Customers
14697.0,218,2,188.60999999999999,8.573181818181817,17.146363636363635,11.964216,Low Value Customers
14698.0,2,5,1250.76,5.9559999999999995,29.779999999999998,30.010345,Low Value Customers
14699.0,214,4,702.6,14.052,56.208,58.422604,Low Value Customers
14700.0,32,5,3116.26,18.33094117647059,91.65470588235294,95.85103,Low Value Customers
14701.0,11,15,4562.09,7.40599025974026,111.08985389610389,116.31172,Low Value Customers
14702.0,1,29,6754.22,9.367850208044382,271.6676560332871,275.9996,Low Value Customers
14703.0,15,1,318.17,14.462272727272728,14.462272727272728,15.659263,Low Value Customers
14704.0,11,11,1813.57,3.7548033126293996,41.30283643892339,63.006607,Low Value Customers
14705.0,199,1,179.0,179.0,179.0,213.53209,Low Value Customers
14706.0,619,1,390.69,13.953214285714285,13.953214285714285,14.478793,Low Value Customers
14707.0,436,2,139.2,69.6,139.2,99.27624,Low Value Customers
14708.0,3,5,2212.2799999999997,41.7411320754717,208.70566037735847,236.81667,Low Value Customers
14709.0,15,25,8886.33,24.891680672268908,622.2920168067227,601.36975,Low Value Customers
14710.0,14,13,1922.59,4.349751131221719,56.54676470588235,71.75025,Low Value Customers
14711.0,10,11,2868.8,8.035854341736695,88.39439775910364,90.87431,Low Value Customers
14712.0,29,4,1328.0700000000002,41.502187500000005,166.00875000000002,153.63869,Low Value Customers
14713.0,9,21,5418.87,7.719188034188034,162.10294871794872,173.43912,Low Value Customers
14714.0,24,4,906.24,9.744516129032258,38.97806451612903,41.339943,Low Value Customers
14715.0,25,8,1840.45,13.336594202898551,106.69275362318841,105.26829,Low Value Customers
14716.0,43,3,565.45,5.6545000000000005,16.963500000000003,20.099886,Low Value Customers
14717.0,733,1,81.3,7.390909090909091,7.390909090909091,0.12133007,Low Value Customers
14718.0,410,1,226.42,20.583636363636362,20.583636363636362,24.130678,Low Value Customers
14719.0,2,5,1602.13,6.7600421940928275,33.800210970464136,30.168995,Low Value Customers
14720.0,6,3,663.81,17.94081081081081,53.82243243243243,55.620647,Low Value Customers
14721.0,379,1,115.77,4.2877777777777775,4.2877777777777775,-1.4922074,Low Value Customers
14722.0,147,3,513.37,5.461382978723404,16.384148936170213,20.692465,Low Value Customers
14723.0,10,11,2093.06,4.3514760914760915,47.86623700623701,59.75089,Low Value Customers
14724.0,590,1,345.25,8.029069767441861,8.029069767441861,0.38615853,Low Value Customers
14725.0,25,4,1315.24,12.526095238095238,50.10438095238095,52.760307,Low Value Customers
14726.0,655,1,124.75,6.565789473684211,6.565789473684211,-0.24202144,Low Value Customers
14727.0,274,3,467.92999999999995,9.95595744680851,29.867872340425528,30.244095,Low Value Customers
14728.0,413,1,190.58,13.612857142857143,13.612857142857143,12.878181,Low Value Customers
14729.0,374,3,907.38,4.362403846153846,13.087211538461538,16.117619,Low Value Customers
14730.0,1,8,2005.06,4.0021157684630735,32.01692614770459,47.10824,Low Value Customers
14731.0,47,3,380.02,8.444888888888888,25.334666666666664,23.137363,Low Value Customers
14732.0,8,19,5517.07,19.9172202166065,378.42718411552346,378.1103,Low Value Customers
14733.0,16,15,16184.97,46.50853448275862,697.6280172413793,769.863,Medium Value Customers
14734.0,426,4,1056.42,16.76857142857143,67.07428571428572,67.21257,Low Value Customers
14735.0,4,56,12240.16,33.44306010928962,1872.8113661202187,1806.3508,Medium Value Customers
14736.0,485,2,401.08,4.0108,8.0216,8.883166,Low Value Customers
14737.0,4,4,3554.17,78.98155555555556,315.92622222222224,418.84763,Low Value Customers
14738.0,43,9,1821.9,22.77375,204.96375,179.75253,Low Value Customers
14739.0,4,25,12287.5,47.998046875,1199.951171875,1303.9897,Medium Value Customers
14740.0,197,11,4161.06,18.013246753246754,198.1457142857143,215.88824,Low Value Customers
14741.0,12,7,1897.59,22.324588235294115,156.2721176470588,157.85445,Low Value Customers
14742.0,435,1,579.85,17.054411764705883,17.054411764705883,18.515717,Low Value Customers
14743.0,593,1,50.48,16.826666666666664,16.826666666666664,18.393988,Low Value Customers
14744.0,16,14,3885.08,32.10809917355372,449.51338842975207,427.57593,Low Value Customers
14745.0,113,12,2571.81,18.239787234042552,218.87744680851063,210.56557,Low Value Customers
14746.0,406,4,593.5,65.94444444444444,263.77777777777777,218.48558,Low Value Customers
14747.0,249,1,328.2,18.233333333333334,18.233333333333334,20.357695,Low Value Customers
14748.0,29,10,3152.32,16.504293193717277,165.04293193717277,168.45268,Low Value Customers
14749.0,480,1,310.15,17.230555555555554,17.230555555555554,18.45715,Low Value Customers
14750.0,736,1,112.03,3.5009375,3.5009375,-1.4922074,Low Value Customers
14751.0,684,2,126.45,18.064285714285713,36.128571428571426,33.587532,Low Value Customers
14752.0,44,1,389.64,77.928,77.928,89.519714,Low Value Customers
14753.0,87,2,869.51,18.114791666666665,36.22958333333333,35.090626,Low Value Customers
14754.0,45,6,1550.48,11.317372262773723,67.90423357664234,69.820946,Low Value Customers
14755.0,10,25,9972.550000000001,20.99484210526316,524.871052631579,453.94217,Low Value Customers
14756.0,15,3,2653.76,22.300504201680674,66.90151260504203,84.55855,Low Value Customers
14757.0,75,1,420.5,22.13157894736842,22.13157894736842,31.311415,Low Value Customers
14758.0,145,7,2864.97,21.065955882352938,147.46169117647057,158.36887,Low Value Customers
14759.0,5,3,1625.97,15.940882352941177,47.822647058823534,54.400303,Low Value Customers
14760.0,297,1,89.2,17.84,17.84,20.357695,Low Value Customers
14761.0,59,3,447.92,18.663333333333334,55.99,49.950726,Low Value Customers
14762.0,264,2,417.57,13.919,27.838,27.658642,Low Value Customers
14764.0,47,1,278.3,46.38333333333333,46.38333333333333,55.83736,Low Value Customers
14765.0,29,3,254.11,6.515641025641026,19.54692307692308,21.922297,Low Value Customers
14766.0,8,11,6556.13,19.282735294117646,212.1100882352941,234.40591,Low Value Customers
14767.0,474,1,382.81,21.267222222222223,21.267222222222223,25.368599,Low Value Customers
14768.0,17,2,192.60000000000002,38.52,77.04,83.20857,Low Value Customers
14769.0,3,17,15771.88,11.060224403927068,188.02381486676015,144.75282,Low Value Customers
14770.0,232,8,3637.64,18.465177664974618,147.72142131979695,154.40297,Low Value Customers
14771.0,621,2,594.62,12.651489361702128,25.302978723404255,22.846504,Low Value Customers
14772.0,112,1,139.26,15.473333333333333,15.473333333333333,14.320221,Low Value Customers
14773.0,593,1,140.55,14.055000000000001,14.055000000000001,14.478793,Low Value Customers
14774.0,529,1,241.45,18.573076923076922,18.573076923076922,20.195349,Low Value Customers
14775.0,58,3,1418.46,17.73075,53.19225,54.18097,Low Value Customers
14776.0,51,15,3708.3,19.517368421052634,292.7605263157895,271.0443,Low Value Customers
14777.0,404,1,307.56,19.2225,19.2225,22.595541,Low Value Customers
14778.0,127,2,730.86,20.881714285714285,41.76342857142857,45.96495,Low Value Customers
14779.0,281,3,386.15,9.418292682926829,28.254878048780487,28.024822,Low Value Customers
14780.0,55,2,447.68,16.58074074074074,33.16148148148148,31.548336,Low Value Customers
14782.0,320,1,200.10000000000002,33.35,33.35,40.22749,Low Value Customers
14783.0,659,1,307.3,18.076470588235296,18.076470588235296,20.357695,Low Value Customers
14784.0,26,3,449.93,16.664074074074076,49.992222222222225,49.640156,Low Value Customers
14785.0,10,2,77.4,25.8,51.6,54.231194,Low Value Customers
14786.0,550,1,90.96,12.994285714285713,12.994285714285713,12.049107,Low Value Customers
14787.0,471,1,110.65,7.376666666666667,7.376666666666667,0.12133007,Low Value Customers
14788.0,7,3,1156.32,19.93655172413793,59.8096551724138,69.82763,Low Value Customers
14789.0,29,1,197.64,32.94,32.94,50.098682,Low Value Customers
14790.0,17,10,2526.62,17.42496551724138,174.24965517241378,157.61803,Low Value Customers
14791.0,607,1,303.63,15.980526315789474,15.980526315789474,16.905645,Low Value Customers
14792.0,64,1,6.2,3.1,3.1,-2.2129338,Low Value Customers
14793.0,21,2,625.9,16.048717948717947,32.09743589743589,33.219,Low Value Customers
14794.0,3,10,1953.9,18.7875,187.875,170.17824,Low Value Customers
14795.0,166,1,131.45000000000002,21.908333333333335,21.908333333333335,27.078707,Low Value Customers
14796.0,1,27,10889.64,7.012002575660013,189.32406954282035,189.463,Low Value Customers
14797.0,507,1,300.31,18.769375,18.769375,19.911142,Low Value Customers
14798.0,53,8,724.31,14.781836734693876,118.254693877551,110.14555,Low Value Customers
14799.0,51,2,338.15,14.702173913043477,29.404347826086955,27.304943,Low Value Customers
14800.0,48,17,7774.32,11.85109756097561,201.46865853658537,196.49437,Low Value Customers
14801.0,61,1,193.14,3.273559322033898,3.273559322033898,-2.2129338,Low Value Customers
14802.0,438,2,1502.98,751.49,1502.98,1704.1542,Medium Value Customers
14803.0,162,3,845.55,19.217045454545453,57.651136363636354,55.292156,Low Value Customers
14804.0,9,1,353.27,29.439166666666665,29.439166666666665,49.627155,Low Value Customers
14805.0,15,7,1104.64,8.368484848484849,58.579393939393945,59.051796,Low Value Customers
14806.0,75,2,303.43,15.1715,30.343,27.304943,Low Value Customers
14807.0,391,2,519.29,12.982249999999999,25.964499999999997,24.744524,Low Value Customers
14808.0,40,8,2741.17,11.664553191489363,93.3164255319149,99.88952,Low Value Customers
14809.0,621,2,686.76,38.153333333333336,76.30666666666667,77.44451,Low Value Customers
14810.0,41,13,2537.02,7.806215384615385,101.4808,102.545784,Low Value Customers
14811.0,387,1,170.5,6.089285714285714,6.089285714285714,-1.0900865,Low Value Customers
14812.0,599,1,185.8,5.021621621621622,5.021621621621622,-1.9597542,Low Value Customers
14813.0,370,4,1090.87,6.163107344632768,24.65242937853107,29.97008,Low Value Customers
14814.0,581,1,160.46,5.014375,5.014375,-1.9597542,Low Value Customers
14815.0,37,2,778.5,14.68867924528302,29.37735849056604,29.686298,Low Value Customers
14816.0,197,1,271.85,67.9625,67.9625,81.03228,Low Value Customers
14817.0,200,7,3959.86,17.216782608695652,120.51747826086957,117.84955,Low Value Customers
14818.0,74,6,1170.41,10.938411214953272,65.63046728971963,70.92132,Low Value Customers
14819.0,64,4,470.16,8.24842105263158,32.99368421052632,32.116623,Low Value Customers
14820.0,21,9,1274.76,19.918125,179.263125,159.33543,Low Value Customers
14821.0,367,7,1286.45,17.867361111111112,125.07152777777779,115.91722,Low Value Customers
14822.0,485,1,157.70000000000002,17.522222222222226,17.522222222222226,19.364613,Low Value Customers
14823.0,180,3,321.43,4.591857142857143,13.775571428571428,21.06295,Low Value Customers
14824.0,10,10,4022.9100000000003,25.461455696202535,254.61455696202535,240.26242,Low Value Customers
14825.0,4,24,4925.08,15.887354838709678,381.2965161290323,342.01712,Low Value Customers
14826.0,582,2,385.2,38.519999999999996,77.03999999999999,71.36692,Low Value Customers
14828.0,197,13,9839.460000000001,97.42039603960397,1266.4651485148515,1213.0143,Medium Value Customers
14829.0,29,7,1692.84,15.389454545454544,107.72618181818181,104.41149,Low Value Customers
14830.0,53,1,197.13,4.92825,4.92825,-2.68048,Low Value Customers
14831.0,680,3,1676.57,20.445975609756097,61.33792682926829,61.68418,Low Value Customers
14832.0,630,1,322.69,322.69,322.69,278.58185,Low Value Customers
14833.0,499,1,94.8,13.542857142857143,13.542857142857143,12.878181,Low Value Customers
14834.0,18,7,2206.16,25.35816091954023,177.5071264367816,181.03995,Low Value Customers
14835.0,529,2,297.0,148.5,297.0,261.38245,Low Value Customers
14836.0,10,3,102.44999999999999,17.075,51.224999999999994,48.570896,Low Value Customers
14837.0,90,9,3460.32,16.556555023923444,149.008995215311,156.6226,Low Value Customers
14838.0,423,2,773.6700000000001,10.896760563380283,21.793521126760567,22.936304,Low Value Customers
14839.0,418,3,915.28,12.368648648648648,37.10594594594595,39.06245,Low Value Customers
14840.0,268,2,362.71,16.48681818181818,32.97363636363636,30.132998,Low Value Customers
14841.0,53,14,7163.0,23.876666666666665,334.2733333333333,315.4265,Low Value Customers
14842.0,44,4,2824.69,19.480620689655172,77.92248275862069,77.60882,Low Value Customers
14843.0,437,1,211.79999999999998,23.53333333333333,23.53333333333333,26.538176,Low Value Customers
14844.0,64,10,6702.43,24.19649819494585,241.9649819494585,224.12798,Low Value Customers
14845.0,600,1,150.0,150.0,150.0,136.58473,Low Value Customers
14846.0,427,1,437.4,36.449999999999996,36.449999999999996,51.227604,Low Value Customers
14847.0,149,3,1348.95,21.75725806451613,65.2717741935484,69.78124,Low Value Customers
14848.0,405,1,310.56,28.232727272727274,28.232727272727274,32.327785,Low Value Customers
14849.0,22,43,15763.45,20.878741721854304,897.7858940397351,852.28156,Medium Value Customers
14850.0,312,7,1794.01,8.92542288557214,62.477960199004976,70.71056,Low Value Customers
14851.0,23,3,829.4100000000001,19.747857142857146,59.24357142857144,58.227184,Low Value Customers
14852.0,58,18,6147.18,19.829612903225808,356.93303225806454,375.4918,Low Value Customers
14853.0,24,5,1376.87,44.41516129032258,222.0758064516129,196.89919,Low Value Customers
14854.0,78,11,4322.86,20.106325581395346,221.1695813953488,239.76239,Low Value Customers
14855.0,119,7,6520.3,31.499033816425122,220.49323671497586,246.19247,Low Value Customers
14856.0,36,3,1311.3799999999999,19.869393939393937,59.60818181818181,62.6487,Low Value Customers
14857.0,60,7,3651.851,17.144840375586856,120.013882629108,116.93141,Low Value Customers
14858.0,506,1,180.75,16.431818181818183,16.431818181818183,16.614649,Low Value Customers
14859.0,13,5,1705.64,25.843030303030304,129.21515151515152,129.79068,Low Value Customers
14860.0,19,1,170.32,15.483636363636363,15.483636363636363,16.10087,Low Value Customers
14861.0,52,10,1380.73,16.055,160.55,139.46481,Low Value Customers
14862.0,26,2,841.1999999999999,17.525,35.05,36.549854,Low Value Customers
14863.0,29,1,266.76,24.25090909090909,24.25090909090909,34.53501,Low Value Customers
14865.0,7,4,129.72,14.413333333333334,57.653333333333336,56.404026,Low Value Customers
14866.0,11,19,20850.22,152.19138686131387,2891.6363503649636,2989.1543,High Value Customers
14867.0,186,16,2952.06,21.547883211678833,344.76613138686133,315.11053,Low Value Customers
14868.0,3,12,4184.01,19.829431279620856,237.95317535545027,246.32643,Low Value Customers
14869.0,9,6,2804.24,11.216959999999998,67.30175999999999,69.81684,Low Value Customers
14870.0,262,6,1838.95,28.29153846153846,169.74923076923076,143.8894,Low Value Customers
14871.0,3,9,1258.97,6.263532338308458,56.371791044776124,73.63407,Low Value Customers
14872.0,484,3,816.6,18.990697674418605,56.972093023255816,56.94406,Low Value Customers
14873.0,210,2,854.13,17.43122448979592,34.86244897959184,34.54921,Low Value Customers
14874.0,535,1,116.18,19.363333333333333,19.363333333333333,22.595541,Low Value Customers
14875.0,108,3,2862.4,32.16179775280899,96.48539325842697,121.04386,Low Value Customers
14876.0,521,2,256.7,19.746153846153845,39.49230769230769,36.291794,Low Value Customers
14877.0,418,2,437.0,6.621212121212121,13.242424242424242,10.9075985,Low Value Customers
14878.0,13,25,4105.24,10.88923076923077,272.2307692307692,265.72968,Low Value Customers
14879.0,685,1,185.06,6.854074074074074,6.854074074074074,0.12133007,Low Value Customers
14880.0,77,3,706.19,15.025319148936171,45.075957446808516,44.843765,Low Value Customers
14881.0,20,1,255.4,15.023529411764706,15.023529411764706,16.309647,Low Value Customers
14882.0,27,14,3628.15,53.35514705882353,746.9720588235294,707.2879,Medium Value Customers
14883.0,19,6,761.59,14.369622641509434,86.2177358490566,81.72009,Low Value Customers
14884.0,669,1,120.6,15.075,15.075,14.732541,Low Value Customers
14885.0,132,3,1598.12,51.552258064516124,154.65677419354836,149.4826,Low Value Customers
14886.0,253,1,364.8,20.266666666666666,20.266666666666666,25.133125,Low Value Customers
14887.0,79,1,1862.0,310.3333333333333,310.3333333333333,524.70483,Low Value Customers
14888.0,207,1,369.2,18.46,18.46,21.069647,Low Value Customers
14889.0,336,1,135.9,13.59,13.59,12.878181,Low Value Customers
14890.0,254,3,817.25,14.337719298245615,43.01315789473684,44.124023,Low Value Customers
14891.0,148,4,1106.73,17.56714285714286,70.26857142857143,66.53585,Low Value Customers
14892.0,691,1,202.35000000000002,15.565384615384618,15.565384615384618,14.732541,Low Value Customers
14893.0,10,3,1809.6100000000001,17.07179245283019,51.21537735849057,56.39324,Low Value Customers
14894.0,85,3,1492.81,32.45239130434783,97.35717391304348,107.23334,Low Value Customers
14895.0,8,38,25119.54,27.910600000000002,1060.6028000000001,956.68933,Medium Value Customers
14896.0,205,8,2092.42,7.290662020905923,58.32529616724739,70.31533,Low Value Customers
14897.0,8,8,3140.54,24.728661417322833,197.82929133858266,209.20746,Low Value Customers
14898.0,23,14,3507.81,11.538848684210526,161.54388157894738,163.00883,Low Value Customers
14899.0,395,1,1384.88,10.108613138686133,10.108613138686133,0.60565656,Low Value Customers
14900.0,522,1,13.919999999999998,13.919999999999998,13.919999999999998,14.478793,Low Value Customers
14901.0,11,12,2289.65,13.710479041916168,164.52574850299402,157.76688,Low Value Customers
14902.0,26,3,1035.6200000000001,17.552881355932204,52.658644067796615,53.606606,Low Value Customers
14903.0,21,5,2810.63,7.917267605633803,39.58633802816902,20.480074,Low Value Customers
14904.0,2,4,1640.64,11.393333333333334,45.57333333333334,48.45916,Low Value Customers
14905.0,158,8,1971.39,25.27423076923077,202.19384615384615,183.34612,Low Value Customers
14906.0,445,1,68.44,68.44,68.44,68.698555,Low Value Customers
14907.0,3,16,6165.79,20.830371621621623,333.28594594594597,340.82074,Low Value Customers
14908.0,74,2,381.9,27.27857142857143,54.55714285714286,52.884205,Low Value Customers
14909.0,437,3,1404.68,17.558500000000002,52.67550000000001,55.07279,Low Value Customers
14910.0,3,4,434.35,14.478333333333333,57.913333333333334,56.89195,Low Value Customers
14911.0,1,398,295972.63,26.320376167185415,10475.509714539796,10373.092,Premium Customers
14912.0,17,6,1889.25,29.988095238095237,179.92857142857142,190.37265,Low Value Customers
14913.0,36,8,4073.13,16.490404858299595,131.92323886639676,141.41931,Low Value Customers
14915.0,91,11,1811.25,20.125,221.375,200.5714,Low Value Customers
14916.0,71,8,3042.95,22.708582089552237,181.6686567164179,183.84091,Low Value Customers
14917.0,597,2,1123.75,38.75,77.5,84.7045,Low Value Customers
14918.0,116,9,5955.81,42.23978723404256,380.15808510638306,407.2973,Low Value Customers
14919.0,539,1,359.35,27.642307692307693,27.642307692307693,36.572937,Low Value Customers
14920.0,213,3,1607.17,16.568762886597938,49.70628865979381,52.776478,Low Value Customers
14921.0,30,2,1316.07,16.872692307692308,33.745384615384616,35.216366,Low Value Customers
14922.0,394,2,843.74,16.8748,33.7496,35.058468,Low Value Customers
14923.0,51,1,749.1,17.025000000000002,17.025000000000002,18.93003,Low Value Customers
14924.0,246,3,931.01,30.03258064516129,90.09774193548387,82.271774,Low Value Customers
14926.0,382,2,359.4,119.8,239.6,173.55777,Low Value Customers
14927.0,397,1,308.2,15.41,15.41,14.732541,Low Value Customers
14928.0,628,1,223.91000000000003,10.662380952380953,10.662380952380953,8.114136,Low Value Customers
14929.0,32,2,836.69,24.608529411764707,49.21705882352941,56.959965,Low Value Customers
14930.0,109,6,5246.63,18.805125448028676,112.83075268817205,113.72777,Low Value Customers
14931.0,5,5,1257.68,30.675121951219513,153.37560975609756,156.56856,Low Value Customers
14932.0,366,2,1029.66,21.013469387755105,42.02693877551021,45.42643,Low Value Customers
14933.0,444,4,1770.0,442.5,1770.0,1642.868,Medium Value Customers
14934.0,82,5,3503.5,18.937837837837836,94.68918918918918,95.1322,Low Value Customers
14935.0,297,2,2849.83,109.60884615384614,219.2176923076923,266.2377,Low Value Customers
14936.0,34,12,12410.81,23.549924098671728,282.59908918406074,247.68678,Low Value Customers
14937.0,57,3,1621.88,47.70235294117647,143.10705882352943,134.03336,Low Value Customers
14938.0,562,2,2322.43,32.710281690140846,65.42056338028169,74.87361,Low Value Customers
14940.0,418,2,531.49,16.6090625,33.218125,32.03405,Low Value Customers
14941.0,579,1,182.1,26.014285714285712,26.014285714285712,27.894339,Low Value Customers
14942.0,402,4,746.56,39.292631578947365,157.17052631578946,133.26917,Low Value Customers
14943.0,663,1,107.62,21.524,21.524,22.539713,Low Value Customers
14944.0,30,19,9784.67,32.2926402640264,613.5601650165016,659.8222,Low Value Customers
14945.0,414,1,179.4,16.30909090909091,16.30909090909091,16.614649,Low Value Customers
14946.0,14,1,100.9,33.63333333333333,33.63333333333333,58.830116,Low Value Customers
14947.0,72,6,1049.79,19.440555555555555,116.64333333333333,103.49105,Low Value Customers
14948.0,23,6,1101.97,17.491587301587302,104.94952380952381,97.54052,Low Value Customers
14949.0,469,4,515.0,19.074074074074073,76.29629629629629,69.234955,Low Value Customers
14950.0,19,1,371.2,19.53684210526316,19.53684210526316,26.826162,Low Value Customers
14951.0,79,1,311.69,15.5845,15.5845,14.286175,Low Value Customers
14952.0,60,32,17629.35,57.42459283387622,1837.586970684039,1825.1086,Medium Value Customers
14953.0,25,4,1013.77,3.914169884169884,15.656679536679537,23.452255,Low Value Customers
14954.0,12,2,503.44,3.9955555555555557,7.9911111111111115,3.9283996,Low Value Customers
14955.0,733,1,163.77,5.282903225806452,5.282903225806452,-1.9597542,Low Value Customers
14956.0,421,1,1325.0,331.25,331.25,495.91748,Low Value Customers
14957.0,253,2,333.29,11.492758620689656,22.985517241379313,22.851124,Low Value Customers
14958.0,147,6,957.9399999999999,13.304722222222221,79.82833333333332,78.31376,Low Value Customers
14959.0,64,4,695.42,11.786779661016949,47.147118644067795,45.612762,Low Value Customers
14960.0,8,2,221.27,8.195185185185185,16.39037037037037,8.810932,Low Value Customers
14961.0,11,22,16410.15,24.492761194029853,538.8407462686567,676.9092,Low Value Customers
14962.0,271,4,366.91,26.207857142857144,104.83142857142857,89.78379,Low Value Customers
14963.0,10,12,3164.48,6.418823529411765,77.02588235294118,77.92446,Low Value Customers
14964.0,247,1,206.21,15.862307692307693,15.862307692307693,14.732541,Low Value Customers
14965.0,96,2,599.0,7.216867469879518,14.433734939759036,10.307179,Low Value Customers
14966.0,15,6,1115.8400000000001,6.974000000000001,41.84400000000001,54.667614,Low Value Customers
14967.0,50,6,1982.6100000000001,68.36586206896553,410.19517241379316,397.54944,Low Value Customers
14968.0,30,2,504.99,5.941058823529412,11.882117647058823,8.986924,Low Value Customers
14969.0,704,1,906.23,69.71000000000001,69.71000000000001,89.04444,Low Value Customers
14970.0,68,12,4919.35,43.53407079646018,522.4088495575221,433.44574,Low Value Customers
14971.0,35,3,1116.57,6.9785625,20.9356875,28.006998,Low Value Customers
14972.0,128,2,145.07,7.2535,14.507,11.033498,Low Value Customers
14973.0,107,3,1314.45,41.0765625,123.22968750000001,120.09312,Low Value Customers
14974.0,37,1,114.39,5.4471428571428575,5.4471428571428575,-2.9243383,Low Value Customers
14975.0,57,2,472.39,18.168846153846154,36.33769230769231,33.512047,Low Value Customers
14976.0,57,7,790.86,10.984166666666667,76.88916666666667,73.203964,Low Value Customers
14977.0,726,1,31.929999999999996,7.982499999999999,7.982499999999999,0.6003758,Low Value Customers
14978.0,72,10,3142.14,10.724027303754266,107.24027303754266,116.98478,Low Value Customers
14979.0,735,1,439.46,8.291698113207547,8.291698113207547,0.50788826,Low Value Customers
14980.0,737,1,150.68,6.278333333333333,6.278333333333333,-0.24202144,Low Value Customers
14981.0,246,2,372.92,16.950909090909093,33.901818181818186,31.912325,Low Value Customers
14982.0,572,1,237.78,6.096923076923077,6.096923076923077,-1.0900865,Low Value Customers
14983.0,689,1,183.20000000000002,6.106666666666667,6.106666666666667,-1.0900865,Low Value Customers
14984.0,19,6,1271.41,22.703750000000003,136.22250000000003,128.08075,Low Value Customers
14985.0,198,2,296.75,3.410919540229885,6.82183908045977,9.192285,Low Value Customers
14986.0,376,2,566.9,5.669,11.338,8.98687,Low Value Customers
14987.0,16,8,1713.85,100.81470588235294,806.5176470588235,738.80414,Medium Value Customers
14988.0,212,7,2066.6,8.46967213114754,59.28770491803278,61.80399,Low Value Customers
14989.0,662,1,342.4,19.022222222222222,19.022222222222222,22.595541,Low Value Customers
14990.0,612,2,305.42,7.102790697674419,14.205581395348839,11.270952,Low Value Customers
14991.0,430,1,314.67,14.984285714285715,14.984285714285715,14.732541,Low Value Customers
14992.0,442,1,210.5,7.796296296296297,7.796296296296297,0.6003758,Low Value Customers
14993.0,564,1,36.13,3.6130000000000004,3.6130000000000004,-1.4922074,Low Value Customers
14994.0,382,5,960.63,3.0988064516129032,15.494032258064516,31.571465,Low Value Customers
14995.0,39,2,233.23000000000002,3.82344262295082,7.64688524590164,8.840129,Low Value Customers
14996.0,481,2,442.28999999999996,10.787560975609756,21.57512195121951,20.577993,Low Value Customers
14997.0,46,4,776.5999999999999,20.436842105263157,81.74736842105263,75.82858,Low Value Customers
14998.0,170,4,770.73,6.068740157480315,24.27496062992126,30.793947,Low Value Customers
14999.0,593,1,129.48000000000002,14.386666666666668,14.386666666666668,14.478793,Low Value Customers
15000.0,48,1,490.52,6.37038961038961,6.37038961038961,-1.1769638,Low Value Customers
15001.0,394,2,230.85999999999999,4.275185185185185,8.55037037037037,9.87162,Low Value Customers
15002.0,116,9,4817.28,13.019675675675675,117.17708108108107,114.874794,Low Value Customers
15003.0,473,6,1060.7,3.0392550143266477,18.235530085959887,45.79468,Low Value Customers
15004.0,147,1,1246.32,7.888101265822784,7.888101265822784,-1.7693516,Low Value Customers
15005.0,16,56,14106.2,5.748247758761207,321.90187449062756,820.9452,Medium Value Customers
15006.0,51,2,825.14,3.986183574879227,7.972367149758454,4.392281,Low Value Customers
15007.0,159,1,156.91,13.075833333333334,13.075833333333334,11.362075,Low Value Customers
15008.0,480,2,360.0,30.0,60.0,60.039406,Low Value Customers
15009.0,12,3,1261.78,6.932857142857142,20.798571428571428,21.026428,Low Value Customers
15010.0,36,1,308.94,15.447,15.447,15.012707,Low Value Customers
15011.0,396,2,416.6,20.830000000000002,41.660000000000004,40.38901,Low Value Customers
15012.0,54,3,860.62,3.374980392156863,10.124941176470589,15.595688,Low Value Customers
15013.0,488,10,1641.3,4.623380281690141,46.2338028169014,68.91414,Low Value Customers
15014.0,43,2,260.17,7.433428571428572,14.866857142857144,10.785234,Low Value Customers
15015.0,501,13,2365.02,7.989932432432433,103.86912162162162,121.2302,Low Value Customers
15016.0,173,5,630.3,5.83611111111111,29.18055555555555,38.641033,Low Value Customers
15017.0,34,1,125.58,6.279,6.279,-1.1673143,Low Value Customers
15018.0,39,3,607.46,16.87388888888889,50.62166666666667,47.550888,Low Value Customers
15019.0,267,1,266.0,3.8,3.8,-1.7064248,Low Value Customers
15020.0,379,1,203.42,7.265,7.265,0.12133007,Low Value Customers
15021.0,9,12,2783.83,3.877200557103064,46.526406685236765,57.018036,Low Value Customers
15022.0,12,5,1186.09,7.701883116883116,38.50941558441558,38.50305,Low Value Customers
15023.0,3,20,12170.68,11.990817733990148,239.81635467980297,214.20038,Low Value Customers
15024.0,10,16,4075.51,10.985202156334232,175.7632345013477,183.99367,Low Value Customers
15025.0,33,2,1013.09,6.938972602739726,13.877945205479453,10.385395,Low Value Customers
15026.0,80,5,1061.61,7.582928571428571,37.91464285714285,41.117622,Low Value Customers
15027.0,31,10,3195.6,35.11648351648351,351.16483516483515,321.48135,Low Value Customers
15028.0,8,6,1157.71,9.728655462184875,58.37193277310925,64.131226,Low Value Customers
15029.0,620,1,365.1,36.510000000000005,36.510000000000005,43.61915,Low Value Customers
15030.0,72,8,1979.91,59.99727272727273,479.97818181818184,461.59167,Low Value Customers
15031.0,4,14,3156.58,7.7940246913580244,109.11634567901234,108.88741,Low Value Customers
15032.0,256,8,13780.65,110.2452,881.9616,905.90015,Medium Value Customers
15033.0,5,10,2586.67,5.071901960784314,50.71901960784314,52.19083,Low Value Customers
15034.0,16,14,8313.4,10.881413612565444,152.33979057591623,177.05836,Low Value Customers
15035.0,90,1,252.73000000000002,9.36037037037037,9.36037037037037,4.589804,Low Value Customers
15036.0,72,3,465.55,3.665748031496063,10.997244094488188,18.109066,Low Value Customers
15037.0,376,2,402.51,8.385625,16.77125,11.871729,Low Value Customers
15038.0,59,9,1309.86,4.612183098591549,41.50964788732394,66.564606,Low Value Customers
15039.0,10,93,40031.43,14.337904727793696,1333.4251396848138,4700.4556,High Value Customers
15040.0,542,1,7.49,7.49,7.49,0.12133007,Low Value Customers
15041.0,170,2,294.02,2.7478504672897195,5.495700934579439,9.024785,Low Value Customers
15042.0,199,2,315.45,35.05,70.1,67.20754,Low Value Customers
15043.0,31,6,2873.7999999999997,55.26538461538461,331.59230769230766,366.00018,Low Value Customers
15044.0,19,35,16204.33,17.709650273224042,619.8377595628415,637.04614,Low Value Customers
15045.0,152,2,735.66,61.305,122.61,146.93976,Low Value Customers
15046.0,9,25,7812.389999999999,19.24233990147783,481.05849753694577,452.75702,Low Value Customers
15047.0,270,1,343.62,15.61909090909091,15.61909090909091,14.732541,Low Value Customers
15048.0,65,4,482.75,4.022916666666666,16.091666666666665,26.491512,Low Value Customers
15049.0,274,1,121.17000000000002,40.39000000000001,40.39000000000001,43.81254,Low Value Customers
15050.0,25,5,4193.79,26.88326923076923,134.41634615384615,150.14876,Low Value Customers
15051.0,23,9,3935.16,13.56951724137931,122.1256551724138,122.90616,Low Value Customers
15052.0,319,1,215.78,7.192666666666667,7.192666666666667,0.12133007,Low Value Customers
15053.0,5,3,697.79,9.828028169014084,29.484084507042255,29.900894,Low Value Customers
15054.0,12,2,302.1,2.6500000000000004,5.300000000000001,4.954129,Low Value Customers
15055.0,475,3,560.07,6.589058823529412,19.767176470588236,22.780684,Low Value Customers
15056.0,520,1,133.45,19.064285714285713,19.064285714285713,22.595541,Low Value Customers
15057.0,275,5,3255.96,46.513714285714286,232.56857142857143,203.84737,Low Value Customers
15058.0,25,16,3410.03,9.551904761904762,152.8304761904762,154.57736,Low Value Customers
15059.0,41,19,3523.57,5.921966386554622,112.51736134453782,137.77373,Low Value Customers
15060.0,8,4,303.09,2.504876033057851,10.019504132231404,23.343147,Low Value Customers
15061.0,4,127,137818.52,139.6337588652482,17733.48737588652,16838.043,Premium Customers
15062.0,71,8,2585.62,16.26176100628931,130.09408805031447,135.56018,Low Value Customers
15063.0,213,1,370.79999999999995,74.16,74.16,86.89103,Low Value Customers
15064.0,410,4,1254.41,15.486543209876544,61.946172839506175,65.07643,Low Value Customers
15065.0,38,5,3326.86,20.04132530120482,100.20662650602411,104.975,Low Value Customers
15066.0,53,1,893.59,21.275952380952383,21.275952380952383,30.122658,Low Value Customers
15067.0,78,5,3877.88,21.785842696629214,108.92921348314607,115.747856,Low Value Customers
15068.0,46,4,1176.85,5.325113122171945,21.30045248868778,26.946928,Low Value Customers
15069.0,179,1,1109.53,15.850428571428571,15.850428571428571,21.056826,Low Value Customers
15070.0,373,3,843.25,25.553030303030305,76.6590909090909,68.50722,Low Value Customers
15071.0,94,4,1455.56,26.954814814814814,107.81925925925925,105.14515,Low Value Customers
15072.0,479,1,187.51999999999998,14.424615384615382,14.424615384615382,14.478793,Low Value Customers
15073.0,10,8,2788.02,17.534716981132075,140.2777358490566,149.04117,Low Value Customers
15074.0,105,3,1566.33,21.45657534246575,64.36972602739725,67.427956,Low Value Customers
15075.0,78,1,773.03,28.63074074074074,28.63074074074074,44.310696,Low Value Customers
15076.0,173,3,1447.74,18.09675,54.29025,55.492283,Low Value Customers
15077.0,495,2,2428.08,75.8775,151.755,191.68773,Low Value Customers
15078.0,7,53,17761.88,22.398335435056747,1187.1117780580075,1213.6532,Medium Value Customers
15079.0,213,11,3767.35,25.981724137931035,285.7989655172414,272.7383,Low Value Customers
15080.0,428,2,546.25,17.620967741935484,35.24193548387097,33.004673,Low Value Customers
15081.0,22,12,1965.72,18.034128440366974,216.4095412844037,194.32643,Low Value Customers
15082.0,669,1,93.35000000000001,15.558333333333335,15.558333333333335,14.732541,Low Value Customers
15083.0,257,1,88.2,17.64,17.64,19.364613,Low Value Customers
15084.0,380,2,965.2,31.135483870967743,62.270967741935486,67.34143,Low Value Customers
15085.0,730,1,347.54,38.61555555555556,38.61555555555556,40.3464,Low Value Customers
15086.0,565,2,218.53,19.866363636363637,39.732727272727274,38.168594,Low Value Customers
15087.0,282,1,306.94,20.462666666666667,20.462666666666667,24.130678,Low Value Customers
15088.0,21,2,1160.07,20.352105263157895,40.70421052631579,51.386013,Low Value Customers
15089.0,10,6,2420.84,16.69544827586207,100.17268965517242,105.06365,Low Value Customers
15090.0,308,1,381.32,16.57913043478261,16.57913043478261,18.393988,Low Value Customers
15091.0,68,3,1046.6100000000001,18.36157894736842,55.084736842105265,52.953453,Low Value Customers
15092.0,215,3,776.46,17.25466666666667,51.76400000000001,49.518814,Low Value Customers
15093.0,18,23,14326.11,43.15093373493976,992.4714759036145,1055.9673,Medium Value Customers
15094.0,463,2,83.0,16.6,33.2,31.912325,Low Value Customers
15095.0,104,10,3141.64,25.335806451612903,253.35806451612905,240.4473,Low Value Customers
15096.0,43,1,219.39000000000001,19.944545454545455,19.944545454545455,24.941488,Low Value Customers
15097.0,4,3,908.35,13.762878787878789,41.288636363636364,44.554047,Low Value Customers
15098.0,182,3,39916.5,13305.5,39916.5,39459.594,Premium Customers
15099.0,84,1,410.48,17.84695652173913,17.84695652173913,20.033054,Low Value Customers
15100.0,334,7,2894.7,160.81666666666666,1125.7166666666667,1071.9938,Medium Value Customers
15101.0,9,6,1477.94,25.481724137931035,152.8903448275862,148.53636,Low Value Customers
15102.0,531,2,554.67,20.543333333333333,41.086666666666666,39.292767,Low Value Customers
15103.0,31,2,703.36,20.096,40.192,42.435078,Low Value Customers
15104.0,197,2,1027.44,14.890434782608697,29.780869565217394,29.452396,Low Value Customers
15105.0,18,9,3094.91,20.496092715231786,184.46483443708607,186.35605,Low Value Customers
15106.0,18,5,1422.52,14.2252,71.12599999999999,70.673355,Low Value Customers
15107.0,311,9,940.35,20.00744680851064,180.06702127659577,158.39928,Low Value Customers
15108.0,142,4,1300.25,21.670833333333334,86.68333333333334,89.81892,Low Value Customers
15109.0,246,3,983.1,20.48125,61.443749999999994,58.174477,Low Value Customers
15110.0,24,6,1505.8500000000001,28.4122641509434,170.4735849056604,152.9111,Low Value Customers
15111.0,29,5,2730.87,18.08523178807947,90.42615894039734,96.2222,Low Value Customers
15112.0,611,1,209.4,29.914285714285715,29.914285714285715,30.815756,Low Value Customers
15113.0,10,3,3609.33,36.0933,108.2799,154.30066,Low Value Customers
15114.0,30,12,3400.12,14.7191341991342,176.62961038961038,181.9338,Low Value Customers
15115.0,18,2,531.85,15.195714285714287,30.391428571428573,29.450136,Low Value Customers
15116.0,18,4,1352.75,30.06111111111111,120.24444444444444,130.07901,Low Value Customers
15117.0,15,8,2485.9700000000003,18.976870229007634,151.81496183206107,149.29103,Low Value Customers
15118.0,134,1,244.8,244.8,244.8,265.50894,Low Value Customers
15119.0,246,1,266.4,19.02857142857143,19.02857142857143,22.595541,Low Value Customers
15120.0,134,1,358.82,17.086666666666666,17.086666666666666,18.265839,Low Value Customers
15121.0,50,2,457.72,16.34714285714286,32.69428571428572,30.01471,Low Value Customers
15122.0,114,11,4497.47,19.725745614035088,216.98320175438596,228.12094,Low Value Customers
15123.0,7,5,4656.17,25.443551912568307,127.21775956284154,150.99713,Low Value Customers
15124.0,23,4,450.82,14.54258064516129,58.17032258064516,57.709557,Low Value Customers
15125.0,25,24,17024.87,70.93695833333332,1702.4869999999996,1682.8744,Medium Value Customers
15126.0,537,2,449.49,17.9796,35.9592,33.99776,Low Value Customers
15127.0,66,2,711.5,25.410714285714285,50.82142857142857,56.63168,Low Value Customers
15128.0,60,5,1783.68,14.501463414634147,72.50731707317074,73.02978,Low Value Customers
15129.0,50,23,6860.18,33.14096618357488,762.2422222222223,706.66956,Medium Value Customers
15130.0,170,1,330.11,15.005,15.005,14.604393,Low Value Customers
15131.0,395,1,80.28,11.468571428571428,11.468571428571428,10.907824,Low Value Customers
15132.0,18,5,977.9300000000001,18.806346153846157,94.03173076923079,86.77702,Low Value Customers
15133.0,128,5,1806.9,36.875510204081635,184.3775510204082,173.43613,Low Value Customers
15134.0,15,10,1596.29,18.779882352941176,187.79882352941175,156.17451,Low Value Customers
15135.0,239,2,305.68,15.284,30.568,27.79066,Low Value Customers
15136.0,3,4,1286.7,18.92205882352941,75.68823529411765,78.78532,Low Value Customers
15137.0,521,2,823.4,24.21764705882353,48.43529411764706,49.75964,Low Value Customers
15138.0,394,1,502.52,16.210322580645162,16.210322580645162,16.736378,Low Value Customers
15139.0,240,2,178.96,13.766153846153847,27.532307692307693,27.536913,Low Value Customers
15140.0,52,8,3243.69,28.96151785714286,231.69214285714287,229.99419,Low Value Customers
15141.0,458,7,1388.47,17.355875,121.49112500000001,114.80068,Low Value Customers
15142.0,46,6,2619.92,18.450140845070422,110.70084507042253,120.45348,Low Value Customers
15143.0,226,2,563.63,18.181612903225805,36.36322580645161,33.99776,Low Value Customers
15144.0,8,29,12160.31,34.84329512893983,1010.455558739255,1011.6226,Medium Value Customers
15145.0,4,4,1194.73,17.83179104477612,71.32716417910449,74.3206,Low Value Customers
15146.0,165,2,1327.16,14.584175824175825,29.16835164835165,27.802568,Low Value Customers
15147.0,240,1,623.5,22.267857142857142,22.267857142857142,28.544067,Low Value Customers
15148.0,11,1,301.29,15.0645,15.0645,14.215637,Low Value Customers
15149.0,134,5,1554.6100000000001,22.53057971014493,112.65289855072466,107.98418,Low Value Customers
15150.0,17,13,9001.08,15.654052173913044,203.50267826086957,223.36499,Low Value Customers
15151.0,423,2,2085.61,36.58964912280702,73.17929824561404,86.16252,Low Value Customers
15152.0,10,14,5263.83,17.5461,245.6454,265.85602,Low Value Customers
15153.0,31,1,329.25,14.965909090909092,14.965909090909092,15.668287,Low Value Customers
15154.0,75,3,1388.41,7.385159574468085,22.155478723404258,22.61767,Low Value Customers
15155.0,383,1,383.96999999999997,15.99875,15.99875,16.905645,Low Value Customers
15156.0,1,3,961.49,17.481636363636365,52.44490909090909,52.648376,Low Value Customers
15157.0,4,5,2654.11,17.46125,87.30625,88.975624,Low Value Customers
15158.0,45,2,606.02,55.092727272727274,110.18545454545455,109.7202,Low Value Customers
15159.0,2,34,22116.73,27.304604938271606,928.3565679012346,942.69666,Medium Value Customers
15160.0,357,4,589.27,25.620434782608694,102.48173913043478,90.626686,Low Value Customers
15161.0,388,1,119.92,3.633939393939394,3.633939393939394,-1.4922074,Low Value Customers
15162.0,731,1,312.9,26.075,26.075,27.2286,Low Value Customers
15163.0,18,2,304.47,10.49896551724138,20.99793103448276,20.384024,Low Value Customers
15164.0,69,9,2068.92,5.731080332409973,51.579722991689756,58.039093,Low Value Customers
15165.0,373,1,975.5,18.064814814814813,18.064814814814813,22.39616,Low Value Customers
15166.0,468,1,167.16,13.93,13.93,14.478793,Low Value Customers
15167.0,321,5,1659.67,5.3024600638977635,26.512300319488816,34.770325,Low Value Customers
15168.0,26,1,106.56,21.312,21.312,27.380556,Low Value Customers
15169.0,382,2,569.22,9.647796610169491,19.295593220338983,16.273481,Low Value Customers
15170.0,407,1,81.15,20.2875,20.2875,24.130678,Low Value Customers
15171.0,331,1,1289.5,257.9,257.9,274.33728,Low Value Customers
15172.0,9,5,1624.05,14.764090909090909,73.82045454545454,72.163414,Low Value Customers
15173.0,381,7,1494.6,17.37906976744186,121.65348837209301,114.92412,Low Value Customers
15174.0,323,2,481.46,14.160588235294117,28.321176470588235,27.658642,Low Value Customers
15175.0,72,1,224.14,9.745217391304347,9.745217391304347,6.65329,Low Value Customers
15176.0,668,1,988.04,19.00076923076923,19.00076923076923,27.236935,Low Value Customers
15177.0,426,1,948.93,36.49730769230769,36.49730769230769,55.74486,Low Value Customers
15178.0,260,1,40.5,13.5,13.5,12.878181,Low Value Customers
15179.0,18,13,7491.92,23.859617834394903,310.17503184713377,291.06668,Low Value Customers
15180.0,367,3,904.4300000000001,15.593620689655173,46.78086206896552,45.32948,Low Value Customers
15181.0,66,5,1200.2,60.010000000000005,300.05,272.66153,Low Value Customers
15182.0,154,11,2998.952,23.991616,263.907776,256.11536,Low Value Customers
15183.0,548,3,639.93,16.840263157894736,50.520789473684204,48.546204,Low Value Customers
15184.0,29,4,689.95,8.117058823529412,32.46823529411765,33.039127,Low Value Customers
15185.0,70,1,310.62,14.791428571428572,14.791428571428572,14.286175,Low Value Customers
15186.0,14,5,1403.2,26.984615384615385,134.92307692307693,129.93262,Low Value Customers
15187.0,2,16,4777.18,52.49648351648352,839.9437362637364,780.70105,Medium Value Customers
15188.0,725,1,310.43,13.496956521739131,13.496956521739131,12.878181,Low Value Customers
15189.0,1,46,17524.38,72.71526970954358,3344.9024066390048,3290.5493,High Value Customers
15190.0,434,1,834.4399999999999,20.860999999999997,20.860999999999997,29.552795,Low Value Customers
15191.0,463,3,588.05,16.80142857142857,50.404285714285706,47.277294,Low Value Customers
15192.0,120,5,1981.39,18.69235849056604,93.4617924528302,98.06149,Low Value Customers
15193.0,61,1,499.32,26.28,26.28,38.680542,Low Value Customers
15194.0,3,28,12427.69,25.259532520325205,707.2669105691058,745.4137,Medium Value Customers
15195.0,3,1,3861.0,3861.0,3861.0,3058.3013,High Value Customers
15196.0,433,2,316.25,7.354651162790698,14.709302325581396,11.270952,Low Value Customers
15197.0,11,6,1877.51,31.82220338983051,190.93322033898306,197.90565,Low Value Customers
15198.0,92,5,571.35,18.43064516129032,92.15322580645162,82.2331,Low Value Customers
15199.0,59,10,3122.4,61.22352941176471,612.2352941176471,574.4304,Low Value Customers
15200.0,495,1,549.05,18.301666666666666,18.301666666666666,21.319525,Low Value Customers
15201.0,87,7,1842.95,18.4295,129.00650000000002,117.84934,Low Value Customers
15202.0,420,3,6001.49,2000.4966666666667,6001.49,5754.668,High Value Customers
15203.0,26,15,4400.18,12.828513119533529,192.42769679300292,190.66205,Low Value Customers
15204.0,357,1,316.58,35.175555555555555,35.175555555555555,41.995396,Low Value Customers
15205.0,85,2,653.24,17.655135135135136,35.31027027027027,34.056583,Low Value Customers
15206.0,10,4,420.29999999999995,46.699999999999996,186.79999999999998,167.88489,Low Value Customers
15207.0,416,3,683.9200000000001,28.49666666666667,85.49000000000001,77.3917,Low Value Customers
15208.0,1,6,970.52,20.219166666666666,121.315,111.616776,Low Value Customers
15209.0,730,1,178.98000000000002,13.76769230769231,13.76769230769231,14.478793,Low Value Customers
15210.0,225,3,1176.19,17.55507462686567,52.66522388059701,55.957493,Low Value Customers
15211.0,60,2,1277.48,17.033066666666667,34.06613333333333,34.84781,Low Value Customers
15212.0,241,2,208.28,20.828,41.656,38.0496,Low Value Customers
15213.0,319,2,328.35,13.68125,27.3625,27.536913,Low Value Customers
15214.0,2,8,1661.44,15.104000000000001,120.83200000000001,115.10391,Low Value Customers
15215.0,47,7,2422.43,21.437433628318583,150.06203539823008,144.24675,Low Value Customers
15216.0,88,2,486.09,20.25375,40.5075,39.85257,Low Value Customers
15217.0,563,1,426.24,15.222857142857142,15.222857142857142,14.854271,Low Value Customers
15218.0,11,22,11516.57,28.719625935162092,631.831770573566,576.148,Low Value Customers
15219.0,176,2,685.45,26.36346153846154,52.72692307692308,56.214233,Low Value Customers
15220.0,52,6,1778.96,15.204786324786324,91.22871794871794,94.82517,Low Value Customers
15221.0,366,4,2465.4500000000003,72.51323529411765,290.0529411764706,273.95306,Low Value Customers
15222.0,319,11,3550.91,25.73123188405797,283.04355072463767,268.0804,Low Value Customers
15223.0,226,5,1417.95,41.70441176470588,208.5220588235294,178.85634,Low Value Customers
15224.0,358,5,871.36,24.896,124.48,111.22897,Low Value Customers
15225.0,234,1,409.40000000000003,17.8,17.8,20.479424,Low Value Customers
15226.0,311,1,154.41,19.30125,19.30125,22.595541,Low Value Customers
15227.0,37,9,2488.4900000000002,20.737416666666668,186.63675,166.52843,Low Value Customers
15228.0,66,6,5580.2699999999995,23.84730769230769,143.08384615384614,165.06377,Low Value Customers
15229.0,586,1,160.5,17.833333333333332,17.833333333333332,20.357695,Low Value Customers
15230.0,239,2,429.6,18.678260869565218,37.356521739130436,34.837864,Low Value Customers
15231.0,621,1,250.26,17.875714285714285,17.875714285714285,20.357695,Low Value Customers
15232.0,113,2,612.06,19.743870967741934,39.48774193548387,37.34194,Low Value Customers
15233.0,401,1,59.400000000000006,59.400000000000006,59.400000000000006,67.121666,Low Value Customers
15234.0,277,1,197.0,14.071428571428571,14.071428571428571,14.478793,Low Value Customers
15235.0,218,16,2937.81,15.710213903743314,251.36342245989303,244.84026,Low Value Customers
15236.0,299,1,321.05,21.403333333333332,21.403333333333332,23.755203,Low Value Customers
15237.0,2,4,1412.32,14.265858585858584,57.06343434343434,60.804035,Low Value Customers
15238.0,29,3,1071.99,21.4398,64.3194,67.88646,Low Value Customers
15239.0,10,2,780.59,15.930408163265307,31.860816326530614,33.2979,Low Value Customers
15240.0,45,12,4459.98,19.910625,238.9275,239.79964,Low Value Customers
15241.0,67,11,3050.16,16.57695652173913,182.34652173913045,197.59349,Low Value Customers
15242.0,422,1,302.04,75.51,75.51,73.764305,Low Value Customers
15243.0,74,2,927.2800000000001,15.201311475409838,30.402622950819676,28.966679,Low Value Customers
15244.0,65,3,912.08,19.00166666666667,57.00500000000001,56.153614,Low Value Customers
15245.0,134,8,4610.84,31.154324324324325,249.2345945945946,262.884,Low Value Customers
15246.0,238,3,780.4,15.301960784313724,45.90588235294118,45.32948,Low Value Customers
15247.0,122,3,976.06,57.41529411764706,172.24588235294118,176.30399,Low Value Customers
15248.0,411,3,1893.93,17.867264150943395,53.60179245283018,62.01235,Low Value Customers
15249.0,32,18,9266.0,18.45816733067729,332.24701195219126,349.97253,Low Value Customers
15250.0,641,1,60.0,20.0,20.0,24.130678,Low Value Customers
15251.0,9,21,20324.54,88.3675652173913,1855.7188695652173,1887.2217,Medium Value Customers
15252.0,36,5,2103.41,17.82550847457627,89.12754237288135,93.80693,Low Value Customers
15253.0,16,8,2055.09,17.716293103448276,141.7303448275862,141.63362,Low Value Customers
15254.0,127,3,1088.35,16.244029850746266,48.7320895522388,48.39981,Low Value Customers
15255.0,67,9,3729.42,19.732380952380954,177.5914285714286,178.28052,Low Value Customers
15256.0,149,2,170.4,17.04,34.08,31.744827,Low Value Customers
15257.0,283,2,685.9,57.15833333333333,114.31666666666666,127.292786,Low Value Customers
15258.0,169,2,623.16,18.328235294117647,36.656470588235294,35.700253,Low Value Customers
15259.0,513,4,1182.3799999999999,20.74350877192982,82.97403508771929,83.24557,Low Value Customers
15260.0,100,25,9188.23,23.086005025125626,577.1501256281407,586.0542,Low Value Customers
15261.0,135,4,1508.0,16.391304347826086,65.56521739130434,67.03137,Low Value Customers
15262.0,324,3,418.82,16.108461538461537,48.32538461538461,45.85328,Low Value Customers
15263.0,107,1,156.51,13.042499999999999,13.042499999999999,11.077903,Low Value Customers
15264.0,64,2,848.4,15.425454545454546,30.85090909090909,28.966679,Low Value Customers
15265.0,151,4,3345.64,17.334922279792746,69.33968911917098,53.747913,Low Value Customers
15266.0,338,5,852.21,18.938000000000002,94.69000000000001,87.42877,Low Value Customers
15267.0,22,5,1717.36,156.12363636363636,780.6181818181818,796.76495,Medium Value Customers
15268.0,479,3,961.9000000000001,43.722727272727276,131.16818181818184,114.83791,Low Value Customers
15269.0,24,3,1225.3600000000001,35.010285714285715,105.03085714285714,119.96023,Low Value Customers
15270.0,16,21,8524.86,50.74321428571429,1065.6075,1064.6536,Medium Value Customers
15271.0,7,24,4709.54,7.547339743589744,181.13615384615383,167.66304,Low Value Customers
15272.0,57,6,2085.48,6.793094462540717,40.758566775244304,42.94057,Low Value Customers
15273.0,600,1,228.96,228.96,228.96,175.52527,Low Value Customers
15274.0,4,2,716.57,15.246170212765959,30.492340425531918,31.022238,Low Value Customers
15275.0,38,1,615.14,15.003414634146342,15.003414634146342,12.884851,Low Value Customers
15276.0,66,4,649.53,3.4185789473684207,13.674315789473683,25.854958,Low Value Customers
15277.0,47,2,476.34,18.32076923076923,36.64153846153846,34.59785,Low Value Customers
15278.0,562,4,496.15999999999997,17.10896551724138,68.43586206896552,62.589413,Low Value Customers
15279.0,355,5,1580.54,16.814255319148934,84.07127659574468,86.09178,Low Value Customers
15280.0,172,3,406.21999999999997,6.659344262295082,19.978032786885244,22.613186,Low Value Customers
15281.0,59,16,8543.57,16.36699233716475,261.871877394636,336.94125,Low Value Customers
15282.0,570,1,348.59,12.91074074074074,12.91074074074074,12.049107,Low Value Customers
15283.0,390,3,148.33,16.48111111111111,49.443333333333335,45.731552,Low Value Customers
15284.0,500,1,24.75,24.75,24.75,25.915972,Low Value Customers
15285.0,408,1,94.92,15.82,15.82,14.732541,Low Value Customers
15286.0,50,1,240.55,80.18333333333334,80.18333333333334,80.9999,Low Value Customers
15287.0,22,5,856.03,23.77861111111111,118.89305555555555,112.718506,Low Value Customers
15288.0,43,10,3883.13,21.45375690607735,214.53756906077348,204.01689,Low Value Customers
15289.0,29,5,1593.09,16.42360824742268,82.1180412371134,81.9287,Low Value Customers
15290.0,5,26,10496.28,35.946164383561644,934.6002739726027,939.25885,Medium Value Customers
15291.0,26,40,13846.56,56.28682926829268,2251.473170731707,2208.8015,High Value Customers
15292.0,201,1,180.94,7.2376,7.2376,-0.006818208,Low Value Customers
15293.0,666,1,247.5,13.026315789473685,13.026315789473685,11.490223,Low Value Customers
15294.0,411,1,233.35,15.556666666666667,15.556666666666667,14.732541,Low Value Customers
15295.0,654,1,217.23999999999998,4.098867924528301,4.098867924528301,-1.4922074,Low Value Customers
15296.0,51,12,10342.83,19.332392523364486,231.98871028037382,208.17325,Low Value Customers
15297.0,10,3,641.94,16.46,49.38,47.950336,Low Value Customers
15298.0,2,23,9459.37,21.401289592760183,492.2296606334842,481.14548,Low Value Customers
15299.0,67,10,7991.54,614.7338461538461,6147.338461538461,6139.046,Premium Customers
15300.0,64,1,496.44,17.73,17.73,19.039972,Low Value Customers
15301.0,51,17,7603.4400000000005,20.00905263157895,340.1538947368421,316.34387,Low Value Customers
15302.0,730,1,308.0,20.533333333333335,20.533333333333335,24.130678,Low Value Customers
15303.0,290,3,1224.18,17.741739130434784,53.225217391304355,55.957493,Low Value Customers
15304.0,61,9,919.5500000000001,31.708620689655174,285.3775862068966,231.22713,Low Value Customers
15305.0,555,1,93.6,18.72,18.72,19.911142,Low Value Customers
15306.0,64,9,3484.73,21.51067901234568,193.59611111111113,191.63506,Low Value Customers
15307.0,96,1,205.3,17.108333333333334,17.108333333333334,17.981665,Low Value Customers
15308.0,274,1,310.47,16.340526315789475,16.340526315789475,16.614649,Low Value Customers
15309.0,611,4,797.96,14.777037037037038,59.10814814814815,61.718452,Low Value Customers
15310.0,479,1,1634.64,36.32533333333333,36.32533333333333,52.105526,Low Value Customers
15311.0,1,208,116771.16,26.335399188092016,5477.76303112314,5582.312,High Value Customers
15312.0,75,12,2930.19,17.976625766871166,215.719509202454,223.0429,Low Value Customers
15313.0,110,1,52.0,52.0,52.0,63.51713,Low Value Customers
15314.0,199,3,820.4499999999999,16.409,49.227,47.671806,Low Value Customers
15315.0,64,2,570.5,15.41891891891892,30.83783783783784,27.426672,Low Value Customers
15316.0,327,1,165.0,165.0,165.0,200.53192,Low Value Customers
15317.0,677,1,129.75,25.95,25.95,26.124262,Low Value Customers
15318.0,4,1,312.62,9.473333333333333,9.473333333333333,1.447196,Low Value Customers
15319.0,284,1,204.5,12.78125,12.78125,12.237051,Low Value Customers
15320.0,44,1,267.13,7.420277777777778,7.420277777777778,-0.5392536,Low Value Customers
15321.0,71,12,6709.7300000000005,21.714336569579288,260.57203883495146,522.98676,Low Value Customers
15322.0,86,2,1390.86,16.75734939759036,33.51469879518072,32.764053,Low Value Customers
15323.0,563,3,434.6,14.986206896551725,44.95862068965518,43.51095,Low Value Customers
15324.0,701,1,140.22000000000003,17.527500000000003,17.527500000000003,19.364613,Low Value Customers
15325.0,104,8,1602.01,7.120044444444445,56.96035555555556,73.90286,Low Value Customers
15326.0,334,5,1700.52,13.182325581395348,65.91162790697675,67.288414,Low Value Customers
15327.0,53,1,208.75,20.875,20.875,23.546143,Low Value Customers
15328.0,408,1,107.24,13.405,13.405,12.878181,Low Value Customers
15329.0,39,11,2984.33,19.25374193548387,211.79116129032258,214.6946,Low Value Customers
15330.0,32,2,714.96,54.99692307692308,109.99384615384616,107.99986,Low Value Customers
15331.0,500,3,767.91,17.4525,52.3575,51.910694,Low Value Customers
15332.0,366,6,6553.74,34.675873015873016,208.0552380952381,221.5411,Low Value Customers
15333.0,208,1,1028.56,64.285,64.285,111.494644,Low Value Customers
15334.0,157,3,351.67,3.5522222222222224,10.656666666666666,19.418257,Low Value Customers
15335.0,54,1,173.97,4.8325,4.8325,-2.68048,Low Value Customers
15336.0,402,1,240.5,16.033333333333335,16.033333333333335,16.614649,Low Value Customers
15337.0,411,1,373.02,17.762857142857143,17.762857142857143,19.364613,Low Value Customers
15338.0,677,1,283.43,4.723833333333333,4.723833333333333,-2.1739717,Low Value Customers
15339.0,66,7,1827.84,8.16,57.120000000000005,62.153126,Low Value Customers
15340.0,562,1,105.5,15.071428571428571,15.071428571428571,14.732541,Low Value Customers
15341.0,81,2,2402.7200000000003,100.11333333333334,200.2266666666667,200.76897,Low Value Customers
15342.0,130,1,406.09,16.920416666666664,16.920416666666664,18.103394,Low Value Customers
15343.0,87,1,364.5,17.357142857142858,17.357142857142858,18.95229,Low Value Customers
15344.0,1,3,563.94,21.69,65.07000000000001,72.38043,Low Value Customers
15345.0,46,1,393.54,19.677,19.677,23.39732,Low Value Customers
15346.0,333,3,596.12,16.111351351351352,48.33405405405406,45.497974,Low Value Customers
15347.0,366,4,1363.6,33.25853658536585,133.0341463414634,127.97255,Low Value Customers
15348.0,72,1,158.04,17.56,17.56,18.918243,Low Value Customers
15349.0,158,2,473.81,6.580694444444444,13.161388888888888,10.740099,Low Value Customers
15350.0,373,2,663.25,18.95,37.9,39.41134,Low Value Customers
15351.0,12,10,3738.29,10.049166666666666,100.49166666666666,97.41014,Low Value Customers
15352.0,549,1,114.95,3.1067567567567567,3.1067567567567567,-1.4922074,Low Value Customers
15353.0,255,7,3175.95,8.206589147286822,57.446124031007756,54.010002,Low Value Customers
15354.0,603,3,284.4,94.8,284.4,210.02957,Low Value Customers
15355.0,29,2,277.05,19.789285714285715,39.57857142857143,39.48105,Low Value Customers
15356.0,31,13,3464.95,4.589337748344371,59.661390728476825,70.809555,Low Value Customers
15358.0,5,42,17050.41,15.088858407079647,633.7320530973451,707.1391,Medium Value Customers
15359.0,663,8,181.35,11.334375,90.675,91.33052,Low Value Customers
15360.0,40,1,427.93,32.917692307692306,32.917692307692306,50.452126,Low Value Customers
15361.0,362,4,689.07,68.90700000000001,275.62800000000004,249.35712,Low Value Customers
15362.0,449,2,613.08,15.327000000000002,30.654000000000003,27.086569,Low Value Customers
15363.0,373,2,1004.11,19.68843137254902,39.37686274509804,40.59793,Low Value Customers
15364.0,96,2,913.19,31.489310344827587,62.97862068965517,73.255875,Low Value Customers
15365.0,26,13,4557.13,20.904266055045873,271.7554587155964,267.24872,Low Value Customers
15366.0,75,7,2389.08,17.312173913043477,121.18521739130433,119.86166,Low Value Customers
15367.0,57,11,5081.33,18.212652329749105,200.33917562724014,213.00226,Low Value Customers
15368.0,21,2,722.74,90.3425,180.685,273.87958,Low Value Customers
15369.0,492,11,6251.26,105.9535593220339,1165.489152542373,1119.14,Medium Value Customers
15370.0,41,8,3739.01,25.965347222222224,207.7227777777778,204.25958,Low Value Customers
15371.0,662,1,59.400000000000006,59.400000000000006,59.400000000000006,61.88889,Low Value Customers
15372.0,137,8,6017.06,105.56245614035089,844.4996491228071,858.0373,Medium Value Customers
15373.0,8,17,3421.39,17.0218407960199,289.3712935323383,259.602,Low Value Customers
15374.0,129,2,307.32,30.732,61.464,60.022804,Low Value Customers
15375.0,690,1,60.959999999999994,10.159999999999998,10.159999999999998,7.0996556,Low Value Customers
15376.0,40,3,1233.3600000000001,10.541538461538462,31.624615384615385,35.705196,Low Value Customers
15377.0,383,4,1211.75,57.70238095238095,230.8095238095238,215.84239,Low Value Customers
15378.0,463,2,246.5,20.541666666666668,41.083333333333336,38.168594,Low Value Customers
15379.0,169,8,4877.84,18.546920152091257,148.37536121673006,151.48248,Low Value Customers
15380.0,9,11,3479.0600000000004,65.64264150943397,722.0690566037737,693.077,Low Value Customers
15381.0,214,5,1890.5700000000002,78.77375,393.86875000000003,398.20468,Low Value Customers
15382.0,15,12,13733.550000000001,21.730300632911394,260.76360759493673,235.81265,Low Value Customers
15384.0,170,4,2027.79,17.184661016949153,68.73864406779661,68.67787,Low Value Customers
15385.0,40,3,942.08,44.860952380952384,134.58285714285716,129.28825,Low Value Customers
15386.0,186,1,394.14,12.714193548387096,12.714193548387096,12.108903,Low Value Customers
15387.0,492,1,468.65,23.432499999999997,23.432499999999997,30.243692,Low Value Customers
15388.0,270,1,140.54,14.053999999999998,14.053999999999998,14.478793,Low Value Customers
15389.0,172,5,2733.8,455.6333333333334,2278.166666666667,2107.4126,High Value Customers
15390.0,396,2,1216.66,15.800779220779221,31.601558441558442,35.288338,Low Value Customers
15391.0,584,1,289.87,24.155833333333334,24.155833333333334,27.78369,Low Value Customers
15392.0,5,7,2911.62,20.219583333333333,141.53708333333333,152.62338,Low Value Customers
15393.0,16,5,891.34,20.257727272727273,101.28863636363636,91.02498,Low Value Customers
15394.0,10,11,5286.8,23.28986784140969,256.1885462555066,268.87082,Low Value Customers
15395.0,326,1,107.45,15.35,15.35,14.732541,Low Value Customers
15396.0,113,2,796.38,49.77375,99.5475,114.69567,Low Value Customers
15397.0,290,1,94.0,15.666666666666666,15.666666666666666,14.732541,Low Value Customers
15398.0,16,2,1345.53,18.43191780821918,36.86383561643836,39.50305,Low Value Customers
15399.0,1,3,815.77,16.3154,48.946200000000005,48.71422,Low Value Customers
15400.0,92,8,1302.3,48.233333333333334,385.8666666666667,352.01248,Low Value Customers
15401.0,452,2,216.95000000000002,15.496428571428572,30.992857142857144,27.79066,Low Value Customers
15402.0,149,6,1830.54,13.973587786259541,83.84152671755724,89.513626,Low Value Customers
15403.0,492,2,170.88,21.36,42.72,37.880547,Low Value Customers
15404.0,376,1,257.06,16.06625,16.06625,16.614649,Low Value Customers
15405.0,189,2,659.84,21.994666666666667,43.989333333333335,49.624058,Low Value Customers
15406.0,31,4,975.87,7.998934426229508,31.99573770491803,33.039127,Low Value Customers
15407.0,34,4,1056.44,6.90483660130719,27.61934640522876,31.535107,Low Value Customers
15408.0,264,1,267.18,7.858235294117647,7.858235294117647,0.38615853,Low Value Customers
15409.0,721,1,131.25,14.583333333333334,14.583333333333334,14.788214,Low Value Customers
15410.0,84,10,4685.72,28.9241975308642,289.241975308642,263.66437,Low Value Customers
15411.0,26,4,1358.88,13.726060606060607,54.904242424242426,62.675533,Low Value Customers
15412.0,171,1,190.53,19.053,19.053,22.467392,Low Value Customers
15413.0,692,5,6798.72,271.9488,1359.7440000000001,3002.51,High Value Customers
15414.0,10,3,774.9000000000001,19.86923076923077,59.60769230769232,62.79381,Low Value Customers
15415.0,313,1,572.8100000000001,11.933541666666668,11.933541666666668,11.029553,Low Value Customers
15416.0,65,7,4572.82,20.056228070175436,140.39359649122804,141.55563,Low Value Customers
15417.0,85,1,508.8,18.17142857142857,18.17142857142857,20.033054,Low Value Customers
15418.0,425,2,452.32,6.555362318840579,13.110724637681159,10.9075985,Low Value Customers
15419.0,25,1,135.86,16.9825,16.9825,20.36774,Low Value Customers
15420.0,434,6,743.0,13.267857142857142,79.60714285714286,80.525444,Low Value Customers
15421.0,59,10,3805.34,12.042215189873419,120.42215189873419,114.85754,Low Value Customers
15422.0,323,7,1619.97,13.49975,94.49825,92.954666,Low Value Customers
15423.0,38,3,266.89,19.06357142857143,57.190714285714286,52.669952,Low Value Customers
15424.0,254,3,597.78,18.114545454545453,54.343636363636364,49.24103,Low Value Customers
15425.0,400,4,1944.57,13.503958333333333,54.01583333333333,52.294094,Low Value Customers
15426.0,19,9,2615.39,4.897734082397004,44.07960674157303,53.61217,Low Value Customers
15427.0,33,3,1483.14,4.84686274509804,14.54058823529412,14.677193,Low Value Customers
15428.0,15,4,762.75,17.335227272727273,69.3409090909091,65.55256,Low Value Customers
15429.0,27,2,397.35,4.845731707317073,9.691463414634146,8.240567,Low Value Customers
15430.0,468,2,954.75,26.520833333333332,53.041666666666664,54.8055,Low Value Customers
15431.0,503,1,153.24,76.62,76.62,81.039604,Low Value Customers
15432.0,23,2,320.76,20.0475,40.095,41.284702,Low Value Customers
15433.0,214,2,533.3,13.00731707317073,26.01463414634146,24.744524,Low Value Customers
15434.0,8,11,2567.06,19.157164179104477,210.72880597014924,199.87166,Low Value Customers
15435.0,22,1,149.29,5.147931034482759,5.147931034482759,-2.9428468,Low Value Customers
15436.0,12,3,1122.53,3.4119452887537993,10.235835866261398,12.710061,Low Value Customers
15437.0,262,2,393.45,6.902631578947368,13.805263157894736,11.270952,Low Value Customers
15438.0,131,1,156.57999999999998,6.263199999999999,6.263199999999999,-0.6543424,Low Value Customers
15439.0,405,4,1269.05,22.264035087719297,89.05614035087719,88.53943,Low Value Customers
15440.0,55,3,383.68,6.188387096774194,18.565161290322582,22.020607,Low Value Customers
15441.0,396,3,1254.21,22.003684210526316,66.01105263157895,67.59095,Low Value Customers
15442.0,249,1,594.0,297.0,297.0,322.6766,Low Value Customers
15443.0,2,14,5175.93,8.012275541795667,112.17185758513934,132.06256,Low Value Customers
15444.0,9,2,1418.26,6.476073059360731,12.952146118721462,-0.94579345,Low Value Customers
15445.0,264,2,284.5,20.321428571428573,40.642857142857146,38.168594,Low Value Customers
15446.0,377,3,406.95,3.569736842105263,10.70921052631579,19.585754,Low Value Customers
15447.0,331,5,492.88,16.99586206896552,84.9793103448276,80.18956,Low Value Customers
15448.0,313,2,788.81,16.09816326530612,32.19632653061224,31.794727,Low Value Customers
15449.0,26,3,974.52,16.242,48.726,50.852127,Low Value Customers
15450.0,30,1,429.84,14.328,14.328,16.64743,Low Value Customers
15451.0,434,2,233.21,3.701746031746032,7.403492063492064,9.87162,Low Value Customers
15452.0,30,6,1799.1100000000001,8.906485148514852,53.43891089108911,59.649094,Low Value Customers
15453.0,2,7,1388.37,4.854440559440559,33.98108391608391,42.212875,Low Value Customers
15454.0,362,2,307.69,7.504634146341464,15.009268292682927,11.749999,Low Value Customers
15455.0,598,1,38.25,19.125,19.125,22.595541,Low Value Customers
15456.0,283,10,2119.27,9.214217391304349,92.14217391304348,99.09531,Low Value Customers
15457.0,262,1,237.07,4.087413793103448,4.087413793103448,-1.4922074,Low Value Customers
15458.0,25,2,370.43999999999994,28.495384615384612,56.990769230769224,64.8734,Low Value Customers
15459.0,417,2,202.82999999999998,28.975714285714282,57.951428571428565,55.217815,Low Value Customers
15460.0,354,1,216.76,3.7372413793103445,3.7372413793103445,-1.4922074,Low Value Customers
15461.0,461,2,429.7,214.85,429.7,364.327,Low Value Customers
15462.0,94,4,737.05,17.976829268292683,71.90731707317073,66.06511,Low Value Customers
15463.0,29,1,126.14,18.02,18.02,22.994087,Low Value Customers
15464.0,338,1,1048.85,6.680573248407643,6.680573248407643,-2.9526024,Low Value Customers
15465.0,20,32,12655.65,48.12034220532319,1539.850950570342,1584.6565,Medium Value Customers
15466.0,85,4,1571.01,5.928339622641509,23.713358490566037,27.175674,Low Value Customers
15467.0,9,3,524.88,10.093846153846155,30.281538461538464,28.806446,Low Value Customers
15468.0,51,3,1430.48,17.881,53.643,55.17407,Low Value Customers
15469.0,50,3,874.25,20.33139534883721,60.99418604651163,57.76626,Low Value Customers
15470.0,576,1,63.419999999999995,15.854999999999999,15.854999999999999,14.732541,Low Value Customers
15471.0,2,3,1316.56,8.126913580246914,24.38074074074074,23.601048,Low Value Customers
15472.0,113,1,371.56,4.888947368421053,4.888947368421053,-2.5862927,Low Value Customers
15473.0,14,8,2046.0,146.14285714285714,1169.142857142857,1061.7058,Medium Value Customers
15474.0,596,1,163.1,8.155,8.155,0.6003758,Low Value Customers
15475.0,77,1,454.10999999999996,15.658965517241377,15.658965517241377,14.407905,Low Value Customers
15476.0,380,4,2209.98,27.974430379746835,111.89772151898734,110.41798,Low Value Customers
15477.0,650,1,368.4,184.2,184.2,150.02728,Low Value Customers
15478.0,40,3,2024.98,28.520845070422535,85.5625352112676,96.82283,Low Value Customers
15479.0,733,1,147.4,16.37777777777778,16.37777777777778,16.614649,Low Value Customers
15480.0,116,5,6279.0,29.204651162790697,146.02325581395348,160.73396,Low Value Customers
15481.0,401,1,1993.34,52.456315789473685,52.456315789473685,89.25337,Low Value Customers
15482.0,16,19,14592.56,97.93664429530202,1860.7962416107384,1844.6306,Medium Value Customers
15483.0,161,10,862.2,2.9731034482758623,29.731034482758623,73.45536,Low Value Customers
15484.0,1,6,4656.0,19.319502074688796,115.91701244813277,126.59061,Low Value Customers
15485.0,30,7,5771.51,35.847888198757765,250.93521739130435,267.1679,Low Value Customers
15486.0,527,1,102.0,102.0,102.0,107.413765,Low Value Customers
15487.0,680,1,231.32,16.52285714285714,16.52285714285714,16.614649,Low Value Customers
15488.0,93,5,431.92,39.265454545454546,196.3272727272727,166.79172,Low Value Customers
15489.0,23,8,2419.61,21.22464912280702,169.79719298245615,163.5626,Low Value Customers
15490.0,430,1,217.6,7.771428571428571,7.771428571428571,0.6003758,Low Value Customers
15491.0,95,6,3100.09,20.130454545454548,120.78272727272729,125.94708,Low Value Customers
15492.0,28,2,659.4599999999999,18.841714285714282,37.683428571428564,42.008385,Low Value Customers
15493.0,33,9,4314.9800000000005,6.63843076923077,59.745876923076935,61.73403,Low Value Customers
15494.0,21,5,3780.05,9.973746701846967,49.86873350923483,28.704866,Low Value Customers
15495.0,379,1,246.5,12.325,12.325,10.784911,Low Value Customers
15496.0,631,1,146.14000000000001,6.6427272727272735,6.6427272727272735,-0.24202144,Low Value Customers
15497.0,18,9,8657.39,71.54867768595041,643.9380991735537,752.81976,Medium Value Customers
15498.0,3,44,26039.58,26.817281153450054,1179.9603707518024,1177.8821,Medium Value Customers
15499.0,724,1,161.6,3.8476190476190473,3.8476190476190473,-1.4922074,Low Value Customers
15500.0,8,4,1131.56,16.640588235294118,66.56235294117647,71.67509,Low Value Customers
15501.0,405,2,402.5,5.75,11.5,8.98687,Low Value Customers
15502.0,16,14,13993.47,38.76307479224376,542.6830470914127,578.3943,Low Value Customers
15503.0,363,2,267.15,2.171951219512195,4.34390243902439,9.657403,Low Value Customers
15504.0,81,4,423.85,6.142753623188407,24.571014492753626,30.47978,Low Value Customers
15505.0,53,5,3610.96,37.22639175257732,186.1319587628866,185.5826,Low Value Customers
15506.0,23,6,2040.03,7.338237410071942,44.029424460431656,49.83424,Low Value Customers
15507.0,172,1,492.36,10.703478260869565,10.703478260869565,9.484636,Low Value Customers
15508.0,189,6,1000.27,10.8725,65.235,68.82262,Low Value Customers
15509.0,380,1,166.51,5.741724137931034,5.741724137931034,-2.1627412,Low Value Customers
15510.0,331,1,250.0,250.0,250.0,235.29184,Low Value Customers
15511.0,12,5,909.23,5.6826875,28.4134375,29.574625,Low Value Customers
15512.0,156,4,331.58,10.361875,41.4475,40.50291,Low Value Customers
15513.0,33,35,27750.55,49.378202846975086,1728.237099644128,1666.1675,Medium Value Customers
15514.0,12,18,6598.55,19.4075,349.335,362.1062,Low Value Customers
15515.0,387,1,171.81,24.544285714285714,24.544285714285714,26.68048,Low Value Customers
15516.0,45,3,62.43,4.162,12.486,19.76503,Low Value Customers
15517.0,233,1,267.03,9.889999999999999,9.889999999999999,6.885438,Low Value Customers
15518.0,64,15,4218.94,9.272395604395603,139.08593406593405,156.43442,Low Value Customers
15519.0,383,2,344.61,9.313783783783784,18.627567567567567,16.15175,Low Value Customers
15520.0,2,1,343.5,19.083333333333332,19.083333333333332,27.440643,Low Value Customers
15521.0,40,16,7106.69,17.54738271604938,280.7581234567901,293.11285,Low Value Customers
15522.0,33,2,398.84,6.99719298245614,13.99438596491228,10.428038,Low Value Customers
15523.0,84,16,17359.99,81.12144859813085,1297.9431775700937,1298.8536,Medium Value Customers
15524.0,25,2,591.4,65.71111111111111,131.42222222222222,168.94812,Low Value Customers
15525.0,2,4,1295.7,5.0027027027027025,20.01081081081081,20.526777,Low Value Customers
15526.0,33,2,148.44,37.11,74.22,69.87648,Low Value Customers
15527.0,19,23,5575.64,16.844833836858008,387.4311782477342,384.3542,Low Value Customers
15528.0,254,1,229.33,8.820384615384615,8.820384615384615,2.254375,Low Value Customers
15529.0,23,12,5111.95,6.311049382716049,75.73259259259258,83.45923,Low Value Customers
15530.0,22,5,1813.72,12.683356643356644,63.41678321678322,63.793324,Low Value Customers
15531.0,8,2,2007.44,8.804561403508773,17.609122807017545,-5.573701,Low Value Customers
15532.0,25,10,3771.9,6.015789473684211,60.15789473684211,57.936462,Low Value Customers
15533.0,19,3,807.57,9.729759036144578,29.189277108433735,31.945194,Low Value Customers
15534.0,726,1,162.25,20.28125,20.28125,24.130678,Low Value Customers
15535.0,173,6,1087.82,8.118059701492538,48.708358208955225,56.961864,Low Value Customers
15536.0,409,1,259.09,16.193125,16.193125,16.614649,Low Value Customers
15537.0,163,1,110.92,4.621666666666667,4.621666666666667,-2.087903,Low Value Customers
15538.0,538,6,3358.3999999999996,239.88571428571427,1439.3142857142857,1186.8016,Medium Value Customers
15539.0,7,1,538.46,13.133170731707319,13.133170731707319,12.661613,Low Value Customers
15540.0,11,2,460.68,14.860645161290323,29.721290322580646,27.564905,Low Value Customers
15541.0,114,1,85.13000000000001,2.9355172413793107,2.9355172413793107,-1.9045289,Low Value Customers
15542.0,512,3,918.45,3.6446428571428573,10.933928571428572,17.725466,Low Value Customers
15543.0,288,2,242.84,4.186896551724138,8.373793103448277,9.87162,Low Value Customers
15544.0,9,20,8162.43,14.65427289048474,293.08545780969484,294.74313,Low Value Customers
15545.0,54,2,428.05,3.821875,7.64375,8.123092,Low Value Customers
15546.0,607,2,1079.1000000000001,89.92500000000001,179.85000000000002,170.72736,Low Value Customers
15547.0,7,26,10154.39,7.477459499263623,194.4139469808542,194.73097,Low Value Customers
15548.0,596,1,158.09,6.8734782608695655,6.8734782608695655,0.12133007,Low Value Customers
15549.0,77,8,2345.96,14.481234567901234,115.84987654320987,118.38748,Low Value Customers
15550.0,4,12,2218.8,9.245000000000001,110.94000000000001,109.774086,Low Value Customers
15551.0,37,7,1710.08,11.325033112582782,79.27523178807947,80.65417,Low Value Customers
15552.0,217,2,252.52,8.417333333333334,16.834666666666667,11.964216,Low Value Customers
15553.0,60,1,437.23,7.807678571428572,7.807678571428572,0.06152195,Low Value Customers
15554.0,278,1,217.2,15.514285714285714,15.514285714285714,14.732541,Low Value Customers
15555.0,12,36,12112.35,7.2054431885782275,259.3959547888162,287.54724,Low Value Customers
15556.0,24,1,279.77,9.024838709677418,9.024838709677418,4.7194014,Low Value Customers
15557.0,29,1,473.65000000000003,23.6825,23.6825,37.5993,Low Value Customers
15558.0,639,1,214.13,8.565199999999999,8.565199999999999,0.6003758,Low Value Customers
15559.0,568,1,1109.4,17.893548387096775,17.893548387096775,29.350586,Low Value Customers
15560.0,398,2,153.52,15.352,30.704,27.79066,Low Value Customers
15561.0,12,8,1934.3899999999999,21.025978260869564,168.20782608695652,158.49805,Low Value Customers
15562.0,352,3,673.3800000000001,19.805294117647062,59.41588235294118,56.98788,Low Value Customers
15563.0,22,7,2867.0,11.069498069498069,77.48648648648648,85.7425,Low Value Customers
15564.0,463,2,70.74000000000001,17.685000000000002,35.370000000000005,32.882946,Low Value Customers
15565.0,50,2,173.16,21.645,43.29,44.931774,Low Value Customers
15566.0,393,2,227.87,18.989166666666666,37.97833333333333,36.633457,Low Value Customers
15567.0,19,1,186.01,26.572857142857142,26.572857142857142,36.94932,Low Value Customers
15568.0,3,3,758.29,14.307358490566036,42.92207547169811,44.554047,Low Value Customers
15569.0,104,10,3586.35,25.255985915492957,252.55985915492957,240.03693,Low Value Customers
15570.0,7,25,9311.04,11.84610687022901,296.15267175572524,293.40485,Low Value Customers
15571.0,12,14,4051.63,6.380519685039371,89.32727559055118,91.706566,Low Value Customers
15572.0,5,10,4068.67,11.428848314606741,114.2884831460674,123.05749,Low Value Customers
15573.0,32,5,1207.18,5.487181818181819,27.435909090909092,32.27266,Low Value Customers
15574.0,178,6,1518.7,4.071581769436998,24.429490616621987,43.741188,Low Value Customers
15575.0,620,1,30.1,10.033333333333333,10.033333333333333,7.0996556,Low Value Customers
15576.0,38,1,940.6700000000001,20.90377777777778,20.90377777777778,33.936897,Low Value Customers
15577.0,151,5,397.98,6.633,33.165,41.585415,Low Value Customers
15578.0,162,1,127.1,9.776923076923076,9.776923076923076,6.9715075,Low Value Customers
15579.0,69,5,1302.5,7.616959064327485,38.08479532163743,41.95383,Low Value Customers
15580.0,377,8,1381.19,6.031397379912664,48.25117903930131,68.15372,Low Value Customers
15581.0,121,38,7794.59,10.871115760111577,413.1023988842399,363.51205,Low Value Customers
15582.0,25,3,682.9100000000001,15.52068181818182,46.56204545454546,47.25697,Low Value Customers
15583.0,376,1,107.86,2.344782608695652,2.344782608695652,-1.4922074,Low Value Customers
15584.0,24,6,1277.5,5.703125,34.21875,43.911526,Low Value Customers
15585.0,177,1,455.3,14.687096774193549,14.687096774193549,14.726123,Low Value Customers
15586.0,593,3,1139.1,29.97631578947368,89.92894736842103,84.660965,Low Value Customers
15587.0,50,7,1522.0800000000002,108.72000000000001,761.0400000000001,598.62036,Low Value Customers
15588.0,678,1,579.6,144.9,144.9,148.5819,Low Value Customers
15589.0,256,3,478.53000000000003,16.501034482758623,49.503103448275866,45.85328,Low Value Customers
15590.0,382,5,1496.6,17.20229885057471,86.01149425287355,85.99621,Low Value Customers
15591.0,583,3,217.9,31.12857142857143,93.38571428571429,73.09601,Low Value Customers
15592.0,47,1,388.58,16.190833333333334,16.190833333333334,16.41398,Low Value Customers
15593.0,71,1,199.8,39.96,39.96,49.318512,Low Value Customers
15594.0,16,5,1771.78,17.201747572815535,86.00873786407767,87.06218,Low Value Customers
15595.0,488,1,357.6,89.4,89.4,96.44794,Low Value Customers
15596.0,101,9,3130.04,17.784318181818183,160.05886363636364,170.56546,Low Value Customers
15597.0,35,2,563.37,15.226216216216216,30.45243243243243,28.153204,Low Value Customers
15598.0,53,2,548.02,15.222777777777777,30.445555555555554,27.426672,Low Value Customers
15599.0,27,3,1250.06,15.060963855421686,45.182891566265056,50.49877,Low Value Customers
15600.0,428,4,1199.31,16.89169014084507,67.56676056338029,71.56412,Low Value Customers
15601.0,11,30,14960.12,17.156100917431193,514.6830275229357,594.511,Low Value Customers
15602.0,8,16,3230.51,25.238359375,403.81375,353.3522,Low Value Customers
15603.0,79,2,88.48,22.12,44.24,42.5659,Low Value Customers
15604.0,52,1,216.39,12.728823529411764,12.728823529411764,11.790685,Low Value Customers
15605.0,36,9,1936.8,17.44864864864865,157.03783783783786,143.42093,Low Value Customers
15606.0,61,17,5230.99,36.07579310344828,613.2884827586207,519.2666,Low Value Customers
15607.0,337,9,1708.97,15.67862385321101,141.1076146788991,128.25655,Low Value Customers
15608.0,28,5,1785.98,17.009333333333334,85.04666666666667,87.08135,Low Value Customers
15609.0,184,1,298.48,18.655,18.655,20.0672,Low Value Customers
15610.0,52,1,112.46000000000001,18.743333333333336,18.743333333333336,19.464773,Low Value Customers
15611.0,10,26,2997.28,31.88595744680851,829.0348936170213,696.885,Low Value Customers
15612.0,36,2,195.15,32.525,65.05,71.27739,Low Value Customers
15613.0,610,1,433.71999999999997,16.063703703703702,16.063703703703702,16.736378,Low Value Customers
15614.0,438,4,3147.36,38.8562962962963,155.4251851851852,154.69273,Low Value Customers
15615.0,10,47,21373.97,23.72249722530522,1114.9573695893453,1100.153,Medium Value Customers
15616.0,438,1,317.11,24.393076923076926,24.393076923076926,27.78369,Low Value Customers
15617.0,396,3,828.5500000000001,19.727380952380955,59.182142857142864,56.602406,Low Value Customers
15618.0,33,4,776.851,17.263355555555556,69.05342222222222,64.75292,Low Value Customers
15619.0,11,1,336.40000000000003,112.13333333333334,112.13333333333334,156.75421,Low Value Customers
15620.0,57,4,1942.36,15.05705426356589,60.22821705426356,58.51919,Low Value Customers
15621.0,4,4,1293.03,80.814375,323.2575,369.28284,Low Value Customers
15622.0,43,17,7852.61,18.433356807511736,313.3670657276995,305.05893,Low Value Customers
15623.0,141,8,2437.05,22.56527777777778,180.52222222222224,170.73022,Low Value Customers
15624.0,117,4,588.13,17.297941176470587,69.19176470588235,62.893654,Low Value Customers
15625.0,104,9,3236.4,18.926315789473684,170.33684210526314,177.93324,Low Value Customers
15626.0,75,3,1067.52,13.344,40.032,40.31598,Low Value Customers
15627.0,457,2,566.9,23.620833333333334,47.24166666666667,46.41201,Low Value Customers
15628.0,5,17,5652.26,17.77440251572327,302.1648427672956,298.61652,Low Value Customers
15629.0,450,4,2240.9,29.102597402597404,116.41038961038961,135.17056,Low Value Customers
15630.0,45,3,1481.4,18.517500000000002,55.55250000000001,56.259872,Low Value Customers
15631.0,642,1,596.67,15.299230769230768,15.299230769230768,12.512318,Low Value Customers
15632.0,16,8,3285.31,19.67251497005988,157.38011976047903,163.26413,Low Value Customers
15633.0,509,13,4352.46,24.590169491525423,319.6722033898305,320.8655,Low Value Customers
15634.0,17,2,554.65,16.313235294117646,32.62647058823529,31.792475,Low Value Customers
15635.0,396,1,100.35,50.175,50.175,60.632683,Low Value Customers
15636.0,90,4,1444.58,25.343508771929823,101.37403508771929,102.15285,Low Value Customers
15637.0,53,5,797.59,19.45341463414634,97.2670731707317,82.91815,Low Value Customers
15638.0,379,6,2265.2,90.60799999999999,543.6479999999999,520.4672,Low Value Customers
15639.0,134,3,1065.08,15.435942028985506,46.30782608695652,45.16198,Low Value Customers
15640.0,4,29,23957.58,31.31709803921569,908.195843137255,952.81464,Medium Value Customers
15641.0,105,12,5345.55,17.188263665594857,206.25916398713827,216.19867,Low Value Customers
15642.0,730,1,105.78000000000002,17.630000000000003,17.630000000000003,19.364613,Low Value Customers
15643.0,192,3,664.0,20.12121212121212,60.36363636363636,57.99936,Low Value Customers
15644.0,166,4,813.0,3.4159663865546217,13.663865546218487,25.49365,Low Value Customers
15645.0,19,3,1055.17,15.517205882352942,46.551617647058826,46.860317,Low Value Customers
15646.0,158,5,974.61,11.466,57.33,55.69569,Low Value Customers
15647.0,415,1,169.0,15.363636363636363,15.363636363636363,14.732541,Low Value Customers
15648.0,204,2,657.35,26.294,52.588,53.61066,Low Value Customers
15649.0,336,4,2170.35,180.86249999999998,723.4499999999999,792.2961,Medium Value Customers
15650.0,522,2,553.88,15.385555555555555,30.77111111111111,27.91239,Low Value Customers
15651.0,37,5,1259.06,20.984333333333332,104.92166666666665,102.009026,Low Value Customers
15652.0,91,5,1420.34,13.657115384615384,68.28557692307692,72.93412,Low Value Customers
15653.0,93,2,877.4399999999999,146.23999999999998,292.47999999999996,335.0803,Low Value Customers
15654.0,9,2,922.53,43.93,87.86,110.512856,Low Value Customers
15655.0,243,1,560.67,16.490294117647057,16.490294117647057,16.736378,Low Value Customers
15656.0,45,4,748.5,15.925531914893616,63.702127659574465,61.81553,Low Value Customers
15657.0,23,1,30.0,30.0,30.0,46.579556,Low Value Customers
15658.0,190,8,2423.4700000000003,20.891982758620692,167.13586206896554,160.8889,Low Value Customers
15659.0,44,3,532.49,25.356666666666666,76.07,71.189835,Low Value Customers
15660.0,25,15,2812.99,17.47198757763975,262.07981366459626,249.62357,Low Value Customers
15661.0,317,8,1215.95,27.635227272727274,221.0818181818182,177.93118,Low Value Customers
15662.0,661,2,283.73,23.644166666666667,47.288333333333334,42.0636,Low Value Customers
15663.0,106,1,138.14,15.348888888888887,15.348888888888887,14.320221,Low Value Customers
15664.0,51,4,1254.03,17.914714285714286,71.65885714285714,69.56403,Low Value Customers
15665.0,168,5,4015.12,13.941388888888888,69.70694444444445,55.158596,Low Value Customers
15666.0,472,2,632.9399999999999,9.44686567164179,18.89373134328358,16.969978,Low Value Customers
15667.0,40,1,301.32,23.178461538461537,23.178461538461537,32.301693,Low Value Customers
15668.0,218,1,76.32000000000001,76.32000000000001,76.32000000000001,77.65289,Low Value Customers
15669.0,40,4,684.34,20.737575757575758,82.95030303030303,75.82167,Low Value Customers
15670.0,297,2,325.2,17.11578947368421,34.23157894736842,31.912325,Low Value Customers
15671.0,19,7,2657.13,34.065769230769234,238.46038461538464,258.05145,Low Value Customers
15672.0,725,1,45.300000000000004,15.100000000000001,15.100000000000001,14.732541,Low Value Customers
15673.0,88,9,6414.79,22.351184668989546,201.16066202090593,230.39165,Low Value Customers
15674.0,73,13,6948.2300000000005,19.795527065527068,257.34185185185186,509.1549,Low Value Customers
15675.0,81,4,542.04,15.486857142857142,61.94742857142857,57.789196,Low Value Customers
15676.0,19,3,3435.76,17.00871287128713,51.02613861386139,42.15881,Low Value Customers
15677.0,49,3,1305.63,18.133750000000003,54.401250000000005,55.41977,Low Value Customers
15678.0,53,3,1893.89,19.524639175257732,58.5739175257732,65.74357,Low Value Customers
15679.0,24,4,781.28,7.102545454545455,28.41018181818182,31.353996,Low Value Customers
15680.0,9,10,4507.58,16.94578947368421,169.45789473684212,168.01328,Low Value Customers
15681.0,25,14,2989.7,33.97386363636363,475.63409090909084,435.3836,Low Value Customers
15682.0,599,2,318.24,12.7296,25.4592,24.810741,Low Value Customers
15683.0,117,2,524.54,20.174615384615382,40.349230769230765,39.85257,Low Value Customers
15684.0,547,3,173.95,15.813636363636363,47.44090909090909,43.38922,Low Value Customers
15685.0,450,1,55.980000000000004,3.2929411764705883,3.2929411764705883,-1.4922074,Low Value Customers
15686.0,420,1,90.0,90.0,90.0,87.42869,Low Value Customers
15687.0,9,9,2993.1,18.030722891566263,162.27650602409636,173.23483,Low Value Customers
15688.0,419,1,190.57,7.058148148148148,7.058148148148148,0.12133007,Low Value Customers
15689.0,120,3,521.03,21.70958333333333,65.12875,61.768173,Low Value Customers
15690.0,4,2,239.76,12.618947368421052,25.237894736842104,23.796146,Low Value Customers
15691.0,252,4,571.3,40.80714285714286,163.22857142857143,133.14966,Low Value Customers
15692.0,28,1,191.04,15.92,15.92,18.952553,Low Value Customers
15693.0,659,1,37.5,37.5,37.5,37.878307,Low Value Customers
15694.0,1,24,10810.81,69.74716129032258,1673.9318709677418,1753.3937,Medium Value Customers
15695.0,267,4,1131.04,19.170169491525424,76.6806779661017,77.58019,Low Value Customers
15696.0,33,13,3906.57,17.440044642857142,226.72058035714284,217.91531,Low Value Customers
15697.0,690,1,246.75,17.625,17.625,19.364613,Low Value Customers
15698.0,624,1,46.2,23.1,23.1,25.27682,Low Value Customers
15699.0,18,1,309.65,17.202777777777776,17.202777777777776,19.825472,Low Value Customers
15700.0,172,2,696.68,8.10093023255814,16.20186046511628,12.520163,Low Value Customers
15701.0,2,4,1542.14,6.506919831223629,26.027679324894518,23.601637,Low Value Customers
15702.0,476,2,140.39000000000001,4.679666666666667,9.359333333333334,9.404074,Low Value Customers
15703.0,265,1,211.5,42.3,42.3,44.61508,Low Value Customers
15704.0,140,6,3817.96,18.44425120772947,110.66550724637682,112.609055,Low Value Customers
15705.0,201,1,143.1,23.849999999999998,23.849999999999998,26.410027,Low Value Customers
15706.0,64,4,1060.56,19.28290909090909,77.13163636363636,71.003975,Low Value Customers
15707.0,35,4,945.58,4.418598130841121,17.674392523364485,23.633366,Low Value Customers
15708.0,41,9,4378.72,11.085367088607596,99.76830379746836,104.279686,Low Value Customers
15709.0,284,2,327.85,12.142592592592594,24.28518518518519,23.358608,Low Value Customers
15710.0,417,1,898.87,8.171545454545454,8.171545454545454,1.8358668,Low Value Customers
15711.0,557,2,420.25,16.81,33.62,32.03405,Low Value Customers
15712.0,9,12,3472.4100000000003,20.918132530120484,251.0175903614458,246.11415,Low Value Customers
15713.0,143,4,1010.79,16.57032786885246,66.28131147540984,65.5607,Low Value Customers
15714.0,12,5,784.8100000000001,16.0165306122449,80.0826530612245,74.354866,Low Value Customers
15715.0,556,5,658.02,17.316315789473684,86.58157894736843,83.67501,Low Value Customers
15716.0,146,11,3056.81,9.376717791411043,103.14389570552147,119.82608,Low Value Customers
15717.0,234,5,607.0,25.291666666666668,126.45833333333334,111.87119,Low Value Customers
15718.0,540,1,293.79,16.32166666666667,16.32166666666667,16.614649,Low Value Customers
15719.0,33,31,10223.06,5.74329213483146,178.04205617977527,266.07962,Low Value Customers
15720.0,24,2,741.92,4.7865806451612904,9.573161290322581,6.8096523,Low Value Customers
15721.0,12,1,507.08,5.572307692307692,5.572307692307692,-5.9787474,Low Value Customers
15722.0,36,11,5258.1,29.050276243093926,319.5530386740332,321.8654,Low Value Customers
15723.0,365,4,947.65,7.346124031007752,29.384496124031006,33.318954,Low Value Customers
15724.0,201,3,310.85,18.28529411764706,54.85588235294118,49.312267,Low Value Customers
15725.0,15,1,415.25,12.9765625,12.9765625,13.041884,Low Value Customers
15726.0,390,1,321.91,13.99608695652174,13.99608695652174,14.478793,Low Value Customers
15727.0,17,15,9445.51,13.610244956772334,204.153674351585,200.57779,Low Value Customers
15728.0,380,2,544.6,45.38333333333333,90.76666666666667,89.037346,Low Value Customers
15729.0,213,3,192.55,17.504545454545454,52.513636363636365,48.481506,Low Value Customers
15730.0,66,5,1726.58,15.554774774774774,77.77387387387387,81.83379,Low Value Customers
15731.0,554,1,125.3,15.6625,15.6625,14.732541,Low Value Customers
15732.0,212,10,1682.07,16.17375,161.73749999999998,149.76399,Low Value Customers
15733.0,283,1,162.3,16.23,16.23,16.614649,Low Value Customers
15734.0,115,4,2263.3,52.63488372093024,210.53953488372096,210.9421,Low Value Customers
15735.0,421,1,327.68,17.246315789473684,17.246315789473684,18.45715,Low Value Customers
15736.0,435,2,1815.72,17.62834951456311,35.25669902912622,31.772474,Low Value Customers
15737.0,15,8,1205.1200000000001,16.73777777777778,133.90222222222224,130.24736,Low Value Customers
15738.0,19,41,13372.970000000001,26.961633064516132,1105.4269556451613,998.9258,Medium Value Customers
15739.0,66,1,449.12,56.14,56.14,90.5461,Low Value Customers
15740.0,49,1,154.88,17.20888888888889,17.20888888888889,18.256481,Low Value Customers
15741.0,458,2,208.62,17.385,34.77,32.882946,Low Value Customers
15742.0,619,1,156.87,3.82609756097561,3.82609756097561,-1.4922074,Low Value Customers
15743.0,16,4,784.46,8.914318181818182,35.657272727272726,35.07514,Low Value Customers
15744.0,78,1,34.8,11.6,11.6,10.461457,Low Value Customers
15745.0,19,4,1094.59,17.654677419354837,70.61870967741935,67.22951,Low Value Customers
15746.0,134,1,196.88,7.031428571428571,7.031428571428571,-0.006818208,Low Value Customers
15747.0,13,9,2562.61,11.648227272727274,104.83404545454546,108.08498,Low Value Customers
15748.0,40,3,614.7600000000001,16.615135135135137,49.845405405405415,46.968727,Low Value Customers
15749.0,235,3,44534.3,4453.43,13360.29,13823.969,Premium Customers
15750.0,3,18,6797.191,10.457216923076922,188.2299046153846,209.55869,Low Value Customers
15751.0,461,11,1380.44,10.618769230769232,116.80646153846155,116.683495,Low Value Customers
15752.0,40,9,4207.54,6.897606557377049,62.07845901639344,63.97819,Low Value Customers
15753.0,305,1,79.2,79.2,79.2,83.06451,Low Value Customers
15754.0,51,9,3037.61,23.187862595419848,208.69076335877864,211.0913,Low Value Customers
15755.0,10,17,5993.12,16.153962264150945,274.61735849056606,294.2629,Low Value Customers
15756.0,61,4,532.96,2.7758333333333334,11.103333333333333,26.042877,Low Value Customers
15757.0,66,6,2940.36,15.235025906735752,91.41015544041451,90.96312,Low Value Customers
15758.0,25,1,205.25,22.805555555555557,22.805555555555557,34.75352,Low Value Customers
15759.0,218,7,830.9300000000001,48.87823529411765,342.14764705882357,305.0667,Low Value Customers
15760.0,631,2,13916.34,6958.17,13916.34,13938.097,Premium Customers
15761.0,443,1,143.05,28.610000000000003,28.610000000000003,31.259064,Low Value Customers
15762.0,65,2,583.75,15.777027027027026,31.554054054054053,27.426672,Low Value Customers
15763.0,32,2,1086.92,17.818360655737706,35.63672131147541,36.847923,Low Value Customers
15764.0,88,8,4503.08,18.08465863453815,144.6772690763052,149.42717,Low Value Customers
15765.0,667,1,370.63,14.8252,14.8252,14.732541,Low Value Customers
15766.0,64,3,831.06,31.963846153846152,95.89153846153846,96.48183,Low Value Customers
15768.0,116,34,15601.09,12.601849757673667,428.4628917609047,450.6409,Low Value Customers
15769.0,7,46,88704.32,396.0014285714286,18216.065714285716,15716.74,Premium Customers
15770.0,613,1,321.45,17.858333333333334,17.858333333333334,20.357695,Low Value Customers
15771.0,604,3,1006.54,35.94785714285714,107.84357142857141,99.11454,Low Value Customers
15772.0,418,1,280.88,17.555,17.555,19.364613,Low Value Customers
15773.0,6,2,774.52,16.479148936170212,32.958297872340424,33.987656,Low Value Customers
15774.0,69,6,1329.94,11.769380530973452,70.61628318584071,73.03644,Low Value Customers
15775.0,245,2,150.5,16.72222222222222,33.44444444444444,31.912325,Low Value Customers
15776.0,133,1,241.62,13.423333333333334,13.423333333333334,12.750033,Low Value Customers
15777.0,241,7,1762.61,45.1951282051282,316.3658974358974,267.40924,Low Value Customers
15778.0,431,1,307.95,18.11470588235294,18.11470588235294,20.357695,Low Value Customers
15779.0,463,2,124.08000000000001,15.510000000000002,31.020000000000003,27.79066,Low Value Customers
15780.0,184,3,475.28000000000003,16.38896551724138,49.16689655172414,45.85328,Low Value Customers
15781.0,25,3,345.46,17.273,51.819,50.415913,Low Value Customers
15782.0,10,4,4014.1,65.80491803278689,263.21967213114755,338.8127,Low Value Customers
15783.0,11,1,246.3,17.592857142857145,17.592857142857145,18.847696,Low Value Customers
15784.0,468,2,848.3299999999999,19.72860465116279,39.45720930232558,40.561,Low Value Customers
15785.0,33,16,5969.93,26.533022222222222,424.52835555555555,408.32663,Low Value Customers
15786.0,46,5,8514.82,18.27214592274678,91.3607296137339,24.056982,Low Value Customers
15787.0,26,3,948.05,4.602184466019417,13.806553398058252,16.956144,Low Value Customers
15788.0,509,1,221.82999999999998,15.844999999999999,15.844999999999999,14.732541,Low Value Customers
15789.0,358,6,1962.01,14.217463768115943,85.30478260869566,90.532845,Low Value Customers
15790.0,10,1,220.85,6.31,6.31,-3.839087,Low Value Customers
15791.0,44,5,3608.34,21.60682634730539,108.03413173652694,117.17998,Low Value Customers
15792.0,400,2,933.84,16.383157894736843,32.76631578947369,34.458817,Low Value Customers
15793.0,15,8,2399.57,79.98566666666667,639.8853333333334,644.36676,Low Value Customers
15794.0,736,2,777.0,51.8,103.6,103.47867,Low Value Customers
15795.0,150,8,1979.8700000000001,15.11351145038168,120.90809160305344,126.67936,Low Value Customers
15796.0,1,17,5175.83,17.545186440677966,298.26816949152544,294.58676,Low Value Customers
15797.0,113,6,2821.08,235.09,1410.54,1093.2258,Medium Value Customers
15798.0,493,3,1535.37,18.49843373493976,55.49530120481928,56.906,Low Value Customers
15799.0,76,4,1424.29,9.188967741935484,36.755870967741934,41.638157,Low Value Customers
15800.0,107,7,1242.58,5.092540983606557,35.6477868852459,52.73229,Low Value Customers
15801.0,46,3,1063.95,16.62421875,49.872656250000006,50.390793,Low Value Customers
15802.0,143,1,451.42,451.42,451.42,430.40448,Low Value Customers
15803.0,51,4,1929.66,37.836470588235294,151.34588235294117,157.79895,Low Value Customers
15804.0,1,13,4206.39,16.05492366412214,208.7140076335878,216.60489,Low Value Customers
15805.0,23,30,10189.23,19.18875706214689,575.6627118644067,575.922,Low Value Customers
15806.0,46,3,784.58,25.309032258064516,75.92709677419354,75.476845,Low Value Customers
15807.0,50,5,1817.52,20.653636363636362,103.26818181818182,97.562386,Low Value Customers
15808.0,306,21,18409.93,21.456794871794873,450.59269230769235,575.04706,Low Value Customers
15809.0,36,7,1274.44,21.973103448275864,153.81172413793104,146.9344,Low Value Customers
15810.0,79,8,2999.04,18.066506024096384,144.53204819277107,151.98773,Low Value Customers
15811.0,22,7,3890.52,12.550064516129032,87.85045161290323,81.67568,Low Value Customers
15812.0,107,12,5201.47,41.611760000000004,499.34112000000005,447.85495,Low Value Customers
15813.0,208,2,1303.9099999999999,32.59775,65.1955,72.24007,Low Value Customers
15814.0,17,6,2634.44,26.88204081632653,161.29224489795916,167.72217,Low Value Customers
15815.0,64,5,2100.6,42.86938775510204,214.34693877551018,200.50314,Low Value Customers
15816.0,542,2,144.14999999999998,13.104545454545452,26.209090909090904,24.276867,Low Value Customers
15817.0,421,3,2766.4,18.2,54.599999999999994,65.35209,Low Value Customers
15818.0,588,1,340.5,30.954545454545453,30.954545454545453,38.046963,Low Value Customers
15819.0,49,10,3934.79,15.133807692307693,151.33807692307693,152.67924,Low Value Customers
15820.0,320,1,206.98,12.175294117647057,12.175294117647057,10.784911,Low Value Customers
15821.0,44,2,570.96,9.209032258064516,18.418064516129032,15.787764,Low Value Customers
15822.0,3,6,1840.06,28.308615384615383,169.8516923076923,159.02567,Low Value Customers
15823.0,372,3,3897.17,24.981858974358975,74.94557692307693,71.61767,Low Value Customers
15824.0,453,2,890.94,34.26692307692308,68.53384615384616,73.59019,Low Value Customers
15825.0,172,1,532.94,26.647000000000002,26.647000000000002,38.00204,Low Value Customers
15826.0,56,4,2598.28,21.834285714285716,87.33714285714287,100.32367,Low Value Customers
15827.0,73,28,3794.07,16.424545454545456,459.8872727272728,453.57135,Low Value Customers
15828.0,375,1,1108.82,14.984054054054052,14.984054054054052,21.056826,Low Value Customers
15829.0,99,2,636.14,12.473333333333333,24.946666666666665,23.879177,Low Value Customers
15830.0,38,1,576.0,14.76923076923077,14.76923076923077,15.16721,Low Value Customers
15831.0,58,3,801.76,11.790588235294118,35.371764705882356,36.090534,Low Value Customers
15832.0,254,1,836.79,15.49611111111111,15.49611111111111,15.586815,Low Value Customers
15833.0,738,1,80.4,16.080000000000002,16.080000000000002,16.614649,Low Value Customers
15834.0,70,7,3772.9900000000002,9.981455026455027,69.87018518518519,61.788177,Low Value Customers
15835.0,44,4,954.09,19.0818,76.3272,71.24967,Low Value Customers
15836.0,50,1,137.37,13.737,13.737,14.278127,Low Value Customers
15837.0,65,2,777.01,14.942499999999999,29.884999999999998,28.966679,Low Value Customers
15838.0,11,34,74163.0,354.8468899521531,12064.794258373206,12175.094,Premium Customers
15839.0,33,3,1048.49,16.911129032258064,50.733387096774194,50.86471,Low Value Customers
15840.0,59,2,355.56,13.168888888888889,26.337777777777777,23.79115,Low Value Customers
15841.0,73,9,2742.41,29.808804347826086,268.2792391304348,274.06967,Low Value Customers
15842.0,393,2,548.8,21.951999999999998,43.903999999999996,44.477108,Low Value Customers
15843.0,304,1,118.95000000000002,14.868750000000002,14.868750000000002,14.732541,Low Value Customers
15844.0,46,1,130.73999999999998,11.885454545454543,11.885454545454543,10.461457,Low Value Customers
15845.0,18,11,4426.28,25.4383908045977,279.82229885057467,283.82324,Low Value Customers
15846.0,385,1,107.01,3.6900000000000004,3.6900000000000004,-1.4922074,Low Value Customers
15847.0,38,5,822.57,17.136875,85.684375,76.3843,Low Value Customers
15848.0,622,1,139.94,3.998285714285714,3.998285714285714,-1.4922074,Low Value Customers
15850.0,19,6,1058.72,3.169820359281437,19.01892215568862,37.71248,Low Value Customers
15851.0,527,1,109.73,13.71625,13.71625,14.478793,Low Value Customers
15852.0,187,3,257.26,7.795757575757576,23.387272727272727,23.623081,Low Value Customers
15853.0,52,1,110.8,3.6933333333333334,3.6933333333333334,-2.2129338,Low Value Customers
15854.0,4,21,5583.81,21.642674418604653,454.4961627906977,462.4957,Low Value Customers
15855.0,137,6,1052.72,11.081263157894737,66.48757894736842,69.38989,Low Value Customers
15856.0,4,52,34220.340000000004,29.474883720930237,1532.6939534883722,1641.101,Medium Value Customers
15857.0,19,2,570.48,23.77,47.54,56.130157,Low Value Customers
15858.0,16,13,3960.37,8.199523809523809,106.59380952380951,106.498375,Low Value Customers
15859.0,432,1,438.46,19.93,19.93,25.254854,Low Value Customers
15860.0,41,17,2505.21,6.8076358695652175,115.7298097826087,111.09609,Low Value Customers
15861.0,12,12,4401.79,5.516027568922306,66.19233082706768,72.2997,Low Value Customers
15862.0,8,13,2928.29,5.040086058519793,65.5211187607573,78.62138,Low Value Customers
15863.0,26,5,358.7,4.540506329113924,22.70253164556962,32.581753,Low Value Customers
15864.0,22,7,2180.76,94.81565217391305,663.7095652173914,693.6456,Low Value Customers
15865.0,41,5,2248.92,17.708031496062993,88.54015748031497,94.40178,Low Value Customers
15866.0,101,1,230.53,5.122888888888889,5.122888888888889,-2.3720756,Low Value Customers
15867.0,5,31,9063.95,8.55897072710104,265.3280925401322,290.98117,Low Value Customers
15868.0,583,1,94.53,23.6325,23.6325,25.233767,Low Value Customers
15869.0,277,3,323.65999999999997,9.247428571428571,27.742285714285714,28.024822,Low Value Customers
15870.0,33,4,862.61,5.868095238095238,23.472380952380952,27.582993,Low Value Customers
15871.0,437,1,33.099999999999994,6.619999999999999,6.619999999999999,-0.24202144,Low Value Customers
15872.0,15,4,795.68,3.700837209302325,14.8033488372093,23.246166,Low Value Customers
15873.0,500,4,313.91999999999996,52.31999999999999,209.27999999999997,149.23405,Low Value Customers
15874.0,64,21,11284.76,32.99637426900585,692.9238596491228,749.2799,Medium Value Customers
15875.0,646,1,111.72,4.4688,4.4688,-1.4922074,Low Value Customers
15876.0,409,2,1449.1399999999999,131.73999999999998,263.47999999999996,327.89017,Low Value Customers
15877.0,2,2,493.28,3.823875968992248,7.647751937984496,2.6099117,Low Value Customers
15878.0,562,2,330.77,6.485686274509804,12.971372549019607,10.9075985,Low Value Customers
15879.0,404,4,1157.3,6.324043715846995,25.29617486338798,33.146854,Low Value Customers
15880.0,369,1,686.5600000000001,3.2693333333333334,3.2693333333333334,-4.2858377,Low Value Customers
15881.0,312,5,501.39000000000004,17.289310344827587,86.44655172413793,81.16018,Low Value Customers
15882.0,199,8,1495.98,19.9464,159.5712,143.31787,Low Value Customers
15883.0,2,2,396.48,8.091428571428573,16.182857142857145,7.9369,Low Value Customers
15884.0,432,2,249.70000000000002,16.64666666666667,33.29333333333334,31.912325,Low Value Customers
15885.0,93,15,1951.82,16.972347826086956,254.58521739130435,231.65356,Low Value Customers
15886.0,60,4,1052.8700000000001,16.98177419354839,67.92709677419356,64.237816,Low Value Customers
15887.0,407,3,1027.15,27.760810810810813,83.28243243243244,75.23605,Low Value Customers
15888.0,81,3,429.16,11.004102564102565,33.012307692307694,32.934467,Low Value Customers
15889.0,157,8,1806.28,4.527017543859649,36.21614035087719,55.572098,Low Value Customers
15890.0,395,5,535.65,53.565,267.825,217.42448,Low Value Customers
15891.0,227,1,524.52,8.459999999999999,8.459999999999999,1.5538105,Low Value Customers
15892.0,669,1,128.2,3.3736842105263154,3.3736842105263154,-1.4922074,Low Value Customers
15893.0,482,1,305.28000000000003,305.28000000000003,305.28000000000003,311.20062,Low Value Customers
15894.0,253,2,420.29,5.320126582278482,10.640253164556963,9.150565,Low Value Customers
15895.0,150,1,179.17,16.288181818181815,16.288181818181815,16.4865,Low Value Customers
15897.0,194,2,222.05,9.252083333333333,18.504166666666666,16.365969,Low Value Customers
15898.0,1,25,5596.31,8.029139167862267,200.72847919655666,192.10875,Low Value Customers
15899.0,369,1,112.5,14.0625,14.0625,14.478793,Low Value Customers
15900.0,24,4,900.4,6.926153846153846,27.704615384615384,31.353996,Low Value Customers
15901.0,17,7,703.22,4.112397660818714,28.786783625730997,47.625793,Low Value Customers
15902.0,380,1,145.01,8.056111111111111,8.056111111111111,0.6003758,Low Value Customers
15903.0,10,12,8939.84,77.06758620689655,924.8110344827586,996.2608,Medium Value Customers
15904.0,8,1,164.68,5.489333333333334,5.489333333333334,-6.301476,Low Value Customers
15905.0,543,1,114.69,5.213181818181818,5.213181818181818,-1.9597542,Low Value Customers
15906.0,20,10,2555.64,12.58935960591133,125.89359605911329,121.054886,Low Value Customers
15907.0,4,3,967.45,3.8853413654618474,11.656024096385542,10.458255,Low Value Customers
15908.0,491,2,764.57,18.648048780487805,37.29609756097561,37.866817,Low Value Customers
15909.0,174,1,191.94,27.419999999999998,27.419999999999998,31.158854,Low Value Customers
15910.0,1,15,2681.8,4.2703821656050955,64.05573248407643,70.17437,Low Value Customers
15911.0,624,8,1702.34,6.572741312741313,52.5819305019305,70.73669,Low Value Customers
15912.0,178,9,1074.7,11.31263157894737,101.81368421052633,105.10948,Low Value Customers
15913.0,534,1,6.300000000000001,6.300000000000001,6.300000000000001,-0.24202144,Low Value Customers
15914.0,378,2,205.99,15.845384615384615,31.69076923076923,27.79066,Low Value Customers
15915.0,402,1,429.21,2.939794520547945,2.939794520547945,-2.7029765,Low Value Customers
15916.0,16,13,3427.17,10.480642201834863,136.24834862385322,137.92879,Low Value Customers
15917.0,248,5,560.63,3.616967741935484,18.08483870967742,37.127857,Low Value Customers
15918.0,191,3,582.88,9.555409836065573,28.66622950819672,28.146551,Low Value Customers
15919.0,20,2,910.61,4.742760416666667,9.485520833333334,4.3347435,Low Value Customers
15920.0,154,9,571.64,5.292962962962963,47.63666666666666,74.73998,Low Value Customers
15921.0,173,4,802.11,9.663975903614459,38.655903614457834,39.07888,Low Value Customers
15922.0,373,1,739.0,33.59090909090909,33.59090909090909,48.093586,Low Value Customers
15923.0,373,1,254.16,6.051428571428572,6.051428571428572,-1.0900865,Low Value Customers
15924.0,731,1,102.82,6.854666666666666,6.854666666666666,0.12133007,Low Value Customers
15925.0,194,1,207.15,17.2625,17.2625,19.236464,Low Value Customers
15926.0,542,1,134.44,19.205714285714286,19.205714285714286,22.595541,Low Value Customers
15927.0,647,1,123.39,7.258235294117647,7.258235294117647,0.12133007,Low Value Customers
15928.0,656,1,293.53,26.684545454545454,26.684545454545454,27.2286,Low Value Customers
15929.0,644,1,594.0,594.0,594.0,737.43506,Medium Value Customers
15930.0,67,1,426.63,20.315714285714286,20.315714285714286,25.819963,Low Value Customers
15931.0,428,1,239.9,17.135714285714286,17.135714285714286,18.393988,Low Value Customers
15932.0,4,8,2495.87,21.703217391304346,173.62573913043477,177.04565,Low Value Customers
15933.0,21,3,1107.46,14.965675675675676,44.89702702702703,47.25697,Low Value Customers
15934.0,418,2,2190.66,75.53999999999999,151.07999999999998,183.4813,Low Value Customers
15935.0,239,2,416.86,34.73833333333334,69.47666666666667,70.23421,Low Value Customers
15936.0,379,2,282.79,14.883684210526317,29.767368421052634,27.79066,Low Value Customers
15937.0,64,1,145.35,20.764285714285712,20.764285714285712,23.708145,Low Value Customers
15938.0,112,9,734.81,18.84128205128205,169.57153846153847,148.55501,Low Value Customers
15939.0,90,16,9060.39,56.27571428571428,900.4114285714285,938.50134,Medium Value Customers
15940.0,311,1,35.8,35.8,35.8,39.445477,Low Value Customers
15941.0,637,1,405.0,67.5,67.5,68.2091,Low Value Customers
15942.0,134,1,337.44,24.102857142857143,24.102857142857143,30.259108,Low Value Customers
15943.0,650,2,271.28999999999996,22.607499999999998,45.214999999999996,40.128696,Low Value Customers
15944.0,277,4,2164.24,56.95368421052631,227.81473684210525,233.09009,Low Value Customers
15945.0,365,4,827.27,27.575666666666667,110.30266666666667,97.97766,Low Value Customers
15946.0,503,3,2304.18,88.62230769230769,265.86692307692306,258.94907,Low Value Customers
15947.0,83,1,1708.24,58.9048275862069,58.9048275862069,97.766556,Low Value Customers
15948.0,8,3,1509.0900000000001,15.885157894736844,47.655473684210534,53.11863,Low Value Customers
15949.0,17,2,364.72,19.19578947368421,38.39157894736842,41.033504,Low Value Customers
15950.0,32,10,7180.71,18.179012658227848,181.79012658227848,188.42653,Low Value Customers
15951.0,9,3,1013.17,17.17237288135593,51.51711864406779,51.68392,Low Value Customers
15952.0,34,4,806.57,8.863406593406594,35.45362637362638,34.80108,Low Value Customers
15953.0,15,18,3669.5499999999997,19.728763440860213,355.1177419354838,345.41293,Low Value Customers
15954.0,589,1,190.75,9.5375,9.5375,5.0021243,Low Value Customers
15955.0,24,22,8658.36,23.918121546961327,526.1986740331492,535.62604,Low Value Customers
15956.0,551,2,617.6,34.31111111111111,68.62222222222222,69.53278,Low Value Customers
15957.0,32,3,930.1,6.159602649006622,18.478807947019867,20.104515,Low Value Customers
15958.0,74,4,492.99,6.662027027027027,26.648108108108108,30.878138,Low Value Customers
15959.0,682,3,579.49,7.4293589743589745,22.288076923076922,22.977253,Low Value Customers
15960.0,374,4,410.95,15.805769230769231,63.223076923076924,58.27491,Low Value Customers
15961.0,379,1,451.28999999999996,10.745,10.745,9.612784,Low Value Customers
15962.0,449,1,295.83,5.10051724137931,5.10051724137931,-2.1739717,Low Value Customers
15963.0,20,2,470.76,16.812857142857144,33.62571428571429,33.571793,Low Value Customers
15964.0,663,1,272.96000000000004,12.99809523809524,12.99809523809524,12.049107,Low Value Customers
15965.0,17,13,3013.09,8.187744565217391,106.44067934782609,109.96267,Low Value Customers
15966.0,451,1,426.53000000000003,15.797407407407409,15.797407407407409,14.854271,Low Value Customers
15967.0,23,12,3041.6,6.107630522088353,73.29156626506024,80.89989,Low Value Customers
15968.0,388,1,418.05,4.918235294117647,4.918235294117647,-2.1739717,Low Value Customers
15969.0,3,5,1127.05,32.20142857142857,161.00714285714287,173.98245,Low Value Customers
15970.0,304,2,1017.32,42.388333333333335,84.77666666666667,85.65716,Low Value Customers
15971.0,18,18,5902.83,140.54357142857143,2529.7842857142855,2085.4404,High Value Customers
15972.0,456,5,1810.27,12.484620689655172,62.42310344827586,75.482414,Low Value Customers
15973.0,367,3,988.44,65.896,197.688,170.61594,Low Value Customers
15974.0,39,7,3442.15,19.557670454545455,136.9036931818182,135.13771,Low Value Customers
15975.0,84,1,371.01,15.45875,15.45875,14.286175,Low Value Customers
15976.0,165,6,1746.6399999999999,4.388542713567839,26.331256281407033,40.71216,Low Value Customers
15977.0,17,2,1054.73,16.226615384615386,32.45323076923077,34.505245,Low Value Customers
15978.0,77,3,3279.42,25.42186046511628,76.26558139534883,79.53499,Low Value Customers
15979.0,603,1,329.22,14.964545454545457,14.964545454545457,14.732541,Low Value Customers
15980.0,89,7,6593.68,56.35623931623932,394.4936752136752,442.4072,Low Value Customers
15981.0,25,21,9362.77,32.509618055555556,682.7019791666667,710.7664,Medium Value Customers
15982.0,605,1,324.51,7.211333333333333,7.211333333333333,-0.09288719,Low Value Customers
15983.0,22,8,3958.8199999999997,12.527911392405063,100.2232911392405,100.1054,Low Value Customers
15984.0,3,30,8759.32,11.725997322623828,351.7799196787148,374.38284,Low Value Customers
15985.0,123,7,2715.28,26.10846153846154,182.75923076923078,179.9834,Low Value Customers
15986.0,30,2,354.42,14.1768,28.3536,29.544464,Low Value Customers
15987.0,12,8,1682.13,8.582295918367347,68.65836734693877,73.29765,Low Value Customers
15988.0,19,3,770.09,5.969689922480621,17.909069767441864,20.626078,Low Value Customers
15989.0,376,2,372.51,4.233068181818182,8.466136363636364,8.883166,Low Value Customers
15990.0,44,7,2010.05,11.166944444444445,78.16861111111112,84.54197,Low Value Customers
15991.0,534,1,150.55,25.09166666666667,25.09166666666667,27.22038,Low Value Customers
15992.0,4,3,896.6,16.603703703703705,49.81111111111112,50.861908,Low Value Customers
15993.0,9,7,2797.57,5.068061594202899,35.47643115942029,31.432682,Low Value Customers
15994.0,55,3,1202.18,10.545438596491229,31.636315789473684,35.848896,Low Value Customers
15995.0,414,1,696.19,6.271981981981982,6.271981981981982,0.30148005,Low Value Customers
15996.0,88,7,1686.9,7.957075471698114,55.6995283018868,67.48498,Low Value Customers
15998.0,37,16,8308.34,5.785752089136491,92.57203342618385,99.47856,Low Value Customers
15999.0,736,1,20.4,20.4,20.4,24.130678,Low Value Customers
16000.0,3,3,12393.7,1377.0777777777778,4131.233333333334,8053.314,Premium Customers
16001.0,381,1,583.39,20.11689655172414,20.11689655172414,25.254854,Low Value Customers
16002.0,625,1,169.21,4.028809523809524,4.028809523809524,-1.4922074,Low Value Customers
16003.0,30,10,5613.83,27.65433497536946,276.5433497536946,257.01184,Low Value Customers
16004.0,475,5,2146.39,23.848777777777777,119.24388888888888,126.82958,Low Value Customers
16005.0,12,10,2436.22,4.7397276264591435,47.39727626459143,53.00533,Low Value Customers
16006.0,211,2,347.17,4.233780487804879,8.467560975609757,9.414598,Low Value Customers
16007.0,48,7,3075.14,4.617327327327327,32.32129129129129,31.688574,Low Value Customers
16008.0,24,15,5384.13,21.19736220472441,317.96043307086615,313.93088,Low Value Customers
16009.0,22,4,992.71,11.030111111111111,44.120444444444445,45.95533,Low Value Customers
16010.0,246,11,1724.06,5.766086956521739,63.42695652173913,85.59159,Low Value Customers
16011.0,8,29,5880.46,12.924087912087913,374.79854945054944,368.42664,Low Value Customers
16012.0,35,5,2989.79,12.405767634854772,62.02883817427386,54.340843,Low Value Customers
16013.0,4,84,57446.44,261.12018181818183,21934.095272727274,21846.951,Premium Customers
16014.0,38,5,1130.27,3.884089347079038,19.42044673539519,28.668333,Low Value Customers
16015.0,4,3,705.39,3.875769230769231,11.627307692307692,12.774655,Low Value Customers
16016.0,3,11,2533.94,6.633350785340315,72.96685863874346,75.94894,Low Value Customers
16017.0,47,5,1553.83,11.861297709923663,59.306488549618315,56.194965,Low Value Customers
16018.0,39,4,698.13,12.466607142857143,49.86642857142857,48.054516,Low Value Customers
16019.0,47,27,17465.85,43.12555555555555,1164.3899999999999,1131.2977,Medium Value Customers
16020.0,17,3,851.01,18.500217391304346,55.50065217391304,55.650173,Low Value Customers
16021.0,395,2,532.25,3.670689655172414,7.341379310344828,7.92812,Low Value Customers
16022.0,260,1,628.28,8.266842105263157,8.266842105263157,-0.20093969,Low Value Customers
16023.0,46,3,719.81,7.126831683168317,21.38049504950495,22.08668,Low Value Customers
16024.0,12,3,484.2,5.630232558139535,16.890697674418604,17.268536,Low Value Customers
16025.0,30,1,439.65999999999997,15.702142857142857,15.702142857142857,16.901178,Low Value Customers
16026.0,43,1,236.09,7.3778125,7.3778125,-0.3250364,Low Value Customers
16027.0,92,15,2048.36,58.524571428571434,877.8685714285715,729.822,Medium Value Customers
16028.0,596,1,82.2,16.44,16.44,16.614649,Low Value Customers
16029.0,39,107,122209.14,319.08391644908613,34141.97906005222,20067.332,Premium Customers
16030.0,310,1,331.24,11.422068965517242,11.422068965517242,10.907824,Low Value Customers
16031.0,92,2,548.94,5.489400000000001,10.978800000000001,8.535199,Low Value Customers
16032.0,456,6,1970.45,9.294575471698113,55.76745283018868,73.95516,Low Value Customers
16033.0,6,27,10836.13,7.729051355206847,208.68438659058486,207.55072,Low Value Customers
16034.0,196,6,928.72,16.293333333333333,97.75999999999999,96.60659,Low Value Customers
16035.0,560,1,217.73,10.368095238095238,10.368095238095238,7.7855353,Low Value Customers
16036.0,87,4,2556.84,18.263142857142856,73.05257142857143,71.321526,Low Value Customers
16037.0,270,5,1509.34,21.258309859154927,106.29154929577464,101.803795,Low Value Customers
16038.0,8,3,471.78000000000003,18.145384615384618,54.43615384615386,53.80452,Low Value Customers
16039.0,424,2,456.4,14.2625,28.525,27.658642,Low Value Customers
16040.0,65,7,2416.9,19.3352,135.34640000000002,132.57709,Low Value Customers
16041.0,31,3,3166.4,527.7333333333333,1583.2,1623.0264,Medium Value Customers
16042.0,22,8,2265.12,17.424,139.392,139.99927,Low Value Customers
16043.0,38,8,1856.5900000000001,25.4327397260274,203.4619178082192,179.9958,Low Value Customers
16044.0,435,1,340.84000000000003,17.938947368421054,17.938947368421054,20.357695,Low Value Customers
16045.0,120,8,3434.9300000000003,23.208986486486488,185.6718918918919,186.09598,Low Value Customers
16046.0,562,1,235.78,10.717272727272727,10.717272727272727,9.491054,Low Value Customers
16047.0,682,1,107.14,107.14,107.14,109.06385,Low Value Customers
16048.0,373,4,1075.23,24.437045454545455,97.74818181818182,85.344635,Low Value Customers
16049.0,40,6,1899.68,3.7917764471057884,22.75065868263473,30.97719,Low Value Customers
16050.0,174,3,300.7,14.319047619047618,42.957142857142856,42.183765,Low Value Customers
16051.0,682,1,188.44,15.703333333333333,15.703333333333333,14.732541,Low Value Customers
16052.0,54,1,362.06,10.648823529411764,10.648823529411764,7.4535527,Low Value Customers
16053.0,33,6,3634.84,18.736288659793814,112.41773195876289,114.46192,Low Value Customers
16054.0,145,4,2111.88,17.31049180327869,69.24196721311476,69.87766,Low Value Customers
16055.0,221,1,134.8,16.85,16.85,19.439909,Low Value Customers
16056.0,45,1,664.85,9.777205882352941,9.777205882352941,6.6974053,Low Value Customers
16057.0,16,10,3854.85,17.682798165137616,176.82798165137615,178.84041,Low Value Customers
16058.0,406,1,62.7,31.35,31.35,31.400848,Low Value Customers
16059.0,66,12,3217.77,7.6250473933649285,91.50056872037914,92.51842,Low Value Customers
16060.0,401,3,541.95,22.58125,67.74375,60.239998,Low Value Customers
16061.0,431,1,89.65,29.883333333333336,29.883333333333336,30.577097,Low Value Customers
16062.0,10,8,2863.45,15.478108108108108,123.82486486486486,134.29565,Low Value Customers
16063.0,260,1,335.32,14.57913043478261,14.57913043478261,14.788214,Low Value Customers
16064.0,725,1,111.0,6.166666666666667,6.166666666666667,-1.0900865,Low Value Customers
16065.0,365,8,2382.62,5.502586605080831,44.020692840646646,57.203064,Low Value Customers
16066.0,17,5,1521.87,14.920294117647058,74.60147058823529,72.47788,Low Value Customers
16067.0,563,3,3395.29,46.510821917808215,139.53246575342465,162.07257,Low Value Customers
16068.0,594,1,122.93,3.152051282051282,3.152051282051282,-1.4922074,Low Value Customers
16069.0,418,1,457.7,18.308,18.308,21.319525,Low Value Customers
16070.0,22,2,852.15,25.82272727272727,51.64545454545454,66.83836,Low Value Customers
16071.0,45,4,1076.8,14.750684931506848,59.00273972602739,58.989372,Low Value Customers
16072.0,288,4,4328.89,7.785773381294964,31.143093525179857,-10.617536,Low Value Customers
16073.0,297,1,122.39999999999999,122.39999999999999,122.39999999999999,111.34899,Low Value Customers
16074.0,390,1,265.25,10.201923076923077,10.201923076923077,6.885438,Low Value Customers
16075.0,503,2,736.9300000000001,17.973902439024393,35.947804878048785,37.026714,Low Value Customers
16076.0,3,10,2234.73,17.323488372093024,173.23488372093024,158.41528,Low Value Customers
16077.0,626,1,2300.4,287.55,287.55,383.12677,Low Value Customers
16078.0,284,2,362.99,9.307435897435898,18.614871794871796,16.15175,Low Value Customers
16079.0,17,3,1352.0,64.38095238095238,193.14285714285714,235.16597,Low Value Customers
16080.0,82,4,602.5600000000001,20.085333333333335,80.34133333333334,74.293106,Low Value Customers
16081.0,56,8,4460.18,11.178395989974938,89.4271679197995,88.67751,Low Value Customers
16082.0,670,1,106.75,6.671875,6.671875,-0.24202144,Low Value Customers
16083.0,101,4,2351.42,33.11859154929578,132.47436619718312,146.5912,Low Value Customers
16084.0,299,1,436.18,11.47842105263158,11.47842105263158,11.029553,Low Value Customers
16085.0,23,12,2343.53,6.23279255319149,74.79351063829787,83.3354,Low Value Customers
16086.0,59,10,2864.9900000000002,20.91233576642336,209.1233576642336,202.27316,Low Value Customers
16087.0,389,5,1739.92,173.99200000000002,869.96,877.4403,Medium Value Customers
16088.0,576,2,1437.43,239.5716666666667,479.1433333333334,447.65863,Low Value Customers
16089.0,386,2,271.44,5.4288,10.8576,9.150565,Low Value Customers
16090.0,624,1,205.91,10.2955,10.2955,7.7855353,Low Value Customers
16091.0,155,2,315.06,17.503333333333334,35.00666666666667,32.715446,Low Value Customers
16092.0,115,6,1587.94,17.64377777777778,105.86266666666667,103.82166,Low Value Customers
16093.0,107,1,17.0,17.0,17.0,17.981665,Low Value Customers
16094.0,12,11,3695.56,18.854897959183674,207.4038775510204,215.29408,Low Value Customers
16095.0,456,1,447.05,14.901666666666667,14.901666666666667,14.854271,Low Value Customers
16096.0,264,4,1584.97,24.01469696969697,96.05878787878788,88.71447,Low Value Customers
16097.0,240,1,185.04999999999998,18.505,18.505,20.195349,Low Value Customers
16098.0,88,14,4448.1,27.288957055214727,382.0453987730062,350.9472,Low Value Customers
16099.0,50,7,1573.2,22.8,159.6,150.3679,Low Value Customers
16100.0,463,1,582.64,15.747027027027027,15.747027027027027,14.854271,Low Value Customers
16101.0,71,4,3229.16,16.818541666666665,67.27416666666666,54.803345,Low Value Customers
16102.0,42,3,1842.14,32.31824561403509,96.95473684210528,106.840836,Low Value Customers
16103.0,7,22,6191.71,30.95855,681.0880999999999,640.94916,Low Value Customers
16104.0,62,9,2778.61,11.925364806866954,107.32828326180258,111.10232,Low Value Customers
16105.0,249,5,2386.19,21.692636363636364,108.46318181818182,109.130295,Low Value Customers
16106.0,66,1,108.38,18.063333333333333,18.063333333333333,19.911325,Low Value Customers
16107.0,18,7,3204.1600000000003,103.36000000000001,723.5200000000001,796.7718,Medium Value Customers
16108.0,85,4,2235.92,16.56237037037037,66.24948148148148,69.32763,Low Value Customers
16109.0,219,3,939.48,30.305806451612902,90.9174193548387,83.16145,Low Value Customers
16110.0,45,4,1819.27,4.051826280623608,16.207305122494432,12.640086,Low Value Customers
16111.0,428,1,562.48,7.499733333333333,7.499733333333333,0.028841848,Low Value Customers
16112.0,143,4,195.73999999999998,12.233749999999999,48.934999999999995,46.544136,Low Value Customers
16113.0,183,1,161.38,5.379333333333333,5.379333333333333,-2.127194,Low Value Customers
16114.0,171,1,135.75000000000003,16.968750000000004,16.968750000000004,18.265839,Low Value Customers
16115.0,10,12,2575.14,6.016682242990654,72.20018691588784,73.78118,Low Value Customers
16116.0,212,1,612.78,18.02294117647059,18.02294117647059,18.068918,Low Value Customers
16117.0,190,3,654.4,7.352808988764044,22.05842696629213,23.971058,Low Value Customers
16118.0,653,1,4376.25,106.73780487804878,106.73780487804878,200.65147,Low Value Customers
16119.0,8,8,1720.81,31.86685185185185,254.9348148148148,249.01312,Low Value Customers
16120.0,59,6,3056.91,32.178,193.06799999999998,205.18881,Low Value Customers
16121.0,57,5,1477.09,4.114456824512534,20.57228412256267,27.0681,Low Value Customers
16122.0,73,6,1001.34,15.6459375,93.875625,89.59298,Low Value Customers
16123.0,52,1,307.78,19.23625,19.23625,22.149172,Low Value Customers
16124.0,317,4,1772.49,21.615731707317074,86.4629268292683,89.84788,Low Value Customers
16125.0,367,14,4587.65,15.241362126245846,213.37906976744185,226.45184,Low Value Customers
16126.0,29,15,14646.800000000001,38.24229765013055,573.6344647519583,554.4326,Low Value Customers
16127.0,39,2,801.31,10.684133333333333,21.368266666666667,21.878426,Low Value Customers
16128.0,18,11,3801.05,20.88489010989011,229.73379120879122,236.52838,Low Value Customers
16129.0,407,3,1396.05,14.542187499999999,43.6265625,47.900253,Low Value Customers
16130.0,422,4,987.48,17.95418181818182,71.81672727272728,69.18082,Low Value Customers
16131.0,52,12,9957.42,45.46767123287671,545.6120547945205,563.98804,Low Value Customers
16132.0,544,2,664.1999999999999,39.07058823529411,78.14117647058822,80.25374,Low Value Customers
16133.0,4,56,22992.260000000002,42.26518382352941,2366.850294117647,2315.6687,High Value Customers
16134.0,22,5,2145.34,18.49431034482759,92.47155172413795,95.40632,Low Value Customers
16135.0,263,2,819.45,21.011538461538464,42.02307692307693,44.246746,Low Value Customers
16136.0,60,4,946.8,20.582608695652173,82.33043478260869,76.762566,Low Value Customers
16137.0,680,1,422.7,15.096428571428572,15.096428571428572,14.854271,Low Value Customers
16138.0,379,3,910.35,24.604054054054053,73.81216216216217,65.638626,Low Value Customers
16139.0,19,5,1111.15,19.493859649122808,97.46929824561404,92.247055,Low Value Customers
16140.0,66,3,1557.6000000000001,21.938028169014085,65.81408450704225,71.69525,Low Value Customers
16141.0,88,2,955.94,19.1188,38.2376,40.14626,Low Value Customers
16142.0,250,1,535.34,14.46864864864865,14.46864864864865,14.909944,Low Value Customers
16143.0,3,12,4910.83,20.547405857740586,246.56887029288703,244.97714,Low Value Customers
16144.0,247,1,175.2,175.2,175.2,203.72758,Low Value Customers
16145.0,9,19,6805.4400000000005,17.185454545454547,326.5236363636364,338.33435,Low Value Customers
16146.0,157,4,946.38,23.082439024390244,92.32975609756097,88.670395,Low Value Customers
16147.0,134,5,2398.91,17.639044117647057,88.19522058823529,92.17327,Low Value Customers
16148.0,296,2,386.62,42.95777777777778,85.91555555555556,75.66795,Low Value Customers
16149.0,5,3,422.22,14.074000000000002,42.22200000000001,43.365517,Low Value Customers
16150.0,43,10,4395.59,18.46886554621849,184.6886554621849,181.95886,Low Value Customers
16152.0,269,1,1829.04,63.070344827586204,63.070344827586204,94.202866,Low Value Customers
16153.0,50,11,5133.49,22.714557522123894,249.86013274336284,261.53088,Low Value Customers
16155.0,382,5,796.9,16.602083333333333,83.01041666666666,80.662575,Low Value Customers
16156.0,9,20,6218.18,23.643269961977186,472.8653992395437,485.86057,Low Value Customers
16157.0,16,3,656.69,36.482777777777784,109.44833333333335,118.81487,Low Value Customers
16158.0,522,9,628.32,17.952,161.568,143.1281,Low Value Customers
16159.0,282,4,1232.79,23.7075,94.83,89.83975,Low Value Customers
16160.0,65,2,1025.44,51.272000000000006,102.54400000000001,117.528725,Low Value Customers
16161.0,2,43,12831.8,11.081001727115716,476.4830742659758,541.5585,Low Value Customers
16162.0,252,1,37.4,18.7,18.7,19.911142,Low Value Customers
16163.0,232,6,2849.58,39.03534246575342,234.21205479452055,231.61967,Low Value Customers
16164.0,17,3,822.48,24.19058823529412,72.57176470588236,74.96074,Low Value Customers
16165.0,505,1,79.9,79.9,79.9,80.33527,Low Value Customers
16166.0,428,2,435.83,19.810454545454544,39.62090909090909,39.292767,Low Value Customers
16167.0,414,5,1386.1200000000001,22.001904761904765,110.00952380952383,106.53511,Low Value Customers
16168.0,11,66,10636.47,34.422233009708734,2271.867378640776,1539.4467,Medium Value Customers
16169.0,8,4,1822.97,21.44670588235294,85.78682352941176,92.944115,Low Value Customers
16170.0,51,20,6869.0,15.611363636363636,312.22727272727275,310.16153,Low Value Customers
16171.0,59,1,73.2,24.400000000000002,24.400000000000002,29.169271,Low Value Customers
16172.0,95,8,1884.55,16.677433628318585,133.41946902654868,130.31252,Low Value Customers
16173.0,16,6,1418.32,16.884761904761906,101.30857142857144,100.51075,Low Value Customers
16174.0,126,7,2246.75,34.565384615384616,241.9576923076923,236.75302,Low Value Customers
16175.0,94,7,1836.44,18.739183673469388,131.1742857142857,118.89697,Low Value Customers
16176.0,421,4,2052.69,28.509583333333335,114.03833333333334,114.00819,Low Value Customers
16177.0,50,8,2247.31,19.044999999999998,152.35999999999999,151.79218,Low Value Customers
16178.0,138,2,612.6,24.504,49.008,49.29375,Low Value Customers
16179.0,61,1,215.83,19.62090909090909,19.62090909090909,22.149172,Low Value Customers
16180.0,100,13,16249.87,49.693792048929666,646.0192966360856,723.1553,Medium Value Customers
16181.0,73,1,305.54,27.776363636363637,27.776363636363637,36.495476,Low Value Customers
16182.0,72,9,9971.65,195.52254901960782,1759.7029411764704,1910.9714,Medium Value Customers
16183.0,67,4,1077.81,26.288048780487802,105.15219512195121,101.41644,Low Value Customers
16184.0,64,6,1158.79,25.750888888888888,154.50533333333334,143.79152,Low Value Customers
16185.0,17,3,644.72,16.118000000000002,48.354000000000006,48.428066,Low Value Customers
16186.0,23,26,9026.11,17.192590476190478,447.00735238095245,458.10855,Low Value Customers
16187.0,32,15,6911.4400000000005,23.428610169491527,351.4291525423729,332.28384,Low Value Customers
16188.0,45,5,1087.66,14.698108108108109,73.49054054054054,66.45336,Low Value Customers
16189.0,16,2,215.48,19.58909090909091,39.17818181818182,40.119347,Low Value Customers
16190.0,40,8,2723.55,22.886974789915968,183.09579831932774,184.69641,Low Value Customers
16191.0,3,24,15688.02,67.33055793991417,1615.9333905579401,1954.7368,Medium Value Customers
16192.0,736,1,351.3,31.936363636363637,31.936363636363637,35.491276,Low Value Customers
16193.0,237,2,630.43,16.590263157894736,33.18052631578947,32.884556,Low Value Customers
16194.0,375,1,308.59999999999997,38.574999999999996,38.574999999999996,43.6058,Low Value Customers
16195.0,723,1,323.25,20.203125,20.203125,24.130678,Low Value Customers
16196.0,489,1,93.3,23.325,23.325,25.233767,Low Value Customers
16197.0,469,9,2016.71,21.68505376344086,195.16548387096773,192.18134,Low Value Customers
16198.0,75,2,1030.0410000000002,31.213363636363642,62.426727272727284,71.84303,Low Value Customers
16199.0,392,7,942.75,94.275,659.9250000000001,557.74646,Low Value Customers
16200.0,4,12,5643.45,9.000717703349283,108.0086124401914,117.6154,Low Value Customers
16201.0,3,5,2112.12,17.03322580645161,85.16612903225806,87.26502,Low Value Customers
16202.0,361,9,2501.9900000000002,20.17733870967742,181.5960483870968,168.78352,Low Value Customers
16203.0,59,6,1114.54,14.474545454545455,86.84727272727272,86.00998,Low Value Customers
16204.0,23,3,944.24,8.584,25.752,23.967852,Low Value Customers
16205.0,31,7,1830.61,9.15305,64.07135,69.84087,Low Value Customers
16206.0,55,13,2602.32,10.665245901639345,138.64819672131148,133.49396,Low Value Customers
16207.0,25,1,394.38,20.756842105263157,20.756842105263157,28.288582,Low Value Customers
16208.0,45,10,3440.45,13.598616600790512,135.98616600790513,130.78185,Low Value Customers
16209.0,89,9,4146.78,61.892238805970145,557.0301492537313,545.1314,Low Value Customers
16210.0,2,35,38489.51,136.97334519572954,4794.067081850534,4723.415,High Value Customers
16211.0,89,3,1090.59,30.294166666666666,90.8825,88.18622,Low Value Customers
16212.0,19,4,1293.71,16.586025641025643,66.34410256410257,69.504395,Low Value Customers
16213.0,79,1,159.0,26.5,26.5,32.9949,Low Value Customers
16214.0,171,4,2038.25,20.7984693877551,83.1938775510204,87.62822,Low Value Customers
16215.0,81,1,242.35,17.310714285714287,17.310714285714287,18.918243,Low Value Customers
16216.0,267,1,914.9300000000001,24.72783783783784,24.72783783783784,36.39295,Low Value Customers
16217.0,235,2,304.25,20.283333333333335,40.56666666666667,38.168594,Low Value Customers
16218.0,30,13,4439.97,27.07298780487805,351.9488414634146,318.56177,Low Value Customers
16219.0,501,1,40.8,40.8,40.8,42.423355,Low Value Customers
16221.0,37,9,2235.5099999999998,8.532480916030533,76.7923282442748,84.287056,Low Value Customers
16222.0,318,2,1345.22,8.407625,16.81525,9.295323,Low Value Customers
16223.0,375,2,1102.3500000000001,8.748809523809525,17.49761904761905,14.176781,Low Value Customers
16224.0,57,5,1616.54,13.935689655172414,69.67844827586207,69.34706,Low Value Customers
16225.0,45,15,2867.4100000000003,9.494735099337749,142.42102649006623,149.3605,Low Value Customers
16226.0,203,5,672.1700000000001,21.682903225806452,108.41451612903226,99.16392,Low Value Customers
16227.0,225,3,1027.22,30.212352941176473,90.63705882352942,82.271774,Low Value Customers
16228.0,385,3,890.8100000000001,16.196545454545454,48.58963636363636,47.54837,Low Value Customers
16229.0,87,6,2867.86,16.294659090909093,97.76795454545456,104.548134,Low Value Customers
16230.0,190,2,542.03,15.486571428571429,30.973142857142857,27.91239,Low Value Customers
16231.0,379,4,1078.22,10.675445544554456,42.701782178217826,44.19766,Low Value Customers
16232.0,44,7,2712.97,25.837809523809522,180.86466666666666,183.95914,Low Value Customers
16233.0,71,9,1965.71,26.209466666666668,235.8852,200.69011,Low Value Customers
16234.0,476,3,333.18,22.212,66.636,56.98255,Low Value Customers
16235.0,41,9,2053.71,17.858347826086955,160.7251304347826,152.54381,Low Value Customers
16236.0,78,1,432.2,21.61,21.61,30.857498,Low Value Customers
16237.0,437,1,136.65,19.521428571428572,19.521428571428572,22.595541,Low Value Customers
16238.0,423,1,63.66,10.61,10.61,8.114136,Low Value Customers
16239.0,57,6,1492.2,42.63428571428572,255.80571428571432,224.08205,Low Value Customers
16240.0,24,2,3718.8,27.546666666666667,55.093333333333334,66.01314,Low Value Customers
16241.0,10,16,4329.31,4.355442655935614,69.68708249496983,87.84391,Low Value Customers
16242.0,8,14,7474.4,10.959530791788856,153.433431085044,178.35435,Low Value Customers
16243.0,34,2,409.1,8.02156862745098,16.04313725490196,11.181443,Low Value Customers
16244.0,212,2,2579.38,16.74922077922078,33.49844155844156,26.15941,Low Value Customers
16245.0,24,3,1413.66,15.707333333333334,47.122,50.31768,Low Value Customers
16246.0,460,2,827.25,9.294943820224718,18.589887640449437,18.408943,Low Value Customers
16247.0,170,1,114.56,7.16,7.16,-0.006818208,Low Value Customers
16248.0,62,1,152.94,21.84857142857143,21.84857142857143,28.084867,Low Value Customers
16249.0,53,5,1800.07,26.08797101449275,130.43985507246376,128.2252,Low Value Customers
16250.0,261,3,791.38,16.15061224489796,48.451836734693885,47.671806,Low Value Customers
16251.0,512,1,128.31,6.4155,6.4155,-0.24202144,Low Value Customers
16252.0,383,1,295.09000000000003,14.051904761904764,14.051904761904764,14.478793,Low Value Customers
16253.0,67,7,7310.15,24.205794701986754,169.44056291390729,297.6273,Low Value Customers
16254.0,378,3,985.14,13.1352,39.4056,39.413742,Low Value Customers
16255.0,17,15,4906.8,9.17158878504673,137.57383177570094,156.6423,Low Value Customers
16256.0,267,3,1629.37,56.1851724137931,168.55551724137928,163.91019,Low Value Customers
16257.0,177,1,46.95,23.475,23.475,27.709187,Low Value Customers
16258.0,45,15,11942.52,34.71662790697675,520.7494186046512,473.20825,Low Value Customers
16259.0,410,3,361.94,3.891827956989247,11.675483870967742,19.80807,Low Value Customers
16260.0,51,1,1035.45,57.525000000000006,57.525000000000006,111.57212,Low Value Customers
16261.0,17,6,1059.45,6.30625,37.837500000000006,47.66348,Low Value Customers
16262.0,378,1,755.15,16.416304347826088,16.416304347826088,17.468908,Low Value Customers
16263.0,423,1,351.01,14.625416666666666,14.625416666666666,14.788214,Low Value Customers
16264.0,438,2,837.53,12.689848484848484,25.37969696969697,26.504745,Low Value Customers
16265.0,9,12,6935.17,20.57913946587537,246.94967359050446,244.62029,Low Value Customers
16266.0,74,14,1757.95,16.127981651376146,225.79174311926604,220.13225,Low Value Customers
16267.0,591,1,186.66,26.665714285714284,26.665714285714284,26.828588,Low Value Customers
16268.0,71,2,667.65,14.836666666666666,29.673333333333332,28.959766,Low Value Customers
16269.0,438,1,717.57,13.539056603773586,13.539056603773586,15.216871,Low Value Customers
16270.0,353,1,1141.24,21.134074074074075,21.134074074074075,34.45306,Low Value Customers
16271.0,3,10,3463.02,11.354163934426229,113.54163934426228,115.46038,Low Value Customers
16272.0,117,1,411.7,16.468,16.468,16.324055,Low Value Customers
16273.0,648,2,336.03999999999996,21.002499999999998,42.004999999999995,38.0351,Low Value Customers
16274.0,373,1,715.9,5.342537313432835,5.342537313432835,-4.434874,Low Value Customers
16275.0,197,3,2151.11,19.37936936936937,58.13810810810811,60.269882,Low Value Customers
16276.0,177,3,2629.3900000000003,101.13038461538463,303.3911538461539,308.6935,Low Value Customers
16277.0,734,1,188.69,8.203913043478261,8.203913043478261,0.6003758,Low Value Customers
16278.0,100,3,1117.84,20.324363636363636,60.97309090909091,64.20429,Low Value Customers
16279.0,21,9,5705.08,16.346934097421205,147.12240687679085,157.11014,Low Value Customers
16280.0,725,1,238.05,14.878125,14.878125,14.732541,Low Value Customers
16281.0,72,3,3424.02,87.79538461538462,263.3861538461539,251.14056,Low Value Customers
16282.0,340,3,1307.58,39.623636363636365,118.8709090909091,110.74211,Low Value Customers
16283.0,6,8,4403.82,7.4263406408094434,59.41072512647555,49.42765,Low Value Customers
16284.0,31,3,1029.77,7.40841726618705,22.22525179856115,23.172812,Low Value Customers
16285.0,646,1,176.9,5.706451612903226,5.706451612903226,-2.1627412,Low Value Customers
16286.0,477,2,328.95,19.349999999999998,38.699999999999996,36.633457,Low Value Customers
16287.0,170,5,1006.98,23.975714285714286,119.87857142857143,110.74167,Low Value Customers
16288.0,470,1,129.85,18.55,18.55,20.195349,Low Value Customers
16289.0,462,1,136.31,6.490952380952381,6.490952380952381,-0.24202144,Low Value Customers
16290.0,465,4,2069.3,15.796183206106871,63.184732824427485,72.41052,Low Value Customers
16291.0,682,1,117.72,117.72,117.72,98.89945,Low Value Customers
16292.0,122,5,1253.76,20.22193548387097,101.10967741935484,98.1366,Low Value Customers
16293.0,22,15,4657.95,19.32759336099585,289.91390041493776,291.14215,Low Value Customers
16294.0,477,1,126.05000000000001,15.756250000000001,15.756250000000001,14.732541,Low Value Customers
16295.0,10,4,1328.55,16.817088607594936,67.26835443037974,69.026665,Low Value Customers
16296.0,626,4,1313.67,17.752297297297297,71.00918918918919,71.27027,Low Value Customers
16297.0,269,1,301.9,15.094999999999999,15.094999999999999,14.732541,Low Value Customers
16298.0,23,7,1085.7,23.1,161.70000000000002,148.23994,Low Value Customers
16299.0,477,1,193.65,16.1375,16.1375,16.614649,Low Value Customers
16300.0,430,3,1392.43,5.592088353413655,16.776265060240966,17.592232,Low Value Customers
16301.0,737,1,107.33,17.888333333333332,17.888333333333332,20.357695,Low Value Customers
16302.0,127,1,233.22,21.201818181818183,21.201818181818183,23.580189,Low Value Customers
16303.0,26,7,7928.27,27.721223776223777,194.04856643356644,141.11786,Low Value Customers
16304.0,695,1,381.66,15.2664,15.2664,14.732541,Low Value Customers
16305.0,139,1,361.21999999999997,16.419090909090908,16.419090909090908,16.4865,Low Value Customers
16306.0,214,7,1192.82,17.287246376811595,121.01072463768116,115.93813,Low Value Customers
16307.0,429,3,1194.92,15.932266666666667,47.796800000000005,54.978416,Low Value Customers
16308.0,38,7,5120.0,731.4285714285714,5120.0,5160.5435,High Value Customers
16309.0,106,2,706.57,16.823095238095238,33.646190476190476,33.122383,Low Value Customers
16310.0,414,2,460.08,16.431428571428572,32.862857142857145,30.254726,Low Value Customers
16311.0,18,2,616.26,16.655675675675674,33.31135135135135,32.86941,Low Value Customers
16312.0,432,1,171.15,17.115000000000002,17.115000000000002,18.393988,Low Value Customers
16313.0,3,2,274.15000000000003,17.134375000000002,34.268750000000004,33.48907,Low Value Customers
16314.0,390,3,1491.4,24.05483870967742,72.16451612903225,69.250404,Low Value Customers
16315.0,331,2,402.71,17.50913043478261,35.01826086956522,33.004673,Low Value Customers
16316.0,64,13,5744.91,19.343131313131313,251.46070707070706,239.39719,Low Value Customers
16317.0,120,5,2192.51,18.73940170940171,93.69700854700855,98.46653,Low Value Customers
16318.0,35,1,328.15,17.271052631578947,17.271052631578947,19.644775,Low Value Customers
16319.0,218,1,404.40000000000003,134.8,134.8,174.35162,Low Value Customers
16320.0,172,6,5628.99,23.356804979253113,140.14082987551868,132.1594,Low Value Customers
16321.0,72,7,604.5500000000001,26.284782608695654,183.99347826086958,154.12042,Low Value Customers
16322.0,1,2,326.75,8.83108108108108,17.66216216216216,9.864342,Low Value Customers
16323.0,196,2,353.66,88.415,176.83,142.01572,Low Value Customers
16324.0,128,3,428.68,3.6328813559322035,10.89864406779661,19.134083,Low Value Customers
16325.0,47,12,3597.5,26.068840579710145,312.82608695652175,292.15674,Low Value Customers
16326.0,6,24,4826.99,9.75149494949495,234.0358787878788,235.48866,Low Value Customers
16327.0,14,16,10731.34,11.33193241816262,181.3109186906019,165.63411,Low Value Customers
16328.0,563,1,310.83,19.426875,19.426875,22.595541,Low Value Customers
16329.0,428,4,1703.07,14.809304347826087,59.23721739130435,64.82232,Low Value Customers
16330.0,18,7,634.33,5.375677966101695,37.62974576271186,50.94549,Low Value Customers
16331.0,432,6,2037.7,59.932352941176475,359.59411764705885,386.1953,Low Value Customers
16332.0,28,11,2010.41,10.102562814070351,111.12819095477387,113.89273,Low Value Customers
16333.0,8,22,26626.8,591.7066666666667,13017.546666666667,12773.998,Premium Customers
16334.0,492,1,277.48,4.784137931034483,4.784137931034483,-2.1739717,Low Value Customers
16335.0,552,7,2774.0,7.579234972677596,53.05464480874317,59.490395,Low Value Customers
16336.0,421,4,3517.69,51.73073529411765,206.9229411764706,239.68222,Low Value Customers
16337.0,37,1,151.05,15.105,15.105,15.012707,Low Value Customers
16338.0,157,1,214.79999999999998,19.527272727272727,19.527272727272727,22.467392,Low Value Customers
16339.0,284,1,109.95,5.4975000000000005,5.4975000000000005,-2.1627412,Low Value Customers
16340.0,107,3,1526.06,4.0479045092838195,12.143713527851459,13.279037,Low Value Customers
16341.0,25,7,3850.79,24.372088607594936,170.60462025316454,172.93347,Low Value Customers
16342.0,75,4,322.41,21.494000000000003,85.97600000000001,75.3522,Low Value Customers
16343.0,16,3,687.0699999999999,7.989186046511628,23.967558139534884,23.659485,Low Value Customers
16344.0,158,4,842.42,18.313478260869566,73.25391304347826,67.189354,Low Value Customers
16345.0,44,2,1198.74,10.79945945945946,21.59891891891892,25.11268,Low Value Customers
16346.0,385,1,224.51,14.967333333333332,14.967333333333332,14.732541,Low Value Customers
16347.0,11,11,3509.41,9.913587570621468,109.04946327683615,111.17947,Low Value Customers
16348.0,32,8,1798.22,6.760225563909774,54.08180451127819,63.57582,Low Value Customers
16349.0,291,1,53.5,5.944444444444445,5.944444444444445,-1.0900865,Low Value Customers
16350.0,21,9,2253.89,18.47450819672131,166.27057377049178,160.29694,Low Value Customers
16351.0,333,13,3330.0299999999997,17.807647058823527,231.49941176470585,224.89842,Low Value Customers
16352.0,18,2,494.44,17.658571428571427,35.317142857142855,34.542427,Low Value Customers
16353.0,4,38,9999.460000000001,57.46816091954024,2183.7901149425293,2147.5625,High Value Customers
16354.0,63,5,1129.51,7.954295774647887,39.77147887323944,42.503155,Low Value Customers
16355.0,375,1,416.35,8.673958333333333,8.673958333333333,2.1618874,Low Value Customers
16356.0,198,6,415.87,7.0486440677966105,42.291864406779666,56.898773,Low Value Customers
16357.0,33,4,868.37,18.47595744680851,73.90382978723405,66.5861,Low Value Customers
16358.0,1,5,2919.65,18.958766233766234,94.79383116883116,104.95328,Low Value Customers
16359.0,7,16,2697.75,21.582,345.312,306.9121,Low Value Customers
16360.0,5,6,3512.53,5.305936555891239,31.83561933534743,5.1711783,Low Value Customers
16361.0,10,4,896.66,8.459056603773584,33.83622641509434,30.525028,Low Value Customers
16362.0,32,6,946.94,10.073829787234043,60.44297872340426,60.270466,Low Value Customers
16363.0,53,1,109.36000000000001,21.872000000000003,21.872000000000003,27.834461,Low Value Customers
16364.0,12,2,707.04,13.340377358490565,26.68075471698113,27.50911,Low Value Customers
16365.0,18,15,3307.2,25.439999999999998,381.59999999999997,344.02393,Low Value Customers
16366.0,19,4,1548.1299999999999,19.847820512820512,79.39128205128205,82.967674,Low Value Customers
16367.0,37,3,1362.4,5.949344978165939,17.848034934497818,17.825567,Low Value Customers
16368.0,2,3,640.21,6.5327551020408166,19.59826530612245,17.873716,Low Value Customers
16369.0,18,7,2664.81,15.67535294117647,109.72747058823529,115.02696,Low Value Customers
16370.0,82,4,1320.56,5.791929824561404,23.167719298245615,27.403004,Low Value Customers
16371.0,449,1,157.2,14.29090909090909,14.29090909090909,14.478793,Low Value Customers
16372.0,33,5,1328.61,3.9898198198198194,19.949099099099097,27.979475,Low Value Customers
16373.0,382,2,309.49,10.672068965517242,21.344137931034485,20.854904,Low Value Customers
16374.0,66,5,1771.45,4.9481843575419,24.740921787709496,28.97743,Low Value Customers
16375.0,470,2,104.0,8.0,16.0,11.964216,Low Value Customers
16376.0,9,2,987.01,7.8960799999999995,15.792159999999999,9.534382,Low Value Customers
16377.0,267,2,1308.48,130.848,261.696,322.7626,Low Value Customers
16378.0,247,3,362.95,15.780434782608696,47.34130434782609,43.38922,Low Value Customers
16379.0,4,4,2157.4,19.975925925925928,79.90370370370371,90.57323,Low Value Customers
16380.0,61,1,1780.59,55.6434375,55.6434375,82.312836,Low Value Customers
16381.0,396,2,258.7,3.98,7.96,9.657403,Low Value Customers
16382.0,408,2,353.1,8.025,16.05,11.749999,Low Value Customers
16383.0,75,7,2974.84,7.116842105263158,49.817894736842106,41.805878,Low Value Customers
16384.0,90,4,1358.95,16.77716049382716,67.10864197530864,68.52654,Low Value Customers
16385.0,60,5,1030.61,7.522700729927006,37.613503649635035,37.401337,Low Value Customers
16386.0,29,3,1102.59,7.500612244897958,22.501836734693875,23.651857,Low Value Customers
16387.0,323,5,918.55,9.568229166666667,47.841145833333336,47.832043,Low Value Customers
16388.0,654,1,186.05,14.311538461538463,14.311538461538463,14.478793,Low Value Customers
16389.0,53,4,1382.07,40.64911764705882,162.5964705882353,151.46457,Low Value Customers
16390.0,537,3,467.5,22.261904761904763,66.78571428571429,59.44255,Low Value Customers
16391.0,401,4,1103.61,3.33416918429003,13.33667673716012,27.030851,Low Value Customers
16392.0,270,3,763.05,5.121140939597315,15.363422818791946,18.840446,Low Value Customers
16393.0,2,23,5561.66,7.075903307888041,162.74577608142494,162.73228,Low Value Customers
16394.0,57,5,1555.34,18.73903614457831,93.69518072289155,85.31469,Low Value Customers
16395.0,61,14,3537.85,5.468083462132921,76.55316846986089,86.826385,Low Value Customers
16396.0,476,1,137.8,17.225,17.225,18.45715,Low Value Customers
16397.0,628,1,127.88,11.625454545454545,11.625454545454545,10.907824,Low Value Customers
16398.0,154,2,1705.8,20.802439024390242,41.604878048780485,39.944504,Low Value Customers
16399.0,19,3,641.82,5.679823008849558,17.039469026548673,18.77884,Low Value Customers
16400.0,95,9,3159.44,11.24355871886121,101.1920284697509,115.15651,Low Value Customers
16401.0,1,23,6849.15,18.868181818181817,433.9681818181818,426.74124,Low Value Customers
16402.0,265,2,511.4,4.3709401709401705,8.741880341880341,7.92812,Low Value Customers
16403.0,312,1,177.5,17.75,17.75,19.364613,Low Value Customers
16404.0,70,1,443.05,19.26304347826087,19.26304347826087,23.273348,Low Value Customers
16405.0,302,2,167.25,33.45,66.9,64.01868,Low Value Customers
16406.0,19,3,552.68,3.4759748427672954,10.427924528301887,16.835411,Low Value Customers
16407.0,13,14,2821.65,12.16228448275862,170.27198275862068,167.30725,Low Value Customers
16408.0,591,1,231.93,5.154,5.154,-1.9597542,Low Value Customers
16409.0,36,12,5709.04,7.217496839443742,86.60996207332491,87.064,Low Value Customers
16410.0,734,1,130.32,26.064,26.064,26.828588,Low Value Customers
16411.0,19,4,910.1899999999999,4.397053140096618,17.588212560386474,23.055603,Low Value Customers
16412.0,54,5,647.23,4.759044117647059,23.795220588235292,32.094425,Low Value Customers
16413.0,57,2,528.98,7.666376811594203,15.332753623188406,11.386011,Low Value Customers
16414.0,22,5,559.71,8.74546875,43.72734375,40.250477,Low Value Customers
16415.0,44,3,719.44,4.440987654320988,13.322962962962965,17.67394,Low Value Customers
16416.0,27,9,2972.88,15.897754010695188,143.0797860962567,152.11359,Low Value Customers
16417.0,493,1,35.7,35.7,35.7,38.65637,Low Value Customers
16418.0,45,5,1101.94,6.520355029585799,32.601775147929,33.130146,Low Value Customers
16419.0,113,8,1487.42,16.167608695652174,129.3408695652174,123.9608,Low Value Customers
16420.0,396,1,75.0,37.5,37.5,39.733166,Low Value Customers
16421.0,376,3,526.27,13.849210526315789,41.54763157894737,42.305492,Low Value Customers
16422.0,17,109,63651.47,89.39813202247191,9744.396390449438,9676.247,Premium Customers
16423.0,25,1,346.12,19.22888888888889,19.22888888888889,25.158781,Low Value Customers
16424.0,191,2,443.06,34.081538461538464,68.16307692307693,72.17758,Low Value Customers
16425.0,302,1,302.7,14.414285714285715,14.414285714285715,14.478793,Low Value Customers
16426.0,2,10,1908.25,5.129704301075269,51.29704301075269,50.115772,Low Value Customers
16427.0,263,2,241.06,26.784444444444446,53.56888888888889,44.05431,Low Value Customers
16428.0,414,3,660.28,4.8549999999999995,14.564999999999998,22.190052,Low Value Customers
16429.0,106,1,284.55,142.275,142.275,171.05449,Low Value Customers
16430.0,57,7,1117.94,39.92642857142857,279.485,238.1375,Low Value Customers
16431.0,213,3,642.81,7.744698795180722,23.234096385542166,23.675526,Low Value Customers
16432.0,64,1,287.4,35.925,35.925,44.48911,Low Value Customers
16433.0,28,2,384.52,11.309411764705882,22.618823529411763,24.033527,Low Value Customers
16434.0,29,12,2741.74,14.661711229946523,175.9405347593583,176.46507,Low Value Customers
16435.0,512,3,1011.5699999999999,8.028333333333332,24.084999999999997,26.158785,Low Value Customers
16436.0,668,3,329.34,8.032682926829267,24.0980487804878,23.334572,Low Value Customers
16437.0,381,2,301.25,14.345238095238095,28.69047619047619,27.536913,Low Value Customers
16438.0,6,5,798.35,6.04810606060606,30.2405303030303,31.101698,Low Value Customers
16439.0,722,1,310.70000000000005,34.522222222222226,34.522222222222226,38.77264,Low Value Customers
16440.0,8,6,3856.9700000000003,12.56342019543974,75.38052117263844,63.454006,Low Value Customers
16441.0,67,5,1034.43,12.02825581395349,60.14127906976745,54.092022,Low Value Customers
16442.0,2,5,899.47,3.59788,17.9894,23.139994,Low Value Customers
16443.0,521,1,162.24,162.24,162.24,177.44035,Low Value Customers
16444.0,46,17,3656.58,9.724946808510639,165.32409574468087,166.60796,Low Value Customers
16445.0,34,4,602.73,3.13921875,12.556875,25.148397,Low Value Customers
16446.0,1,2,168472.5,56157.5,112315.0,112029.09,Premium Customers
16447.0,136,3,775.14,10.618356164383561,31.855068493150682,32.020645,Low Value Customers
16448.0,198,2,367.87,7.074423076923077,14.148846153846154,11.270952,Low Value Customers
16449.0,198,2,707.69,17.69225,35.3845,34.54921,Low Value Customers
16450.0,150,3,1505.73,35.016976744186046,105.05093023255813,105.39728,Low Value Customers
16451.0,88,3,1013.15,15.586923076923076,46.76076923076923,44.877808,Low Value Customers
16452.0,631,2,332.17,18.45388888888889,36.90777777777778,33.425186,Low Value Customers
16453.0,531,2,251.71,16.78066666666667,33.56133333333334,31.912325,Low Value Customers
16454.0,45,4,30.950000000000003,7.737500000000001,30.950000000000003,32.209118,Low Value Customers
16455.0,64,11,4384.37,19.48608888888889,214.3469777777778,215.0051,Low Value Customers
16456.0,99,13,6862.91,16.53713253012048,214.98272289156625,250.91664,Low Value Customers
16457.0,218,1,208.36,23.151111111111113,23.151111111111113,26.410027,Low Value Customers
16458.0,3,30,5715.34,14.922558746736293,447.6767624020888,453.11877,Low Value Customers
16459.0,730,1,71.78999999999999,14.357999999999999,14.357999999999999,14.478793,Low Value Customers
16460.0,28,3,814.72,6.034962962962963,18.104888888888887,20.104515,Low Value Customers
16461.0,178,3,1615.22,6.00453531598513,18.01360594795539,18.131105,Low Value Customers
16462.0,74,3,136.0,45.333333333333336,136.0,105.204796,Low Value Customers
16463.0,21,4,1422.4,17.346341463414635,69.38536585365854,70.87619,Low Value Customers
16464.0,20,3,1314.68,5.570677966101695,16.712033898305087,17.638384,Low Value Customers
16465.0,421,2,746.24,15.546666666666667,31.093333333333334,30.93681,Low Value Customers
16466.0,34,15,3838.59,10.9674,164.511,168.24605,Low Value Customers
16467.0,509,7,2869.16,119.54833333333333,836.8383333333334,738.32385,Medium Value Customers
16468.0,74,3,787.52,17.500444444444444,52.501333333333335,49.94057,Low Value Customers
16469.0,24,5,828.91,4.043463414634147,20.217317073170733,27.767143,Low Value Customers
16470.0,52,11,2458.6,5.090269151138716,55.992960662525874,70.85311,Low Value Customers
16471.0,275,4,1189.98,19.193225806451615,76.77290322580646,77.01402,Low Value Customers
16472.0,434,2,789.6,20.246153846153845,40.49230769230769,42.4378,Low Value Customers
16473.0,165,4,470.83,16.815357142857142,67.26142857142857,62.421913,Low Value Customers
16474.0,7,7,1871.5,5.198611111111111,36.390277777777776,36.567844,Low Value Customers
16475.0,88,4,544.3,19.439285714285713,77.75714285714285,68.78329,Low Value Customers
16476.0,432,1,350.35,14.597916666666668,14.597916666666668,14.788214,Low Value Customers
16477.0,64,11,4320.02,16.615461538461542,182.77007692307697,193.08789,Low Value Customers
16478.0,25,3,331.0,19.470588235294116,58.41176470588235,54.92025,Low Value Customers
16479.0,10,2,300.83,8.595142857142857,17.190285714285714,8.596715,Low Value Customers
16480.0,76,1,769.29,14.514905660377357,14.514905660377357,15.324266,Low Value Customers
16481.0,682,1,453.38,28.33625,28.33625,33.203304,Low Value Customers
16482.0,16,1,220.62,12.256666666666668,12.256666666666668,12.241534,Low Value Customers
16483.0,192,1,139.35,7.334210526315789,7.334210526315789,-0.006818208,Low Value Customers
16484.0,174,2,404.3,16.172,32.344,30.254726,Low Value Customers
16485.0,77,5,2294.68,15.825379310344827,79.12689655172413,78.74716,Low Value Customers
16486.0,538,1,134.36,19.194285714285716,19.194285714285716,22.595541,Low Value Customers
16487.0,577,2,209.4,5.982857142857143,11.965714285714286,10.273744,Low Value Customers
16488.0,33,3,498.8,17.2,51.599999999999994,47.93658,Low Value Customers
16489.0,380,2,303.7,50.61666666666667,101.23333333333333,89.43508,Low Value Customers
16490.0,436,1,205.41000000000003,15.800769230769232,15.800769230769232,14.732541,Low Value Customers
16491.0,47,2,1533.16,17.622528735632184,35.24505747126437,31.221048,Low Value Customers
16492.0,541,1,385.56,16.763478260869565,16.763478260869565,18.393988,Low Value Customers
16493.0,80,7,2132.09,19.20801801801802,134.45612612612615,133.33685,Low Value Customers
16494.0,297,1,826.53,16.5306,16.5306,17.468908,Low Value Customers
16495.0,3,3,684.41,7.055773195876288,21.167319587628864,19.133375,Low Value Customers
16496.0,9,6,2330.77,16.88963768115942,101.33782608695653,105.86747,Low Value Customers
16497.0,50,23,6695.28,19.867299703264095,456.94789317507417,446.71408,Low Value Customers
16498.0,161,2,100.97,6.731333333333334,13.462666666666667,11.117877,Low Value Customers
16499.0,360,8,2578.34,17.90513888888889,143.2411111111111,148.98257,Low Value Customers
16500.0,5,9,843.9100000000001,24.82088235294118,223.3879411764706,194.03564,Low Value Customers
16501.0,383,1,1237.23,5.9769565217391305,5.9769565217391305,-9.700836,Low Value Customers
16502.0,620,2,266.5,6.1976744186046515,12.395348837209303,10.9075985,Low Value Customers
16503.0,107,11,3614.34,16.9687323943662,186.65605633802818,198.53326,Low Value Customers
16504.0,25,1,484.38,5.632325581395349,5.632325581395349,-3.4833622,Low Value Customers
16505.0,32,1,777.6,194.4,194.4,282.9028,Low Value Customers
16506.0,20,2,90.30000000000001,30.100000000000005,60.20000000000001,69.4182,Low Value Customers
16507.0,572,1,152.76,3.5525581395348835,3.5525581395348835,-1.4922074,Low Value Customers
16508.0,630,1,248.8,5.528888888888889,5.528888888888889,-2.1627412,Low Value Customers
16509.0,297,1,363.7,27.976923076923075,27.976923076923075,37.362045,Low Value Customers
16510.0,372,6,2100.0,16.03053435114504,96.18320610687024,104.30168,Low Value Customers
16511.0,22,6,1819.02,5.6844375,34.106624999999994,37.13787,Low Value Customers
16513.0,5,4,874.59,24.988285714285716,99.95314285714286,105.611244,Low Value Customers
16515.0,52,10,3216.3,13.401250000000001,134.01250000000002,132.64131,Low Value Customers
16516.0,30,1,101.69999999999999,16.95,16.95,20.440891,Low Value Customers
16517.0,277,1,162.7,9.570588235294117,9.570588235294117,5.0021243,Low Value Customers
16518.0,61,4,959.37,14.108382352941177,56.43352941176471,56.939144,Low Value Customers
16519.0,25,4,556.26,13.244285714285715,52.97714285714286,50.986763,Low Value Customers
16520.0,186,6,2482.62,5.982216867469879,35.893301204819274,38.132046,Low Value Customers
16521.0,415,3,1148.01,4.803389121338912,14.410167364016736,20.177807,Low Value Customers
16522.0,436,2,433.36,24.075555555555557,48.15111111111111,45.614563,Low Value Customers
16523.0,2,28,11916.33,32.11948787061995,899.3456603773586,959.9492,Medium Value Customers
16524.0,446,2,308.14,5.706296296296296,11.412592592592592,8.98687,Low Value Customers
16525.0,2,48,24582.64,67.53472527472528,3241.666813186813,3152.5237,High Value Customers
16526.0,172,2,717.21,20.491714285714288,40.983428571428576,41.79736,Low Value Customers
16527.0,81,2,1272.44,16.525194805194808,33.050389610389615,33.06849,Low Value Customers
16528.0,4,1,244.41,14.377058823529412,14.377058823529412,14.905375,Low Value Customers
16529.0,190,4,2012.0,15.5968992248062,62.3875968992248,62.714878,Low Value Customers
16530.0,668,1,48.349999999999994,16.116666666666664,16.116666666666664,16.614649,Low Value Customers
16531.0,22,11,2298.33,16.654565217391305,183.20021739130436,180.99562,Low Value Customers
16532.0,18,5,8756.64,1459.4399999999998,7297.199999999999,4766.148,High Value Customers
16533.0,19,3,1095.56,6.189604519774011,18.56881355932203,20.482775,Low Value Customers
16534.0,642,1,635.9,17.663888888888888,17.663888888888888,18.505295,Low Value Customers
16535.0,5,3,1001.59,13.178815789473685,39.53644736842105,41.854805,Low Value Customers
16536.0,110,1,548.97,9.981272727272728,9.981272727272728,6.594847,Low Value Customers
16537.0,641,1,23.35,5.8375,5.8375,-2.1627412,Low Value Customers
16538.0,541,3,399.62,9.293488372093023,27.88046511627907,28.146551,Low Value Customers
16539.0,3,10,3732.01,24.552697368421054,245.52697368421053,233.69337,Low Value Customers
16540.0,414,1,226.70000000000002,6.127027027027028,6.127027027027028,-1.0900865,Low Value Customers
16541.0,735,1,424.03,11.158684210526316,11.158684210526316,9.777152,Low Value Customers
16542.0,54,2,257.32,18.38,36.76,33.22798,Low Value Customers
16543.0,592,1,292.21,16.233888888888888,16.233888888888888,16.614649,Low Value Customers
16544.0,520,4,376.70000000000005,34.24545454545455,136.9818181818182,116.27218,Low Value Customers
16545.0,165,2,689.82,86.2275,172.455,191.60007,Low Value Customers
16546.0,291,5,5606.47,59.643297872340426,298.21648936170214,330.14355,Low Value Customers
16547.0,546,1,111.71,4.137407407407407,4.137407407407407,-1.4922074,Low Value Customers
16548.0,599,1,30.15,5.0249999999999995,5.0249999999999995,-1.9597542,Low Value Customers
16549.0,10,34,13182.19,4.056058461538462,137.9059876923077,241.14998,Low Value Customers
16550.0,109,18,9435.13,11.605325953259532,208.8958671586716,275.231,Low Value Customers
16551.0,96,7,2237.12,25.421818181818182,177.95272727272726,176.59375,Low Value Customers
16552.0,243,2,475.02000000000004,21.591818181818184,43.18363636363637,43.225742,Low Value Customers
16553.0,163,33,16644.01,56.80549488054607,1874.5813310580204,1884.9321,Medium Value Customers
16554.0,42,8,2841.72,17.0162874251497,136.1302994011976,143.47836,Low Value Customers
16555.0,35,6,1915.68,29.025454545454547,174.15272727272728,190.66246,Low Value Customers
16556.0,67,17,8012.58,16.623609958506226,282.60136929460583,559.8914,Low Value Customers
16557.0,24,2,281.85,25.622727272727275,51.24545454545455,52.694237,Low Value Customers
16558.0,1,38,13873.51,17.78655128205128,675.8889487179487,625.79974,Low Value Customers
16559.0,397,1,185.20000000000002,10.28888888888889,10.28888888888889,7.0996556,Low Value Customers
16560.0,27,8,3048.38,15.395858585858587,123.1668686868687,135.50659,Low Value Customers
16561.0,6,2,511.12,16.48774193548387,32.97548387096774,32.45456,Low Value Customers
16562.0,477,1,223.85999999999999,6.584117647058823,6.584117647058823,-0.24202144,Low Value Customers
16563.0,54,6,4422.76,49.14177777777778,294.8506666666667,314.0494,Low Value Customers
16564.0,569,1,87.8,17.56,17.56,19.364613,Low Value Customers
16565.0,364,4,773.05,70.27727272727272,281.10909090909087,246.84082,Low Value Customers
16566.0,15,5,614.66,34.147777777777776,170.73888888888888,161.25935,Low Value Customers
16567.0,194,2,865.6,24.731428571428573,49.462857142857146,54.88485,Low Value Customers
16568.0,428,2,1020.9000000000001,204.18,408.36,395.25873,Low Value Customers
16569.0,3,5,1455.23,41.578,207.89000000000001,209.51736,Low Value Customers
16570.0,15,20,7434.31,30.847759336099585,616.9551867219917,613.02905,Low Value Customers
16571.0,27,10,4248.74,16.661725490196076,166.61725490196076,171.49542,Low Value Customers
16572.0,127,3,1009.6,17.712280701754388,53.13684210526316,51.15429,Low Value Customers
16573.0,85,2,663.61,15.800238095238095,31.60047619047619,28.959766,Low Value Customers
16574.0,71,3,1301.78,15.136976744186047,45.410930232558144,47.904476,Low Value Customers
16576.0,420,2,540.87,16.39,32.78,30.254726,Low Value Customers
16577.0,667,1,380.0,16.52173913043478,16.52173913043478,16.614649,Low Value Customers
16578.0,626,1,156.6,17.4,17.4,19.364613,Low Value Customers
16579.0,426,1,295.05,21.075,21.075,23.755203,Low Value Customers
16581.0,183,1,105.84,11.76,11.76,10.7796755,Low Value Customers
16582.0,113,1,313.62,52.27,52.27,66.359436,Low Value Customers
16583.0,374,2,531.4,16.60625,33.2125,32.03405,Low Value Customers
16584.0,80,5,3163.67,38.11650602409639,190.58253012048195,186.82166,Low Value Customers
16585.0,594,2,341.59,18.97722222222222,37.95444444444444,36.633457,Low Value Customers
16586.0,249,3,1462.78,52.24214285714286,156.72642857142858,146.373,Low Value Customers
16587.0,232,1,225.15,17.31923076923077,17.31923076923077,19.364613,Low Value Customers
16588.0,386,4,1361.28,19.172957746478872,76.69183098591549,75.6216,Low Value Customers
16589.0,71,4,612.36,13.917272727272728,55.66909090909091,54.69676,Low Value Customers
16590.0,401,2,605.9,20.893103448275863,41.786206896551725,41.749683,Low Value Customers
16591.0,69,1,213.5,21.35,21.35,23.546143,Low Value Customers
16592.0,4,28,7807.91,18.242780373831774,510.79785046728966,489.7923,Low Value Customers
16593.0,51,8,1071.1399999999999,13.732564102564101,109.86051282051281,109.23469,Low Value Customers
16594.0,75,1,181.09,3.416792452830189,3.416792452830189,-2.2129338,Low Value Customers
16595.0,61,5,1810.18,3.818945147679325,19.094725738396626,22.095451,Low Value Customers
16596.0,16,4,579.63,19.321,77.284,71.04593,Low Value Customers
16597.0,4,1,90.04,12.862857142857143,12.862857142857143,12.317222,Low Value Customers
16598.0,286,1,145.04999999999998,14.504999999999999,14.504999999999999,14.788214,Low Value Customers
16599.0,386,1,172.8,14.4,14.4,14.478793,Low Value Customers
16600.0,4,13,2153.41,15.058811188811188,195.76454545454544,177.03108,Low Value Customers
16601.0,41,3,684.25,9.503472222222221,28.510416666666664,28.755285,Low Value Customers
16602.0,36,2,763.33,19.08325,38.1665,39.652157,Low Value Customers
16603.0,75,2,482.47,14.19029411764706,28.38058823529412,27.172924,Low Value Customers
16604.0,563,2,432.45,36.0375,72.075,75.018814,Low Value Customers
16605.0,724,1,60.48,60.48,60.48,61.88889,Low Value Customers
16606.0,404,2,357.66,16.257272727272728,32.514545454545456,30.132998,Low Value Customers
16607.0,18,25,5706.87,19.15057046979866,478.76426174496646,443.70135,Low Value Customers
16608.0,454,2,1288.72,10.56327868852459,21.12655737704918,19.420586,Low Value Customers
16609.0,15,7,5493.46,19.903840579710145,139.32688405797103,147.83565,Low Value Customers
16610.0,219,1,75.66,12.61,12.61,10.656763,Low Value Customers
16611.0,186,6,1785.13,16.228454545454547,97.37072727272728,103.78033,Low Value Customers
16612.0,33,9,3245.43,19.433712574850297,174.90341317365267,176.10553,Low Value Customers
16613.0,70,1,618.59,20.619666666666667,20.619666666666667,23.653675,Low Value Customers
16614.0,183,3,1179.79,24.07734693877551,72.23204081632653,73.62836,Low Value Customers
16615.0,626,1,291.5,15.342105263157896,15.342105263157896,14.732541,Low Value Customers
16616.0,15,2,500.42,15.164242424242424,30.328484848484848,28.952858,Low Value Customers
16617.0,236,1,151.85,30.369999999999997,30.369999999999997,34.045177,Low Value Customers
16618.0,31,5,2647.59,27.579062500000003,137.89531250000002,151.05597,Low Value Customers
16619.0,264,4,1938.33,16.709741379310344,66.83896551724138,64.99057,Low Value Customers
16620.0,4,6,1758.93,18.712021276595745,112.27212765957447,109.62476,Low Value Customers
16621.0,52,4,813.48,28.05103448275862,112.20413793103448,103.198555,Low Value Customers
16622.0,544,1,225.4,18.783333333333335,18.783333333333335,22.595541,Low Value Customers
16623.0,246,4,1015.24,19.906666666666666,79.62666666666667,77.241455,Low Value Customers
16624.0,81,2,810.5699999999999,16.886875,33.77375,33.08834,Low Value Customers
16625.0,275,5,1654.03,16.707373737373736,83.53686868686867,86.09178,Low Value Customers
16626.0,1,17,4413.1,24.65418994413408,419.1212290502794,348.33942,Low Value Customers
16627.0,79,1,322.8,16.14,16.14,16.16828,Low Value Customers
16628.0,30,7,2318.1,18.5448,129.81359999999998,128.78929,Low Value Customers
16629.0,74,2,417.73,6.52703125,13.0540625,10.147522,Low Value Customers
16630.0,407,1,106.80000000000001,26.700000000000003,26.700000000000003,27.190012,Low Value Customers
16631.0,482,7,1892.52,23.6565,165.59550000000002,165.313,Low Value Customers
16632.0,486,2,406.4,15.05185185185185,30.1037037037037,27.91239,Low Value Customers
16633.0,17,6,2883.1,18.967763157894737,113.80657894736842,123.26777,Low Value Customers
16634.0,223,6,1814.61,19.94076923076923,119.64461538461538,118.287575,Low Value Customers
16635.0,407,1,473.0,18.92,18.92,23.719717,Low Value Customers
16636.0,438,4,3802.04,52.0827397260274,208.3309589041096,244.05489,Low Value Customers
16637.0,32,4,1154.47,16.73144927536232,66.92579710144928,69.55473,Low Value Customers
16638.0,23,15,2430.53,17.360928571428573,260.4139285714286,232.1385,Low Value Customers
16639.0,31,4,1747.98,21.580000000000002,86.32000000000001,92.78032,Low Value Customers
16640.0,398,1,179.4,13.8,13.8,14.478793,Low Value Customers
16641.0,106,2,554.5,15.402777777777779,30.805555555555557,27.460718,Low Value Customers
16642.0,5,3,1077.45,19.95277777777778,59.858333333333334,64.95421,Low Value Customers
16643.0,246,2,923.11,16.783818181818184,33.56763636363637,34.753735,Low Value Customers
16644.0,178,2,833.78,13.448064516129032,26.896129032258063,27.326557,Low Value Customers
16645.0,736,1,160.39,11.456428571428571,11.456428571428571,10.907824,Low Value Customers
16646.0,449,1,678.8,23.406896551724138,23.406896551724138,33.37176,Low Value Customers
16647.0,170,4,541.9,16.421212121212122,65.68484848484849,60.64257,Low Value Customers
16648.0,43,3,672.8,18.18378378378378,54.55135135135134,51.17246,Low Value Customers
16649.0,520,1,306.58000000000004,15.329000000000002,15.329000000000002,14.732541,Low Value Customers
16650.0,72,7,1916.11,19.552142857142854,136.86499999999998,130.75603,Low Value Customers
16651.0,587,1,136.2,22.7,22.7,24.603285,Low Value Customers
16652.0,59,16,17550.39,63.8196,1021.1136,1108.7231,Medium Value Customers
16653.0,16,2,1212.66,17.574782608695653,35.149565217391306,41.699535,Low Value Customers
16654.0,141,8,1711.47,20.62012048192771,164.96096385542168,147.25131,Low Value Customers
16655.0,18,13,6548.37,10.735032786885245,139.55542622950819,152.5986,Low Value Customers
16656.0,22,30,16833.170000000002,119.38418439716314,3581.525531914894,3529.871,High Value Customers
16657.0,10,4,933.62,4.488557692307692,17.95423076923077,19.54053,Low Value Customers
16658.0,368,6,814.07,11.306527777777779,67.83916666666667,70.8098,Low Value Customers
16659.0,189,1,39.12,19.56,19.56,22.467392,Low Value Customers
16660.0,16,7,1879.55,78.31458333333333,548.2020833333333,566.70435,Low Value Customers
16661.0,540,4,986.63,15.178923076923077,60.71569230769231,61.718452,Low Value Customers
16662.0,394,1,163.8,5.6482758620689655,5.6482758620689655,-2.1627412,Low Value Customers
16663.0,729,1,165.0,165.0,165.0,137.90182,Low Value Customers
16664.0,569,1,109.2,13.65,13.65,14.478793,Low Value Customers
16665.0,362,1,135.39999999999998,15.044444444444443,15.044444444444443,14.732541,Low Value Customers
16666.0,19,2,225.94,4.5188,9.0376,8.181109,Low Value Customers
16667.0,68,2,570.13,10.757169811320754,21.514339622641508,20.092276,Low Value Customers
16668.0,15,13,862.42,16.272075471698113,211.53698113207545,178.40683,Low Value Customers
16669.0,24,3,1374.8700000000001,8.592937500000001,25.778812500000004,26.823544,Low Value Customers
16670.0,17,20,8030.150000000001,16.55701030927835,331.140206185567,337.01108,Low Value Customers
16671.0,28,3,1692.27,282.045,846.135,791.71387,Medium Value Customers
16672.0,2,20,8134.9400000000005,71.35912280701754,1427.182456140351,1298.5292,Medium Value Customers
16673.0,679,1,188.83,9.441500000000001,9.441500000000001,5.0021243,Low Value Customers
16674.0,55,2,319.61,3.261326530612245,6.52265306122449,8.43221,Low Value Customers
16675.0,442,2,608.86,26.47217391304348,52.94434782608696,49.644367,Low Value Customers
16676.0,34,6,2361.9,17.758646616541355,106.55187969924813,111.38062,Low Value Customers
16677.0,411,2,880.62,18.73659574468085,37.4731914893617,37.69868,Low Value Customers
16678.0,3,12,3109.99,19.07969325153374,228.95631901840488,228.73222,Low Value Customers
16679.0,366,3,793.06,37.764761904761905,113.2942857142857,100.409424,Low Value Customers
16680.0,43,3,821.45,28.32586206896552,84.97758620689656,81.10201,Low Value Customers
16681.0,73,7,1921.84,39.221224489795915,274.5485714285714,255.0803,Low Value Customers
16682.0,5,5,1028.0,34.266666666666666,171.33333333333331,181.51625,Low Value Customers
16683.0,534,1,320.25,17.791666666666668,17.791666666666668,20.357695,Low Value Customers
16684.0,4,55,147142.77,204.93422005571028,11271.382103064065,11392.8125,Premium Customers
16685.0,61,2,324.24,5.2296774193548385,10.459354838709677,8.429782,Low Value Customers
16686.0,47,16,5070.92,4.584918625678119,73.3586980108499,104.00856,Low Value Customers
16687.0,391,1,157.63,19.70375,19.70375,22.595541,Low Value Customers
16688.0,1,4,1260.86,20.336451612903225,81.3458064516129,84.58016,Low Value Customers
16689.0,76,2,422.59999999999997,32.5076923076923,65.0153846153846,72.913246,Low Value Customers
16690.0,72,4,353.03,18.580526315789474,74.3221052631579,63.536354,Low Value Customers
16691.0,418,2,178.83,16.257272727272728,32.514545454545456,30.132998,Low Value Customers
16692.0,256,4,1914.6999999999998,382.93999999999994,1531.7599999999998,1486.9642,Medium Value Customers
16693.0,69,5,1199.46,6.893448275862069,34.467241379310344,39.908714,Low Value Customers
16694.0,723,1,98.30000000000001,32.76666666666667,32.76666666666667,37.068226,Low Value Customers
16695.0,562,2,193.15,5.365277777777778,10.730555555555556,9.364782,Low Value Customers
16696.0,135,4,657.9000000000001,65.79,263.16,231.433,Low Value Customers
16697.0,241,1,112.75,5.369047619047619,5.369047619047619,-1.9990451,Low Value Customers
16698.0,227,2,1998.0,399.6,799.2,972.86896,Medium Value Customers
16699.0,380,7,994.6,16.04193548387097,112.29354838709678,107.46208,Low Value Customers
16700.0,9,25,9167.710000000001,17.330264650283556,433.2566162570889,430.05713,Low Value Customers
16701.0,9,26,9916.73,36.06083636363636,937.5817454545454,945.4193,Medium Value Customers
16702.0,415,4,1110.83,12.206923076923076,48.8276923076923,55.74691,Low Value Customers
16704.0,618,2,695.66,11.994137931034482,23.988275862068964,26.12644,Low Value Customers
16705.0,1,42,43515.051,62.97402460202605,2644.909033285094,2691.1494,High Value Customers
16706.0,37,3,531.35,4.319918699186992,12.959756097560977,17.413174,Low Value Customers
16707.0,400,4,551.11,8.350151515151515,33.40060606060606,33.607006,Low Value Customers
16708.0,46,1,656.63,24.31962962962963,24.31962962962963,37.423183,Low Value Customers
16709.0,85,14,9087.460000000001,29.697581699346408,415.7661437908497,453.2679,Low Value Customers
16710.0,19,22,6349.09,6.439239350912779,141.66326572008114,172.4522,Low Value Customers
16711.0,3,9,2868.48,86.92363636363636,782.3127272727272,737.9313,Medium Value Customers
16712.0,9,13,4266.99,8.050924528301886,104.66201886792452,112.58274,Low Value Customers
16713.0,19,32,14560.69,10.89872005988024,348.7590419161677,371.96863,Low Value Customers
16714.0,219,4,1529.8,13.187931034482759,52.751724137931035,55.09868,Low Value Customers
16715.0,78,2,625.52,22.34,44.68,49.47602,Low Value Customers
16716.0,267,3,2149.6800000000003,268.71000000000004,806.1300000000001,862.6944,Medium Value Customers
16717.0,24,14,6986.2300000000005,19.088060109289618,267.23284153005466,293.554,Low Value Customers
16718.0,369,5,3647.53,16.35663677130045,81.78318385650226,78.49386,Low Value Customers
16719.0,15,14,3973.3,8.948873873873874,125.28423423423423,128.33998,Low Value Customers
16720.0,26,3,795.48,5.034683544303798,15.104050632911393,17.94751,Low Value Customers
16721.0,262,1,292.47,7.904594594594595,7.904594594594595,0.38615853,Low Value Customers
16722.0,17,22,8989.08,21.45365155131265,471.98033412887827,472.8083,Low Value Customers
16723.0,91,4,1301.63,10.012538461538462,40.05015384615385,43.76973,Low Value Customers
16724.0,405,1,147.35,8.66764705882353,8.66764705882353,2.254375,Low Value Customers
16725.0,302,14,1882.11,4.801301020408163,67.21821428571428,87.56509,Low Value Customers
16726.0,26,7,2088.41,7.734851851851851,54.14396296296296,58.544975,Low Value Customers
16727.0,364,4,1437.42,6.748450704225353,26.99380281690141,29.171566,Low Value Customers
16728.0,46,4,1054.67,3.9207063197026026,15.68282527881041,23.658266,Low Value Customers
16729.0,38,21,7239.92,10.969575757575758,230.3610909090909,257.20337,Low Value Customers
16730.0,52,3,743.11,9.062317073170732,27.186951219512196,28.590405,Low Value Customers
16731.0,648,1,174.05,4.047674418604651,4.047674418604651,-1.4922074,Low Value Customers
16732.0,32,4,4387.64,19.853574660633484,79.41429864253394,76.807274,Low Value Customers
16733.0,530,1,259.68,21.64,21.64,24.149364,Low Value Customers
16734.0,52,3,650.51,12.27377358490566,36.82132075471698,36.310833,Low Value Customers
16735.0,79,14,6270.56,20.694917491749177,289.72884488448847,333.03824,Low Value Customers
16736.0,506,5,2956.56,20.675244755244755,103.37622377622378,119.81329,Low Value Customers
16737.0,53,2,835.1999999999999,417.59999999999997,835.1999999999999,774.90533,Medium Value Customers
16738.0,298,1,3.75,3.75,3.75,-1.4922074,Low Value Customers
16739.0,177,2,786.43,20.695526315789472,41.391052631578944,41.96486,Low Value Customers
16740.0,395,1,236.81,7.176060606060606,7.176060606060606,0.12133007,Low Value Customers
16741.0,625,1,173.06,15.732727272727272,15.732727272727272,14.732541,Low Value Customers
16742.0,47,14,2852.6099999999997,26.170733944954126,366.39027522935777,332.60666,Low Value Customers
16743.0,29,14,4253.26,11.342026666666667,158.78837333333334,172.77063,Low Value Customers
16744.0,11,7,1304.76,5.391570247933884,37.740991735537186,45.676193,Low Value Customers
16745.0,87,17,7194.3,20.152100840336136,342.5857142857143,348.3633,Low Value Customers
16746.0,5,42,18066.4,18.267340748230538,767.2283114256826,797.9047,Medium Value Customers
16747.0,38,2,836.06,19.906190476190474,39.81238095238095,42.238453,Low Value Customers
16748.0,18,14,3637.33,22.044424242424242,308.6219393939394,300.53125,Low Value Customers
16749.0,591,2,4387.08,56.975064935064935,113.95012987012987,164.44113,Low Value Customers
16750.0,45,5,623.93,6.567684210526315,32.838421052631574,35.24981,Low Value Customers
16751.0,31,1,1764.72,70.5888,70.5888,116.84372,Low Value Customers
16752.0,373,1,415.0,23.055555555555557,23.055555555555557,30.243692,Low Value Customers
16753.0,58,1,223.92000000000002,6.5858823529411765,6.5858823529411765,-0.96274674,Low Value Customers
16754.0,372,29,67502.47,475.36950704225353,13785.715704225353,13752.071,Premium Customers
16755.0,114,7,2900.58,8.816352583586626,61.71446808510638,66.894806,Low Value Customers
16756.0,215,7,1312.3700000000001,16.61227848101266,116.28594936708862,113.14514,Low Value Customers
16757.0,319,2,270.48,18.032,36.064,33.87603,Low Value Customers
16758.0,65,1,369.34000000000003,16.78818181818182,16.78818181818182,17.947618,Low Value Customers
16759.0,8,3,789.79,18.804523809523808,56.41357142857142,60.93128,Low Value Customers
16760.0,430,1,228.0,13.411764705882353,13.411764705882353,12.878181,Low Value Customers
16761.0,97,1,316.62,24.355384615384615,24.355384615384615,30.82035,Low Value Customers
16762.0,20,3,1501.38,16.869438202247192,50.60831460674157,55.222355,Low Value Customers
16763.0,199,2,964.6999999999999,21.924999999999997,43.849999999999994,51.013264,Low Value Customers
16764.0,4,13,2799.25,3.9649433427762037,51.54426345609065,65.592316,Low Value Customers
16765.0,294,2,454.75,8.745192307692308,17.490384615384617,13.525724,Low Value Customers
16766.0,273,2,1145.6,33.69411764705882,67.38823529411764,79.33216,Low Value Customers
16767.0,31,15,8073.8,24.919135802469135,373.787037037037,363.1308,Low Value Customers
16768.0,48,9,1708.12,10.415365853658535,93.73829268292681,90.129395,Low Value Customers
16769.0,260,4,1141.75,11.4175,45.67,51.24324,Low Value Customers
16770.0,58,9,1932.13,5.457994350282486,49.12194915254237,57.808926,Low Value Customers
16771.0,33,10,3967.6,9.63009708737864,96.30097087378641,92.45365,Low Value Customers
16772.0,423,3,3723.5499999999997,53.96449275362318,161.89347826086956,240.12234,Low Value Customers
16773.0,57,3,421.24,6.480615384615385,19.441846153846157,22.020607,Low Value Customers
16774.0,68,8,1594.45,11.81074074074074,94.48592592592593,94.01111,Low Value Customers
16775.0,10,16,3056.89,10.996007194244603,175.93611510791365,173.04306,Low Value Customers
16776.0,60,2,619.85,4.524452554744526,9.048905109489052,6.0459194,Low Value Customers
16777.0,80,5,1307.76,8.957260273972603,44.78630136986301,50.49635,Low Value Customers
16778.0,74,2,245.94,15.37125,30.7425,27.304943,Low Value Customers
16779.0,2,53,33268.24,31.56379506641366,1672.881138519924,1623.6539,Medium Value Customers
16780.0,100,3,605.55,6.116666666666666,18.349999999999998,21.125637,Low Value Customers
16781.0,372,2,934.25,16.683035714285715,33.36607142857143,34.753735,Low Value Customers
16782.0,10,38,10438.41,5.543499734466277,210.6529899097185,243.86597,Low Value Customers
16783.0,437,1,391.95,15.677999999999999,15.677999999999999,14.732541,Low Value Customers
16784.0,20,5,896.53,5.6033124999999995,28.0165625,31.081978,Low Value Customers
16785.0,410,1,533.78,15.250857142857143,15.250857142857143,14.854271,Low Value Customers
16786.0,394,1,51.839999999999996,51.839999999999996,51.839999999999996,60.632683,Low Value Customers
16787.0,398,4,1035.43,9.082719298245614,36.330877192982456,40.56329,Low Value Customers
16788.0,123,5,1950.3,3.94,19.7,18.745762,Low Value Customers
16789.0,8,1,80.8,16.16,16.16,18.645058,Low Value Customers
16790.0,4,6,1545.6200000000001,16.61956989247312,99.71741935483871,99.10525,Low Value Customers
16791.0,29,15,4038.69,5.786088825214899,86.79133237822349,95.52528,Low Value Customers
16792.0,282,5,623.46,6.1123529411764705,30.561764705882354,39.713684,Low Value Customers
16793.0,57,1,243.84,15.24,15.24,14.286175,Low Value Customers
16794.0,1,15,2090.91,4.036505791505792,60.547586872586876,78.56617,Low Value Customers
16795.0,365,3,2492.39,6.108799019607843,18.326397058823527,-4.5715814,Low Value Customers
16796.0,89,1,305.62,16.97888888888889,16.97888888888889,17.981665,Low Value Customers
16797.0,393,5,1827.77,4.490835380835381,22.454176904176904,26.150545,Low Value Customers
16798.0,554,3,848.71,4.905838150289018,14.717514450867053,19.456928,Low Value Customers
16799.0,432,2,495.98,4.679056603773585,9.35811320754717,8.473246,Low Value Customers
16800.0,11,1,1201.49,7.326158536585366,7.326158536585366,-2.803411,Low Value Customers
16801.0,163,4,1619.73,21.312236842105264,85.24894736842106,87.0585,Low Value Customers
16802.0,679,2,582.61,10.992641509433962,21.985283018867925,20.85249,Low Value Customers
16803.0,65,1,332.3,13.845833333333333,13.845833333333333,14.032427,Low Value Customers
16804.0,23,3,536.99,8.949833333333334,26.849500000000003,28.038692,Low Value Customers
16805.0,174,5,1097.24,4.3714741035856575,21.857370517928288,33.046947,Low Value Customers
16806.0,103,4,801.49,7.781456310679611,31.125825242718445,33.836315,Low Value Customers
16807.0,143,6,2123.88,14.956901408450705,89.74140845070423,94.877716,Low Value Customers
16808.0,99,2,288.42,12.540000000000001,25.080000000000002,22.906937,Low Value Customers
16809.0,23,9,1727.43,6.6696138996139,60.0265250965251,72.43967,Low Value Customers
16810.0,192,2,842.0400000000001,24.76588235294118,49.53176470588236,54.88485,Low Value Customers
16811.0,5,2,547.07,19.538214285714286,39.07642857142857,43.395245,Low Value Customers
16812.0,361,4,2392.0,20.8,83.2,80.796104,Low Value Customers
16813.0,8,10,1692.98,3.7705567928730512,37.70556792873051,50.571224,Low Value Customers
16814.0,14,36,12499.710000000001,15.546902985074627,559.6885074626866,496.8627,Low Value Customers
16815.0,454,2,410.97,5.553648648648649,11.107297297297299,8.98687,Low Value Customers
16816.0,103,4,417.06,14.895,59.58,57.82324,Low Value Customers
16817.0,3,13,2804.9,18.575496688741723,241.4814569536424,223.6472,Low Value Customers
16818.0,11,11,3349.57,17.81686170212766,195.98547872340427,202.01529,Low Value Customers
16819.0,465,2,182.59,10.740588235294117,21.481176470588235,20.854904,Low Value Customers
16820.0,96,1,497.61,19.138846153846153,19.138846153846153,23.307394,Low Value Customers
16821.0,382,1,113.35,16.192857142857143,16.192857142857143,16.614649,Low Value Customers
16822.0,686,1,181.39,16.49,16.49,16.614649,Low Value Customers
16823.0,227,7,2260.09,12.914800000000001,90.40360000000001,98.79195,Low Value Customers
16824.0,16,3,686.24,17.595897435897434,52.7876923076923,52.04541,Low Value Customers
16825.0,39,5,1826.89,28.54515625,142.72578125,138.04892,Low Value Customers
16826.0,51,1,341.7,15.531818181818181,15.531818181818181,14.286175,Low Value Customers
16827.0,393,5,392.13,32.6775,163.38750000000002,143.75856,Low Value Customers
16828.0,93,2,128.5,16.0625,32.125,29.681326,Low Value Customers
16829.0,157,2,513.32,19.011851851851855,38.02370370370371,37.59013,Low Value Customers
16830.0,39,4,1207.5,16.1,64.4,67.569305,Low Value Customers
16831.0,565,1,91.8,15.299999999999999,15.299999999999999,14.732541,Low Value Customers
16832.0,184,5,417.61,19.886190476190478,99.43095238095239,92.59375,Low Value Customers
16833.0,1,6,2409.04,26.18521739130435,157.1113043478261,164.03413,Low Value Customers
16834.0,228,2,898.96,18.728333333333335,37.45666666666667,36.214264,Low Value Customers
16835.0,128,6,1538.41,17.68287356321839,106.09724137931033,103.6584,Low Value Customers
16836.0,40,4,782.37,18.627857142857142,74.51142857142857,66.86987,Low Value Customers
16837.0,31,11,3170.98,19.218060606060607,211.39866666666668,213.72725,Low Value Customers
16838.0,197,4,1159.61,19.654406779661016,78.61762711864407,77.36776,Low Value Customers
16839.0,9,44,22310.49,62.846450704225354,2765.243830985916,2336.1663,High Value Customers
16840.0,603,2,139.85,15.538888888888888,31.077777777777776,27.79066,Low Value Customers
16841.0,37,12,4006.06,18.292511415525112,219.51013698630135,216.85278,Low Value Customers
16842.0,101,3,1264.19,20.066507936507936,60.19952380952381,62.071064,Low Value Customers
16843.0,43,35,19571.43,32.83796979865772,1149.32894295302,1074.032,Medium Value Customers
16844.0,563,2,614.34,19.198125,38.39625,37.047882,Low Value Customers
16845.0,618,1,253.88,12.693999999999999,12.693999999999999,12.237051,Low Value Customers
16846.0,50,3,842.41,17.923617021276595,53.77085106382978,51.17937,Low Value Customers
16847.0,43,2,614.89,16.618648648648648,33.237297297297296,31.091652,Low Value Customers
16848.0,53,4,1411.62,16.607294117647058,66.42917647058823,67.48785,Low Value Customers
16849.0,187,1,124.57,15.57125,15.57125,14.604393,Low Value Customers
16850.0,334,1,332.41,17.495263157894737,17.495263157894737,19.364613,Low Value Customers
16851.0,4,3,342.45,17.1225,51.36749999999999,48.928562,Low Value Customers
16852.0,10,2,144.91000000000003,16.101111111111113,32.202222222222225,31.352085,Low Value Customers
16854.0,417,2,1408.96,18.786133333333336,37.57226666666667,39.634167,Low Value Customers
16855.0,24,2,328.4,17.28421052631579,34.56842105263158,34.817352,Low Value Customers
16856.0,15,3,358.49,18.867894736842107,56.603684210526325,56.299126,Low Value Customers
16857.0,443,1,352.8,32.07272727272727,32.07272727272727,40.505993,Low Value Customers
16858.0,369,10,4668.28,34.32558823529411,343.2558823529411,320.1718,Low Value Customers
16859.0,145,7,1932.41,17.567363636363638,122.97154545454546,123.62348,Low Value Customers
16860.0,453,3,1610.62,37.45627906976744,112.36883720930231,109.52346,Low Value Customers
16861.0,60,5,946.59,19.318163265306122,96.59081632653061,84.09783,Low Value Customers
16862.0,547,4,662.33,18.923714285714286,75.69485714285715,72.79216,Low Value Customers
16863.0,31,3,998.52,17.830714285714286,53.49214285714286,53.48855,Low Value Customers
16864.0,434,2,409.25,24.073529411764707,48.14705882352941,45.614563,Low Value Customers
16865.0,402,1,130.95,8.184375,8.184375,0.6003758,Low Value Customers
16866.0,141,3,207.73999999999998,18.885454545454543,56.65636363636363,52.22886,Low Value Customers
16867.0,690,1,76.74000000000001,12.790000000000001,12.790000000000001,12.237051,Low Value Customers
16868.0,394,3,393.39,7.285,21.855,23.144033,Low Value Customers
16869.0,23,4,825.42,6.44859375,25.794375,29.3226,Low Value Customers
16870.0,469,1,450.15999999999997,16.077142857142857,16.077142857142857,16.736378,Low Value Customers
16871.0,22,6,2812.34,20.528029197080293,123.16817518248176,132.93562,Low Value Customers
16872.0,77,6,1213.13,67.39611111111111,404.37666666666667,364.8767,Low Value Customers
16873.0,5,12,14617.39,28.54958984375,342.595078125,321.27686,Low Value Customers
16874.0,379,1,217.74,6.404117647058824,6.404117647058824,-0.24202144,Low Value Customers
16875.0,67,11,4234.53,18.410999999999998,202.521,215.08478,Low Value Customers
16876.0,404,1,136.01,4.2503125,4.2503125,-1.4922074,Low Value Customers
16877.0,12,6,853.72,5.369308176100629,32.21584905660377,40.53566,Low Value Customers
16878.0,84,1,13.3,4.433333333333334,4.433333333333334,-2.2129338,Low Value Customers
16880.0,31,8,1840.86,9.844171122994652,78.75336898395722,85.506516,Low Value Customers
16881.0,67,1,432.0,432.0,432.0,402.11588,Low Value Customers
16882.0,67,3,705.12,18.080000000000002,54.24000000000001,50.93367,Low Value Customers
16883.0,187,19,2396.59,8.321493055555557,158.1083680555556,182.29164,Low Value Customers
16884.0,38,4,1073.92,14.318933333333334,57.275733333333335,57.698452,Low Value Customers
16885.0,15,4,710.74,5.005211267605634,20.020845070422535,25.96882,Low Value Customers
16886.0,456,1,134.0,16.75,16.75,18.393988,Low Value Customers
16887.0,35,3,660.72,6.477647058823529,19.43294117647059,22.051903,Low Value Customers
16888.0,401,3,437.15,8.09537037037037,24.28611111111111,23.74481,Low Value Customers
16889.0,195,6,2530.9,11.609633027522936,69.65779816513762,75.89795,Low Value Customers
16890.0,477,3,285.41,15.021578947368422,45.06473684210526,43.38922,Low Value Customers
16891.0,2,11,2056.82,3.9860852713178296,43.84693798449612,65.26784,Low Value Customers
16892.0,1,7,762.1,5.482733812949641,38.379136690647485,46.28801,Low Value Customers
16893.0,367,2,401.77,2.976074074074074,5.952148148148148,8.660852,Low Value Customers
16894.0,502,3,1324.06,6.932251308900523,20.79675392670157,23.842924,Low Value Customers
16895.0,65,5,1121.42,6.558011695906433,32.79005847953216,39.845882,Low Value Customers
16896.0,555,1,103.95,5.775,5.775,-2.1627412,Low Value Customers
16897.0,299,2,289.78,7.831891891891891,15.663783783783781,11.749999,Low Value Customers
16898.0,26,5,1016.37,3.468839590443686,17.34419795221843,27.602148,Low Value Customers
16899.0,8,8,1721.02,9.61463687150838,76.91709497206703,82.05188,Low Value Customers
16900.0,17,3,887.11,11.229240506329115,33.687721518987345,37.28194,Low Value Customers
16901.0,729,1,204.26,8.880869565217392,8.880869565217392,2.254375,Low Value Customers
16902.0,116,1,1706.88,38.79272727272728,38.79272727272728,52.374424,Low Value Customers
16903.0,29,3,1062.28,5.590947368421053,16.77284210526316,19.031858,Low Value Customers
16904.0,4,21,5132.37,5.226446028513238,109.755366598778,138.80045,Low Value Customers
16905.0,5,17,5034.15,14.719736842105261,250.23552631578943,249.39107,Low Value Customers
16906.0,82,7,1448.8,6.439111111111111,45.07377777777778,57.88049,Low Value Customers
16907.0,29,9,1707.9,6.69764705882353,60.27882352941177,70.893005,Low Value Customers
16908.0,722,1,252.59,12.6295,12.6295,10.784911,Low Value Customers
16909.0,72,1,379.14,21.063333333333333,21.063333333333333,25.472166,Low Value Customers
16910.0,4,8,1510.06,2.7606215722120657,22.084972577696526,49.0497,Low Value Customers
16911.0,636,2,255.25,7.292857142857143,14.585714285714285,10.982441,Low Value Customers
16912.0,29,15,4480.31,25.897745664739887,388.4661849710983,361.35886,Low Value Customers
16913.0,290,3,423.90999999999997,23.550555555555555,70.65166666666667,61.377434,Low Value Customers
16914.0,36,1,208.46,5.4857894736842105,5.4857894736842105,-3.0880342,Low Value Customers
16915.0,9,11,1543.18,20.853783783783786,229.39162162162165,196.41756,Low Value Customers
16916.0,24,4,1123.4,4.255303030303031,17.021212121212123,24.38558,Low Value Customers
16917.0,277,2,1857.83,36.428039215686276,72.85607843137255,68.1241,Low Value Customers
16918.0,50,16,3213.29,7.031269146608315,112.50030634573304,119.32988,Low Value Customers
16919.0,156,24,5125.91,8.009234375,192.22162500000002,208.74951,Low Value Customers
16920.0,411,1,355.45,15.454347826086956,15.454347826086956,14.732541,Low Value Customers
16921.0,61,3,446.67,4.701789473684211,14.105368421052631,20.302874,Low Value Customers
16922.0,573,1,611.08,5.008852459016394,5.008852459016394,-5.232537,Low Value Customers
16923.0,12,32,13378.36,11.818339222614842,378.18685512367495,400.55383,Low Value Customers
16924.0,21,3,846.75,10.201807228915662,30.605421686746986,32.34185,Low Value Customers
16925.0,540,1,125.65,6.980555555555556,6.980555555555556,0.12133007,Low Value Customers
16926.0,371,5,1421.35,12.46798245614035,62.339912280701746,62.982407,Low Value Customers
16927.0,116,3,543.05,90.50833333333333,271.525,215.46033,Low Value Customers
16928.0,80,29,4113.23,12.278298507462685,356.07065671641783,376.68533,Low Value Customers
16929.0,4,7,1295.39,16.823246753246753,117.76272727272728,110.37854,Low Value Customers
16930.0,26,3,380.55,7.0472222222222225,21.141666666666666,22.071428,Low Value Customers
16931.0,5,23,5233.62,5.228391608391608,120.25300699300699,138.3379,Low Value Customers
16932.0,53,3,440.71,3.060486111111111,9.181458333333333,18.825678,Low Value Customers
16933.0,1,9,3181.25,10.969827586206897,98.72844827586206,110.44293,Low Value Customers
16934.0,55,6,2110.9900000000002,14.762167832167833,88.573006993007,93.49217,Low Value Customers
16935.0,382,3,535.1,7.33013698630137,21.99041095890411,23.265762,Low Value Customers
16936.0,26,2,551.17,3.909007092198581,7.818014184397162,6.380314,Low Value Customers
16937.0,499,1,202.1,3.9627450980392154,3.9627450980392154,-1.4922074,Low Value Customers
16938.0,9,9,7043.18,8.424856459330144,75.8237081339713,36.861973,Low Value Customers
16939.0,489,3,449.0,10.204545454545455,30.613636363636367,30.244095,Low Value Customers
16940.0,52,8,6427.66,10.218855325914149,81.75084260731319,58.55178,Low Value Customers
16941.0,612,1,33.0,16.5,16.5,16.614649,Low Value Customers
16942.0,13,9,1920.59,6.834839857651246,61.51355871886121,68.58741,Low Value Customers
16943.0,212,5,1299.49,37.12828571428572,185.64142857142858,163.43768,Low Value Customers
16944.0,610,1,101.36,14.48,14.48,14.788214,Low Value Customers
16945.0,22,33,8548.16,18.03409282700422,595.1250632911392,570.85986,Low Value Customers
16946.0,383,5,1222.04,16.293866666666666,81.46933333333334,84.7682,Low Value Customers
16947.0,236,5,955.21,18.022830188679247,90.11415094339624,83.81051,Low Value Customers
16948.0,139,7,868.77,20.203953488372093,141.42767441860465,125.10717,Low Value Customers
16949.0,4,6,1286.27,21.437833333333334,128.627,124.17528,Low Value Customers
16950.0,57,10,3784.37,25.229133333333333,252.29133333333334,231.40219,Low Value Customers
16951.0,135,3,1277.75,14.857558139534884,44.57267441860465,48.33063,Low Value Customers
16952.0,109,5,798.78,9.077045454545454,45.38522727272727,46.481697,Low Value Customers
16953.0,30,1,20.8,20.8,20.8,25.782156,Low Value Customers
16954.0,1,20,6081.88,29.52368932038835,590.473786407767,581.68304,Low Value Customers
16955.0,185,6,1309.41,22.972105263157896,137.83263157894737,131.24678,Low Value Customers
16956.0,18,1,308.74,19.29625,19.29625,25.823713,Low Value Customers
16957.0,239,2,416.64,26.04,52.08,50.269855,Low Value Customers
16958.0,435,1,809.44,10.93837837837838,10.93837837837838,10.765007,Low Value Customers
16959.0,87,1,117.35000000000001,16.764285714285716,16.764285714285716,17.981665,Low Value Customers
16960.0,39,8,2043.43,4.347723404255319,34.781787234042554,53.127087,Low Value Customers
16961.0,116,3,794.56,15.28,45.839999999999996,44.877808,Low Value Customers
16962.0,410,1,251.04,16.736,16.736,18.393988,Low Value Customers
16963.0,187,1,110.55000000000001,15.792857142857144,15.792857142857144,14.604393,Low Value Customers
16964.0,733,2,207.85,34.641666666666666,69.28333333333333,61.87532,Low Value Customers
16965.0,227,1,201.19,7.738076923076923,7.738076923076923,1.6462979,Low Value Customers
16966.0,8,7,2154.97,76.96321428571427,538.7425,566.5792,Low Value Customers
16967.0,189,1,319.02,15.19142857142857,15.19142857142857,14.604393,Low Value Customers
16968.0,4,2,439.43,14.175161290322581,28.350322580645162,28.254648,Low Value Customers
16969.0,39,3,650.41,15.48595238095238,46.45785714285714,44.821583,Low Value Customers
16970.0,626,1,71.4,35.7,35.7,37.59062,Low Value Customers
16971.0,38,1,357.21,8.712439024390243,8.712439024390243,1.593792,Low Value Customers
16972.0,383,2,786.25,8.934659090909092,17.869318181818183,14.176781,Low Value Customers
16973.0,386,1,127.0,21.166666666666668,21.166666666666668,21.805359,Low Value Customers
16974.0,523,2,365.5,45.6875,91.375,80.365425,Low Value Customers
16975.0,423,3,926.12,20.580444444444446,61.74133333333334,59.658886,Low Value Customers
16976.0,267,1,251.51999999999998,125.75999999999999,125.75999999999999,111.34899,Low Value Customers
16977.0,395,4,496.0,17.714285714285715,70.85714285714286,63.56003,Low Value Customers
16978.0,78,3,768.88,11.475820895522387,34.42746268656716,36.090534,Low Value Customers
16979.0,4,9,2859.74,22.168527131782945,199.5167441860465,213.58467,Low Value Customers
16980.0,255,3,1473.3300000000002,13.154732142857144,39.464196428571434,41.39615,Low Value Customers
16982.0,61,1,384.06,17.457272727272727,17.457272727272727,18.918243,Low Value Customers
16983.0,13,11,3710.22,14.900481927710842,163.90530120481927,172.70634,Low Value Customers
16984.0,88,9,10754.8,9.492321270962046,85.43089143865842,19.058235,Low Value Customers
16985.0,17,23,10923.16,44.95127572016461,1033.879341563786,1043.3414,Medium Value Customers
16986.0,30,11,4888.75,28.096264367816094,309.05890804597703,288.14685,Low Value Customers
16987.0,3,11,2535.9,9.533458646616541,104.86804511278196,106.01771,Low Value Customers
16988.0,5,2,382.67,19.1335,38.267,43.273518,Low Value Customers
16989.0,7,6,1133.25,94.4375,566.625,552.84174,Low Value Customers
16990.0,219,2,344.0,172.0,344.0,299.9527,Low Value Customers
16991.0,421,1,1041.21,14.070405405405406,14.070405405405406,16.817484,Low Value Customers
16992.0,11,13,5476.5,19.21578947368421,249.80526315789473,247.24005,Low Value Customers
16993.0,464,2,1950.9499999999998,69.67678571428571,139.35357142857143,165.67061,Low Value Customers
16996.0,30,9,2123.61,28.3148,254.8332,207.06433,Low Value Customers
16997.0,288,3,702.0,58.5,175.5,168.89343,Low Value Customers
16998.0,150,5,402.0,67.0,335.0,252.52487,Low Value Customers
16999.0,23,2,484.82,21.07913043478261,42.15826086956522,46.11588,Low Value Customers
17000.0,396,2,406.3,13.543333333333333,27.086666666666666,25.78655,Low Value Customers
17001.0,1,19,6640.8,24.148363636363637,458.81890909090913,477.51352,Low Value Customers
17002.0,86,7,2571.55,30.613690476190477,214.29583333333335,230.7212,Low Value Customers
17003.0,402,4,830.16,7.4121428571428565,29.648571428571426,34.9268,Low Value Customers
17004.0,46,4,2425.16,34.64514285714286,138.58057142857143,150.95155,Low Value Customers
17005.0,471,2,742.36,37.118,74.236,79.40455,Low Value Customers
17006.0,5,8,1636.32,12.587076923076923,100.69661538461538,94.54165,Low Value Customers
17007.0,51,7,1120.1,16.71791044776119,117.02537313432833,111.331955,Low Value Customers
17008.0,429,1,81.36,81.36,81.36,79.26124,Low Value Customers
17009.0,551,1,242.06,22.005454545454544,22.005454545454544,24.603285,Low Value Customers
17010.0,18,1,195.36,17.76,17.76,20.732927,Low Value Customers
17011.0,30,3,671.7,23.989285714285717,71.96785714285716,71.72354,Low Value Customers
17012.0,725,1,384.16,9.146666666666667,9.146666666666667,4.7879066,Low Value Customers
17014.0,8,3,586.33,7.923378378378379,23.770135135135135,20.077152,Low Value Customers
17015.0,29,3,1842.56,8.491059907834101,25.473179723502305,15.975722,Low Value Customers
17016.0,577,1,552.4,13.473170731707317,13.473170731707317,12.999911,Low Value Customers
17017.0,3,29,14110.61,33.27974056603774,965.1124764150944,1002.00287,Medium Value Customers
17018.0,41,6,2287.7,61.82972972972973,370.97837837837835,388.26645,Low Value Customers
17019.0,11,11,4012.2,5.627208976157083,61.89929873772791,64.66641,Low Value Customers
17020.0,542,2,935.62,13.559710144927536,27.11942028985507,28.81097,Low Value Customers
17021.0,442,6,1182.22,24.629583333333333,147.7775,130.74838,Low Value Customers
17022.0,31,2,260.0,16.25,32.5,31.029392,Low Value Customers
17023.0,417,3,800.18,16.33020408163265,48.99061224489795,49.156216,Low Value Customers
17024.0,45,3,95.85,31.95,95.85,83.932594,Low Value Customers
17025.0,61,5,1510.6399999999999,35.967619047619046,179.83809523809524,166.33804,Low Value Customers
17026.0,185,3,208.98,26.1225,78.36749999999999,62.420773,Low Value Customers
17027.0,79,9,1327.1100000000001,7.135000000000001,64.215,80.82082,Low Value Customers
17028.0,581,3,1593.83,16.777157894736842,50.33147368421052,54.26089,Low Value Customers
17029.0,111,7,2137.3,73.7,515.9,492.0552,Low Value Customers
17030.0,64,1,146.87,13.351818181818182,13.351818181818182,12.431815,Low Value Customers
17031.0,12,6,2773.85,55.477,332.86199999999997,406.01807,Low Value Customers
17032.0,548,8,3004.6,12.571548117154812,100.5723849372385,132.27916,Low Value Customers
17033.0,86,4,1332.79,33.31975,133.279,129.02519,Low Value Customers
17034.0,16,5,1283.92,21.76135593220339,108.80677966101695,109.70818,Low Value Customers
17035.0,246,4,613.59,18.593636363636364,74.37454545454545,65.86763,Low Value Customers
17036.0,383,1,176.9,14.741666666666667,14.741666666666667,14.732541,Low Value Customers
17037.0,88,1,1267.32,16.8976,16.8976,15.46642,Low Value Customers
17038.0,30,2,743.17,11.796349206349205,23.59269841269841,26.403881,Low Value Customers
17039.0,604,1,1954.99,44.43159090909091,44.43159090909091,46.532692,Low Value Customers
17040.0,138,2,463.25,28.953125,57.90625,64.658554,Low Value Customers
17041.0,27,6,1686.28,13.071937984496124,78.43162790697674,78.35153,Low Value Customers
17042.0,3,5,1044.3799999999999,10.656938775510202,53.28469387755101,46.375942,Low Value Customers
17043.0,32,8,2616.55,12.763658536585366,102.10926829268293,106.08867,Low Value Customers
17044.0,25,12,11962.3,80.28389261744967,963.4067114093959,1068.505,Medium Value Customers
17045.0,113,5,827.6800000000001,15.616603773584908,78.08301886792454,75.2968,Low Value Customers
17046.0,157,5,1906.07,22.42435294117647,112.12176470588234,114.25989,Low Value Customers
17047.0,85,6,2289.23,16.121338028169014,96.72802816901408,107.00473,Low Value Customers
17048.0,118,7,2071.68,20.51168316831683,143.5817821782178,138.5601,Low Value Customers
17049.0,3,19,9947.48,17.795134168157425,338.10754919499107,377.44525,Low Value Customers
17050.0,96,11,4691.79,13.142268907563025,144.56495798319327,147.25038,Low Value Customers
17051.0,194,4,714.39,4.550254777070063,18.201019108280253,27.7394,Low Value Customers
17052.0,28,1,413.75,4.497282608695652,4.497282608695652,-3.3906024,Low Value Customers
17053.0,131,1,498.48,38.34461538461539,38.34461538461539,55.559135,Low Value Customers
17054.0,28,5,1356.33,16.34132530120482,81.7066265060241,81.76544,Low Value Customers
17055.0,446,1,239.55,7.985,7.985,0.6003758,Low Value Customers
17056.0,738,1,128.60000000000002,16.075000000000003,16.075000000000003,16.614649,Low Value Customers
17057.0,596,1,294.74,5.8948,5.8948,-2.3769584,Low Value Customers
17058.0,82,3,1179.89,19.030483870967743,57.09145161290323,60.673286,Low Value Customers
17059.0,30,9,5602.53,6.661747919143876,59.955731272294884,51.945686,Low Value Customers
17060.0,266,1,234.24,46.848,46.848,50.10165,Low Value Customers
17061.0,74,11,5232.2300000000005,52.850808080808086,581.3588888888889,624.28503,Low Value Customers
17062.0,314,6,1208.22,7.3671951219512195,44.20317073170732,58.498695,Low Value Customers
17063.0,21,13,3638.53,17.748926829268292,230.7360487804878,224.54832,Low Value Customers
17064.0,59,3,859.35,13.860483870967743,41.58145161290323,43.63831,Low Value Customers
17065.0,638,2,194.7,16.224999999999998,32.449999999999996,29.844486,Low Value Customers
17066.0,726,1,228.34,12.685555555555556,12.685555555555556,10.784911,Low Value Customers
17067.0,725,3,454.54,34.964615384615385,104.89384615384616,84.79839,Low Value Customers
17068.0,12,47,9161.08,8.9463671875,420.4792578125,395.88608,Low Value Customers
17069.0,28,14,5794.28,19.641627118644067,274.98277966101693,295.88916,Low Value Customers
17070.0,114,2,445.32,4.241142857142857,8.482285714285714,8.431495,Low Value Customers
17071.0,28,13,3801.2000000000003,17.930188679245283,233.09245283018868,227.64343,Low Value Customers
17072.0,625,1,282.05,12.820454545454545,12.820454545454545,12.237051,Low Value Customers
17073.0,18,4,1446.09,8.310862068965516,33.243448275862065,35.61432,Low Value Customers
17074.0,563,1,203.05,50.7625,50.7625,57.802624,Low Value Customers
17075.0,18,10,2241.73,11.20865,112.0865,113.585884,Low Value Customers
17076.0,36,6,1242.75,24.855,149.13,140.44562,Low Value Customers
17077.0,578,1,306.0,306.0,306.0,290.69577,Low Value Customers
17078.0,36,2,378.2,13.507142857142856,27.014285714285712,25.905636,Low Value Customers
17079.0,78,1,118.80000000000001,59.400000000000006,59.400000000000006,72.32859,Low Value Customers
17080.0,22,7,957.53,29.016060606060606,203.11242424242425,186.91096,Low Value Customers
17081.0,25,6,964.39,4.506495327102804,27.03897196261682,39.584614,Low Value Customers
17082.0,33,6,4732.03,27.835470588235292,167.01282352941175,167.53935,Low Value Customers
17083.0,109,9,4049.79,35.2155652173913,316.9400869565217,304.73715,Low Value Customers
17084.0,35,3,5202.97,17.6971768707483,53.0915306122449,44.882435,Low Value Customers
17085.0,123,28,7891.41,7.915155466399198,221.62435305917754,254.72687,Low Value Customers
17086.0,7,6,2050.08,21.355,128.13,140.07326,Low Value Customers
17087.0,738,1,221.53,18.460833333333333,18.460833333333333,20.195349,Low Value Customers
17088.0,28,4,1991.01,17.313130434782607,69.25252173913043,72.5067,Low Value Customers
17089.0,386,1,128.45,32.1125,32.1125,36.10255,Low Value Customers
17090.0,4,13,3149.48,34.23347826086957,445.0352173913044,420.36835,Low Value Customers
17091.0,3,19,7811.1,16.479113924050633,313.10316455696204,335.17175,Low Value Customers
17092.0,50,11,5594.96,14.093098236775818,155.024080604534,160.98253,Low Value Customers
17093.0,593,1,235.88,18.144615384615385,18.144615384615385,20.357695,Low Value Customers
17094.0,322,2,402.20000000000005,22.34444444444445,44.6888888888889,43.67966,Low Value Customers
17095.0,23,7,2572.25,18.775547445255473,131.4288321167883,137.60614,Low Value Customers
17096.0,15,11,3759.18,17.323410138248846,190.5575115207373,197.90833,Low Value Customers
17097.0,2,9,1340.45,4.324032258064516,38.91629032258065,54.971237,Low Value Customers
17098.0,382,3,591.0699999999999,32.837222222222216,98.51166666666666,90.412636,Low Value Customers
17099.0,533,1,582.17,14.55425,14.55425,14.909944,Low Value Customers
17100.0,18,2,971.74,14.949846153846154,29.89969230769231,30.983236,Low Value Customers
17101.0,10,7,2507.05,34.34315068493151,240.40205479452055,252.52696,Low Value Customers
17102.0,262,1,25.5,25.5,25.5,27.779272,Low Value Customers
17103.0,722,1,424.3,13.259375,13.259375,12.999911,Low Value Customers
17104.0,424,1,474.03,24.948947368421052,24.948947368421052,32.570957,Low Value Customers
17105.0,159,2,665.78,7.397555555555555,14.79511111111111,11.651971,Low Value Customers
17106.0,389,1,491.23,9.268490566037736,9.268490566037736,4.9096355,Low Value Customers
17107.0,33,10,16075.42,23.850771513353116,238.50771513353118,134.97849,Low Value Customers
17108.0,664,1,174.95,19.438888888888886,19.438888888888886,22.595541,Low Value Customers
17109.0,29,8,1295.46,9.253285714285715,74.02628571428572,85.436066,Low Value Customers
17110.0,165,3,510.7,10.013725490196078,30.041176470588233,30.076597,Low Value Customers
17111.0,47,2,476.58,9.726122448979591,19.452244897959183,17.885311,Low Value Customers
17112.0,503,1,205.17,4.1034,4.1034,-1.4922074,Low Value Customers
17113.0,574,6,2322.59,14.607484276729561,87.64490566037736,102.51842,Low Value Customers
17114.0,6,8,808.62,6.367086614173228,50.936692913385826,68.04412,Low Value Customers
17115.0,8,7,2761.4900000000002,23.01241666666667,161.0869166666667,180.52402,Low Value Customers
17116.0,648,1,389.78,8.293191489361702,8.293191489361702,0.38615853,Low Value Customers
17117.0,288,1,116.19999999999999,12.91111111111111,12.91111111111111,12.049107,Low Value Customers
17118.0,318,1,157.02,15.702000000000002,15.702000000000002,14.732541,Low Value Customers
17119.0,3,2,606.91,17.340285714285713,34.680571428571426,33.947605,Low Value Customers
17120.0,233,1,307.46,17.08111111111111,17.08111111111111,18.393988,Low Value Customers
17121.0,403,1,314.74,26.228333333333335,26.228333333333335,29.139854,Low Value Customers
17122.0,119,4,570.5,19.016666666666666,76.06666666666666,68.78329,Low Value Customers
17123.0,162,3,977.17,22.724883720930233,68.1746511627907,68.822044,Low Value Customers
17124.0,185,1,298.89,9.3403125,9.3403125,4.6597586,Low Value Customers
17125.0,50,1,259.35,6.483750000000001,6.483750000000001,-1.1769638,Low Value Customers
17126.0,152,9,2070.44,4.358821052631579,39.22938947368421,55.1953,Low Value Customers
17127.0,429,5,1155.0300000000002,31.217027027027033,156.08513513513518,138.04672,Low Value Customers
17128.0,335,1,157.09,11.220714285714285,11.220714285714285,10.907824,Low Value Customers
17129.0,520,1,31.85,15.925,15.925,16.905645,Low Value Customers
17131.0,5,5,2463.17,18.38186567164179,91.90932835820895,97.61005,Low Value Customers
17132.0,452,2,1272.8,16.317948717948717,32.635897435897434,34.127808,Low Value Customers
17133.0,16,12,14622.33,261.11303571428573,3133.3564285714288,2967.9927,High Value Customers
17134.0,107,3,637.1,17.21891891891892,51.656756756756764,48.373135,Low Value Customers
17135.0,16,10,1954.16,12.2135,122.13499999999999,113.74453,Low Value Customers
17136.0,662,1,231.68,16.548571428571428,16.548571428571428,16.614649,Low Value Customers
17137.0,416,6,1133.63,6.441079545454546,38.646477272727275,56.203823,Low Value Customers
17138.0,276,7,4417.27,17.2549609375,120.78472656250001,121.07094,Low Value Customers
17139.0,16,25,19584.46,24.208232385661308,605.2058096415327,669.39575,Low Value Customers
17140.0,247,1,465.32,23.266,23.266,30.243692,Low Value Customers
17141.0,418,4,754.33,4.335229885057472,17.340919540229887,28.260363,Low Value Customers
17142.0,239,4,1283.75,14.26388888888889,57.05555555555556,61.512062,Low Value Customers
17143.0,417,2,924.11,7.637272727272728,15.274545454545455,13.741486,Low Value Customers
17144.0,1,2,984.57,20.511875,41.02375,48.08046,Low Value Customers
17145.0,513,4,3120.91,17.33838888888889,69.35355555555556,96.68456,Low Value Customers
17146.0,106,13,5860.24,19.34072607260726,251.42943894389438,253.89067,Low Value Customers
17147.0,23,9,3199.95,23.529044117647057,211.76139705882352,212.7351,Low Value Customers
17148.0,52,1,124.88,13.875555555555556,13.875555555555556,14.032427,Low Value Customers
17149.0,451,1,143.10000000000002,23.850000000000005,23.850000000000005,26.538176,Low Value Customers
17150.0,377,6,1375.65,14.791935483870969,88.7516129032258,91.26891,Low Value Customers
17151.0,735,1,231.90000000000003,57.97500000000001,57.97500000000001,59.843487,Low Value Customers
17152.0,195,4,2016.5,126.03125,504.125,503.8783,Low Value Customers
17153.0,24,1,213.78,15.27,15.27,16.706299,Low Value Customers
17154.0,75,1,329.34,14.319130434782608,14.319130434782608,14.032427,Low Value Customers
17155.0,18,7,892.46,12.225479452054795,85.57835616438356,79.76337,Low Value Customers
17156.0,492,1,591.87,15.176153846153847,15.176153846153847,12.397461,Low Value Customers
17157.0,8,19,5151.9,36.53829787234042,694.227659574468,692.2427,Low Value Customers
17158.0,32,5,1980.0,17.52212389380531,87.61061946902656,94.36835,Low Value Customers
17159.0,22,5,2099.59,16.15069230769231,80.75346153846155,85.926895,Low Value Customers
17160.0,31,17,10209.16,15.68227342549923,266.5986482334869,239.87665,Low Value Customers
17161.0,444,1,856.01,16.46173076923077,16.46173076923077,18.953321,Low Value Customers
17162.0,29,10,1715.46,16.494807692307692,164.9480769230769,145.466,Low Value Customers
17163.0,22,4,699.78,23.326,93.304,93.06559,Low Value Customers
17164.0,33,7,2467.35,17.134375,119.94062499999998,116.352104,Low Value Customers
17165.0,284,6,1794.32,17.9432,107.6592,107.83354,Low Value Customers
17166.0,39,2,206.34,17.195,34.39,32.24908,Low Value Customers
17167.0,380,3,867.11,10.97607594936709,32.92822784810127,34.7444,Low Value Customers
17168.0,499,1,400.2,19.057142857142857,19.057142857142857,23.719717,Low Value Customers
17169.0,58,3,1156.73,15.423066666666667,46.2692,49.549026,Low Value Customers
17170.0,374,2,178.68,17.868000000000002,35.736000000000004,33.87603,Low Value Customers
17171.0,289,2,384.59,15.3836,30.7672,27.79066,Low Value Customers
17172.0,79,3,956.5699999999999,24.527435897435897,73.5823076923077,70.42444,Low Value Customers
17173.0,5,8,3766.6,43.79767441860465,350.3813953488372,338.86905,Low Value Customers
17174.0,218,1,59.9,14.975,14.975,14.604393,Low Value Customers
17175.0,44,4,1443.69,22.915714285714287,91.66285714285715,94.178566,Low Value Customers
17176.0,202,3,902.3199999999999,21.483809523809523,64.45142857142856,63.048805,Low Value Customers
17177.0,505,1,119.5,4.120689655172414,4.120689655172414,-1.4922074,Low Value Customers
17178.0,731,1,436.71,13.6471875,13.6471875,12.999911,Low Value Customers
17179.0,178,6,1507.26,9.539620253164557,57.23772151898734,67.23934,Low Value Customers
17180.0,56,11,2256.98,5.5318137254901965,60.84995098039216,73.92725,Low Value Customers
17181.0,57,3,465.37,15.512333333333334,46.537000000000006,43.025234,Low Value Customers
17182.0,423,2,321.3,53.550000000000004,107.10000000000001,84.56389,Low Value Customers
17183.0,8,6,3347.31,45.85356164383562,275.1213698630137,310.14288,Low Value Customers
17184.0,569,2,198.41000000000003,14.172142857142859,28.344285714285718,27.536913,Low Value Customers
17185.0,592,3,229.46,5.215,15.645,21.277168,Low Value Customers
17186.0,47,2,144.0,72.0,144.0,102.22135,Low Value Customers
17187.0,227,2,467.71,20.335217391304347,40.670434782608694,39.292767,Low Value Customers
17188.0,11,13,4592.93,26.70308139534884,347.1400581395349,312.86462,Low Value Customers
17189.0,106,5,957.63,7.785609756097561,38.9280487804878,41.151665,Low Value Customers
17190.0,59,7,1743.04,8.938666666666666,62.57066666666667,67.804344,Low Value Customers
17191.0,28,15,4836.05,8.410521739130434,126.15782608695652,138.6312,Low Value Customers
17192.0,536,1,77.83,3.7061904761904763,3.7061904761904763,-1.4922074,Low Value Customers
17193.0,36,9,2310.04,52.50090909090909,472.5081818181818,443.326,Low Value Customers
17194.0,274,3,812.5,13.319672131147541,39.959016393442624,40.801693,Low Value Customers
17195.0,655,1,562.98,18.160645161290322,18.160645161290322,20.479424,Low Value Customers
17196.0,428,1,352.9,3.3932692307692305,3.3932692307692305,-2.7029765,Low Value Customers
17197.0,30,1,1013.01,34.93137931034483,34.93137931034483,59.539974,Low Value Customers
17198.0,24,3,1213.88,7.016647398843931,21.049942196531795,24.113302,Low Value Customers
17199.0,582,1,145.12,16.124444444444446,16.124444444444446,16.614649,Low Value Customers
17200.0,387,4,356.71,14.2684,57.0736,56.34866,Low Value Customers
17201.0,54,4,1242.04,6.677634408602151,26.710537634408603,29.8318,Low Value Customers
17202.0,421,1,160.65,20.08125,20.08125,24.130678,Low Value Customers
17203.0,36,10,5575.88,20.651407407407408,206.51407407407407,203.87363,Low Value Customers
17204.0,175,9,5504.6900000000005,31.09994350282486,279.89949152542374,288.5151,Low Value Customers
17205.0,54,3,999.35,28.552857142857142,85.65857142857143,85.738556,Low Value Customers
17206.0,53,1,204.24,29.177142857142858,29.177142857142858,37.536327,Low Value Customers
17207.0,652,1,303.21999999999997,4.525671641791044,4.525671641791044,-1.9492294,Low Value Customers
17208.0,396,1,115.35,4.8062499999999995,4.8062499999999995,-1.9597542,Low Value Customers
17209.0,649,3,611.6,15.290000000000001,45.870000000000005,42.867134,Low Value Customers
17210.0,393,1,253.37,4.6920370370370375,4.6920370370370375,-1.9597542,Low Value Customers
17211.0,27,13,4046.65,10.733819628647215,139.5396551724138,140.53583,Low Value Customers
17212.0,253,3,794.41,27.393448275862067,82.1803448275862,68.971924,Low Value Customers
17213.0,40,13,5182.3,18.4423487544484,239.75053380782919,240.25912,Low Value Customers
17214.0,60,6,1069.1200000000001,10.37980582524272,62.27883495145632,61.63095,Low Value Customers
17215.0,464,1,186.15,16.922727272727272,16.922727272727272,18.393988,Low Value Customers
17216.0,554,1,65.05,4.646428571428571,4.646428571428571,-1.9597542,Low Value Customers
17217.0,234,2,218.0,7.517241379310345,15.03448275862069,11.964216,Low Value Customers
17218.0,4,18,4192.68,7.986057142857144,143.7490285714286,165.02309,Low Value Customers
17219.0,32,2,259.13,5.1826,10.3652,8.117255,Low Value Customers
17220.0,24,21,4481.75,6.581130690161527,138.20374449339207,158.7651,Low Value Customers
17221.0,7,5,978.52,7.766031746031746,38.83015873015873,34.212624,Low Value Customers
17222.0,65,6,1605.01,14.203628318584071,85.22176991150442,86.756615,Low Value Customers
17223.0,310,3,873.53,8.648811881188118,25.946435643564357,26.328367,Low Value Customers
17224.0,501,1,100.86,12.6075,12.6075,10.784911,Low Value Customers
17225.0,582,1,131.15,26.23,26.23,27.894339,Low Value Customers
17226.0,309,3,900.12,14.756065573770492,44.268196721311476,45.32948,Low Value Customers
17227.0,19,12,2022.03,16.17624,194.11488,183.31221,Low Value Customers
17228.0,16,13,3177.24,8.874972067039106,115.37463687150839,119.72818,Low Value Customers
17229.0,96,2,318.76,6.782127659574468,13.564255319148936,10.619488,Low Value Customers
17230.0,264,18,9924.95,44.50650224215247,801.1170403587445,885.39374,Medium Value Customers
17231.0,12,25,7197.04,5.82284789644013,145.57119741100323,159.98898,Low Value Customers
17232.0,3,2,421.52,11.708888888888888,23.417777777777776,23.16469,Low Value Customers
17233.0,35,3,560.86,9.67,29.009999999999998,27.456264,Low Value Customers
17234.0,183,1,149.89000000000001,10.706428571428573,10.706428571428573,9.3629055,Low Value Customers
17235.0,25,8,1904.8799999999999,19.24121212121212,153.92969696969695,147.60829,Low Value Customers
17236.0,13,12,1929.26,12.210506329113924,146.52607594936708,132.15652,Low Value Customers
17237.0,11,4,1002.08,12.526,50.104,47.274384,Low Value Customers
17238.0,3,32,7783.1,6.322583265637693,202.32266450040618,217.08542,Low Value Customers
17239.0,313,4,1189.45,37.1703125,148.68125,134.12427,Low Value Customers
17240.0,596,1,130.6,18.657142857142855,18.657142857142855,20.195349,Low Value Customers
17241.0,385,12,2744.14,16.047602339181285,192.57122807017544,200.16614,Low Value Customers
17242.0,108,5,2889.28,34.396190476190476,171.98095238095237,185.07663,Low Value Customers
17243.0,1,69,20889.86,18.421393298059964,1271.0761375661375,1263.2869,Medium Value Customers
17244.0,53,5,1826.04,15.217,76.08500000000001,76.29891,Low Value Customers
17245.0,205,2,371.63,14.8652,29.7304,27.79066,Low Value Customers
17246.0,547,2,38.92,6.486666666666667,12.973333333333334,11.121816,Low Value Customers
17247.0,15,1,282.19,5.130727272727273,5.130727272727273,-4.8014436,Low Value Customers
17248.0,120,2,546.16,4.668034188034188,9.336068376068376,8.021575,Low Value Customers
17249.0,429,1,68.03,2.51962962962963,2.51962962962963,-1.4922074,Low Value Customers
17250.0,4,2,384.52,6.7459649122807015,13.491929824561403,6.861976,Low Value Customers
17251.0,363,3,812.4300000000001,10.155375000000001,30.466125000000005,31.17366,Low Value Customers
17252.0,117,2,353.86,4.067356321839081,8.134712643678162,8.431495,Low Value Customers
17253.0,18,1,178.26,9.903333333333332,9.903333333333332,7.53689,Low Value Customers
17254.0,5,3,470.73,3.180608108108108,9.541824324324324,13.93496,Low Value Customers
17255.0,41,4,799.13,4.205947368421053,16.82378947368421,23.896412,Low Value Customers
17256.0,107,5,498.93,16.094516129032257,80.47258064516129,77.64994,Low Value Customers
17257.0,436,2,192.73,12.848666666666666,25.697333333333333,24.810741,Low Value Customers
17258.0,397,2,417.3,7.587272727272728,15.174545454545456,11.871729,Low Value Customers
17259.0,148,6,1889.34,5.725272727272727,34.35163636363636,38.975082,Low Value Customers
17260.0,411,1,120.95,20.158333333333335,20.158333333333335,24.130678,Low Value Customers
17261.0,510,1,230.44,5.009565217391304,5.009565217391304,-1.9597542,Low Value Customers
17262.0,52,11,2757.62,131.3152380952381,1444.467619047619,1456.333,Medium Value Customers
17263.0,208,1,63.440000000000005,2.7582608695652175,2.7582608695652175,-1.6203562,Low Value Customers
17264.0,424,1,279.59,3.3284523809523807,3.3284523809523807,-1.7064248,Low Value Customers
17265.0,139,2,562.9,4.432283464566929,8.864566929133858,7.76062,Low Value Customers
17266.0,2,5,517.73,4.0766141732283465,20.383070866141733,26.566036,Low Value Customers
17267.0,127,2,317.62,8.358421052631579,16.716842105263158,11.298327,Low Value Customers
17268.0,108,11,1733.8899999999999,57.79633333333333,635.7596666666666,587.5252,Low Value Customers
17269.0,386,1,537.46,3.681232876712329,3.681232876712329,-3.4357092,Low Value Customers
17270.0,469,2,604.4,12.33469387755102,24.66938775510204,22.846504,Low Value Customers
17271.0,736,1,210.39,4.045961538461539,4.045961538461539,-1.4922074,Low Value Customers
17272.0,42,4,2148.63,18.847631578947368,75.39052631578947,76.847984,Low Value Customers
17273.0,424,1,141.12,11.76,11.76,10.907824,Low Value Customers
17274.0,35,2,577.38,7.308607594936709,14.617215189873418,10.702396,Low Value Customers
17275.0,383,1,114.52,4.7716666666666665,4.7716666666666665,-1.9597542,Low Value Customers
17276.0,402,1,508.39,9.41462962962963,9.41462962962963,4.9096355,Low Value Customers
17277.0,228,2,1065.3500000000001,15.43985507246377,30.87971014492754,29.452396,Low Value Customers
17278.0,241,2,271.24,15.955294117647059,31.910588235294117,30.423994,Low Value Customers
17279.0,58,1,187.82999999999998,20.869999999999997,20.869999999999997,23.546143,Low Value Customers
17280.0,438,1,118.85999999999999,19.81,19.81,24.130678,Low Value Customers
17281.0,374,6,797.8499999999999,132.975,797.8499999999999,711.3499,Medium Value Customers
17282.0,130,5,2339.66,10.78184331797235,53.90921658986174,54.127613,Low Value Customers
17283.0,379,1,188.46,12.564,12.564,10.784911,Low Value Customers
17284.0,60,8,2793.16,7.468342245989304,59.746737967914434,62.146362,Low Value Customers
17285.0,628,2,428.34,8.741632653061224,17.483265306122448,13.525724,Low Value Customers
17286.0,22,3,395.48,4.25247311827957,12.75741935483871,18.785625,Low Value Customers
17287.0,26,21,4111.96,8.3069898989899,174.4467878787879,188.43353,Low Value Customers
17288.0,9,11,2499.98,8.474508474576272,93.219593220339,92.57889,Low Value Customers
17289.0,32,9,2079.39,7.453010752688171,67.07709677419354,73.57167,Low Value Customers
17290.0,4,8,1501.44,7.396256157635468,59.17004926108375,67.53574,Low Value Customers
17291.0,308,1,550.8000000000001,550.8000000000001,550.8000000000001,497.32248,Low Value Customers
17292.0,472,2,271.75,18.116666666666667,36.233333333333334,33.87603,Low Value Customers
17293.0,8,17,3774.23,15.405020408163265,261.8853469387755,242.96002,Low Value Customers
17294.0,669,2,467.78999999999996,27.51705882352941,55.03411764705882,45.09773,Low Value Customers
17295.0,29,3,556.95,8.071739130434784,24.21521739130435,22.946564,Low Value Customers
17296.0,730,1,338.13,10.246363636363636,10.246363636363636,6.885438,Low Value Customers
17297.0,17,1,131.78,2.583921568627451,2.583921568627451,-3.3521507,Low Value Customers
17298.0,101,5,957.5600000000001,13.679428571428572,68.39714285714285,68.680405,Low Value Customers
17299.0,12,6,1016.08,8.467333333333334,50.804,50.338654,Low Value Customers
17300.0,391,2,393.64,8.946363636363635,17.89272727272727,13.403995,Low Value Customers
17301.0,21,2,330.43,2.7308264462809917,5.461652892561983,8.169843,Low Value Customers
17302.0,15,5,1135.63,14.375063291139242,71.87531645569621,70.84004,Low Value Customers
17303.0,361,1,250.04,4.717735849056604,4.717735849056604,-1.9597542,Low Value Customers
17304.0,534,1,111.5,22.3,22.3,23.898956,Low Value Customers
17305.0,649,1,2135.46,237.27333333333334,237.27333333333334,228.75298,Low Value Customers
17306.0,11,21,9782.35,135.86597222222224,2853.185416666667,2770.5554,High Value Customers
17307.0,395,11,3999.8900000000003,83.33104166666668,916.6414583333335,817.7061,Medium Value Customers
17308.0,393,2,4511.76,644.5371428571428,1289.0742857142857,1328.5054,Medium Value Customers
17309.0,95,3,330.59000000000003,8.934864864864865,26.804594594594597,24.825409,Low Value Customers
17310.0,387,2,1025.1,512.55,1025.1,963.2507,Medium Value Customers
17311.0,78,6,3566.56,28.083149606299212,168.49889763779527,155.07188,Low Value Customers
17312.0,139,3,644.3,46.021428571428565,138.0642857142857,120.086624,Low Value Customers
17313.0,31,1,2328.84,97.03500000000001,97.03500000000001,167.73834,Low Value Customers
17314.0,25,17,4904.43,19.1579296875,325.6848046875,307.69403,Low Value Customers
17315.0,2,43,9650.6,12.714888010540186,546.740184453228,489.0001,Low Value Customers
17316.0,420,1,124.45,3.5557142857142856,3.5557142857142856,-1.4922074,Low Value Customers
17317.0,46,3,2600.34,288.9266666666667,866.78,1224.6538,Medium Value Customers
17318.0,725,1,164.28,9.126666666666667,9.126666666666667,5.0021243,Low Value Customers
17319.0,669,1,29.1,9.700000000000001,9.700000000000001,7.0996556,Low Value Customers
17320.0,100,6,2895.77,16.64235632183908,99.85413793103449,106.010605,Low Value Customers
17321.0,8,6,1741.18,5.9023050847457625,35.413830508474575,37.539948,Low Value Customers
17322.0,376,5,922.59,5.2123728813559325,26.061864406779662,34.92086,Low Value Customers
17323.0,15,12,1565.59,4.659494047619047,55.91392857142856,68.86316,Low Value Customers
17324.0,18,12,2301.87,15.143881578947367,181.7265789473684,171.76689,Low Value Customers
17325.0,280,3,609.5699999999999,15.629999999999999,46.89,43.155643,Low Value Customers
17326.0,408,2,321.95,3.6174157303370786,7.234831460674157,9.192285,Low Value Customers
17327.0,410,2,152.35,38.0875,76.175,64.49906,Low Value Customers
17328.0,673,1,104.7,17.45,17.45,19.364613,Low Value Customers
17329.0,14,5,1004.4300000000001,9.566,47.830000000000005,41.874466,Low Value Customers
17330.0,23,4,423.8,52.975,211.9,176.66429,Low Value Customers
17331.0,124,1,175.2,175.2,175.2,212.87366,Low Value Customers
17332.0,528,5,838.27,8.823894736842105,44.119473684210526,46.53843,Low Value Customers
17333.0,86,1,494.25,17.651785714285715,17.651785714285715,19.074018,Low Value Customers
17334.0,302,3,635.15,20.488709677419354,61.46612903225807,56.30078,Low Value Customers
17335.0,384,2,508.0,13.025641025641026,26.05128205128205,24.744524,Low Value Customers
17336.0,472,1,81.12,81.12,81.12,79.26124,Low Value Customers
17337.0,151,4,2027.8700000000001,3.7345672191528547,14.938268876611419,9.882788,Low Value Customers
17338.0,17,17,12142.57,8.915249632892804,151.55924375917766,129.20651,Low Value Customers
17339.0,94,3,362.36,25.882857142857144,77.64857142857143,70.0599,Low Value Customers
17340.0,30,18,22404.82,28.835032175032175,519.0305791505791,484.52945,Low Value Customers
17341.0,157,5,1889.83,4.643316953316953,23.216584766584766,24.39889,Low Value Customers
17342.0,380,4,1227.54,35.07257142857143,140.29028571428572,126.94949,Low Value Customers
17343.0,355,6,1259.94,15.74925,94.49549999999999,96.356255,Low Value Customers
17344.0,46,2,468.11,6.784202898550725,13.56840579710145,10.311083,Low Value Customers
17345.0,15,10,1604.68,7.533708920187793,75.33708920187793,76.277435,Low Value Customers
17346.0,4,26,5323.0,5.275520317145689,137.16352824578792,164.08284,Low Value Customers
17347.0,86,1,228.96,228.96,228.96,207.16782,Low Value Customers
17348.0,15,9,2476.41,5.371822125813448,48.34639913232104,57.82534,Low Value Customers
17349.0,179,5,852.25,9.066489361702128,45.33244680851064,47.241974,Low Value Customers
17350.0,8,7,1906.041,13.055075342465752,91.38552739726026,92.55382,Low Value Customers
17351.0,36,12,1988.23,28.814927536231885,345.7791304347826,307.472,Low Value Customers
17352.0,696,1,36.25,7.25,7.25,0.12133007,Low Value Customers
17353.0,129,4,3242.0,231.57142857142858,926.2857142857143,985.7888,Medium Value Customers
17354.0,51,4,3143.46,30.225576923076922,120.90230769230769,128.3943,Low Value Customers
17355.0,386,1,285.11,7.705675675675676,7.705675675675676,0.38615853,Low Value Customers
17356.0,312,5,946.47,11.00546511627907,55.02732558139535,54.031338,Low Value Customers
17357.0,24,2,388.14,8.625333333333334,17.250666666666667,10.878603,Low Value Customers
17358.0,303,5,866.05,5.891496598639455,29.457482993197278,36.52137,Low Value Customers
17359.0,11,2,284.46,7.48578947368421,14.97157894736842,8.117671,Low Value Customers
17360.0,17,6,1231.3799999999999,5.13075,30.7845,41.782745,Low Value Customers
17361.0,49,5,880.64,15.18344827586207,75.91724137931035,71.792175,Low Value Customers
17362.0,239,7,1024.04,7.1113888888888885,49.77972222222222,62.510056,Low Value Customers
17363.0,395,3,940.86,26.135,78.405,71.63597,Low Value Customers
17364.0,1,28,12070.42,13.120021739130435,367.36060869565216,372.09042,Low Value Customers
17365.0,13,15,8224.98,10.294092615769712,154.4113892365457,169.41699,Low Value Customers
17366.0,432,2,1096.24,8.120296296296296,16.24059259259259,14.0071945,Low Value Customers
17367.0,238,1,168.4,4.952941176470588,4.952941176470588,-1.9597542,Low Value Customers
17368.0,23,14,2826.14,11.775583333333334,164.85816666666668,165.23819,Low Value Customers
17369.0,456,1,979.1999999999999,979.1999999999999,979.1999999999999,1002.64594,Medium Value Customers
17370.0,73,4,446.18,13.520606060606061,54.082424242424246,48.566647,Low Value Customers
17371.0,17,6,662.55,4.538013698630136,27.228082191780818,41.504353,Low Value Customers
17372.0,41,28,4377.56,6.632666666666667,185.7146666666667,226.69948,Low Value Customers
17373.0,40,7,1167.5,12.82967032967033,89.8076923076923,85.71351,Low Value Customers
17374.0,219,3,727.11,17.312142857142856,51.936428571428564,50.426285,Low Value Customers
17375.0,199,4,660.55,7.6808139534883715,30.723255813953486,34.452866,Low Value Customers
17376.0,71,4,453.64,8.248,32.992,32.116623,Low Value Customers
17377.0,24,78,18319.41,10.314983108108107,804.5686824324324,796.14215,Medium Value Customers
17378.0,374,1,10.95,10.95,10.95,9.092417,Low Value Customers
17379.0,11,1,404.66,4.875421686746988,4.875421686746988,-6.189396,Low Value Customers
17380.0,434,3,645.0,64.5,193.5,160.66225,Low Value Customers
17381.0,9,38,40002.37,229.89867816091956,8736.149770114944,8792.364,Premium Customers
17382.0,65,8,902.28,50.126666666666665,401.0133333333333,356.57938,Low Value Customers
17383.0,4,2,309.99,5.848867924528302,11.697735849056604,4.77769,Low Value Customers
17384.0,19,3,507.55,25.3775,76.13250000000001,75.53965,Low Value Customers
17385.0,15,1,261.11,5.555531914893617,5.555531914893617,-5.127742,Low Value Customers
17386.0,8,7,2812.77,74.02026315789473,518.1418421052631,574.59595,Low Value Customers
17387.0,20,2,784.11,10.052692307692308,20.105384615384615,19.7936,Low Value Customers
17388.0,78,11,2691.57,47.22052631578948,519.4257894736843,465.39383,Low Value Customers
17389.0,1,61,57224.68,132.77187935034803,8099.084640371229,8256.678,Premium Customers
17390.0,421,1,149.3,12.441666666666668,12.441666666666668,10.784911,Low Value Customers
17391.0,164,2,508.8,169.6,339.2,359.82608,Low Value Customers
17392.0,307,3,626.56,8.244210526315788,24.732631578947363,25.02262,Low Value Customers
17393.0,411,2,381.15,7.940625,15.88125,11.749999,Low Value Customers
17394.0,219,1,203.86999999999998,50.967499999999994,50.967499999999994,60.88479,Low Value Customers
17395.0,508,1,97.5,32.5,32.5,38.133976,Low Value Customers
17396.0,39,14,8807.1,176.142,2465.988,2277.5786,High Value Customers
17397.0,22,3,1233.18,8.93608695652174,26.808260869565217,30.388203,Low Value Customers
17398.0,115,3,653.38,17.19421052631579,51.58263157894737,49.06023,Low Value Customers
17400.0,126,8,4677.05,9.723596673596674,77.7887733887734,79.08906,Low Value Customers
17401.0,541,1,114.85,9.570833333333333,9.570833333333333,5.0021243,Low Value Customers
17402.0,5,23,5096.18,25.104334975369458,577.3997044334975,553.2211,Low Value Customers
17403.0,36,2,400.57,8.708043478260869,17.416086956521738,12.835439,Low Value Customers
17404.0,4,23,47781.12,163.63397260273973,3763.5813698630136,3872.7368,High Value Customers
17405.0,1,3,1031.41,12.578170731707319,37.73451219512196,37.481236,Low Value Customers
17406.0,333,13,4905.05,18.93841698841699,246.19942084942085,244.84607,Low Value Customers
17407.0,412,1,552.9,24.039130434782606,24.039130434782606,31.041128,Low Value Customers
17408.0,163,3,316.09000000000003,39.511250000000004,118.53375000000001,93.9789,Low Value Customers
17409.0,185,10,7793.51,74.93759615384616,749.3759615384615,739.1202,Medium Value Customers
17410.0,16,5,1214.72,18.98,94.9,91.73875,Low Value Customers
17411.0,12,5,1425.38,19.005066666666668,95.02533333333334,89.69159,Low Value Customers
17412.0,3,16,4417.52,18.718305084745765,299.49288135593224,297.74634,Low Value Customers
17413.0,405,2,560.14,56.013999999999996,112.02799999999999,117.5922,Low Value Customers
17414.0,44,6,2249.52,107.12,642.72,578.98566,Low Value Customers
17415.0,80,1,507.84,36.27428571428571,36.27428571428571,55.362713,Low Value Customers
17416.0,30,22,17298.45,28.97562814070352,637.4638190954774,665.79724,Low Value Customers
17417.0,549,1,164.18,10.26125,10.26125,7.0996556,Low Value Customers
17418.0,42,3,670.0600000000001,15.953809523809525,47.861428571428576,47.715878,Low Value Customers
17419.0,11,18,6500.52,20.44188679245283,367.95396226415096,373.87827,Low Value Customers
17420.0,50,6,1084.43,19.025087719298245,114.15052631578948,101.62772,Low Value Customers
17421.0,386,3,1059.41,18.265689655172416,54.79706896551725,53.31573,Low Value Customers
17422.0,16,11,3594.76,17.535414634146342,192.88956097560975,202.94408,Low Value Customers
17423.0,46,3,1118.95,26.022093023255817,78.06627906976745,84.789925,Low Value Customers
17425.0,19,2,759.17,17.655116279069766,35.31023255813953,36.08005,Low Value Customers
17426.0,8,13,8077.77,18.917494145199065,245.92742388758785,256.78833,Low Value Customers
17427.0,72,1,100.8,50.4,50.4,62.10432,Low Value Customers
17428.0,1,45,31819.760000000002,43.648504801097396,1964.1827160493829,1986.581,Medium Value Customers
17429.0,128,5,1357.46,14.289052631578947,71.44526315789474,72.93412,Low Value Customers
17430.0,33,4,735.17,17.50404761904762,70.01619047619047,64.75292,Low Value Customers
17431.0,313,1,403.3,9.37906976744186,9.37906976744186,4.9096355,Low Value Customers
17432.0,18,9,1751.39,6.322707581227437,56.90436823104693,67.91272,Low Value Customers
17433.0,88,2,569.96,6.128602150537635,12.25720430107527,9.607855,Low Value Customers
17434.0,2,7,2373.82,17.715074626865672,124.0055223880597,124.684494,Low Value Customers
17435.0,411,1,331.35,22.09,22.09,25.8488,Low Value Customers
17436.0,2,5,534.06,31.415294117647054,157.07647058823528,146.78192,Low Value Customers
17437.0,530,1,373.17,7.040943396226416,7.040943396226416,-0.09288719,Low Value Customers
17438.0,254,5,1422.77,20.03901408450704,100.19507042253521,97.60996,Low Value Customers
17439.0,656,1,325.74,40.7175,40.7175,42.36373,Low Value Customers
17440.0,157,4,323.58,53.93,215.72,155.85228,Low Value Customers
17441.0,732,1,293.35,13.96904761904762,13.96904761904762,14.478793,Low Value Customers
17442.0,37,15,4620.3,16.326148409893992,244.8922261484099,249.43716,Low Value Customers
17443.0,220,1,534.24,534.24,534.24,409.8339,Low Value Customers
17444.0,148,3,2940.04,21.778074074074073,65.33422222222222,71.03607,Low Value Customers
17446.0,177,2,120.9,13.433333333333334,26.866666666666667,25.664822,Low Value Customers
17447.0,40,2,541.53,15.042499999999999,30.084999999999997,27.672373,Low Value Customers
17448.0,497,46,14556.97,13.032202327663384,599.4813070725156,605.763,Low Value Customers
17449.0,2,13,4951.15,8.279515050167223,107.6336956521739,109.496346,Low Value Customers
17450.0,8,51,246973.09,582.4837028301887,29706.668844339623,29694.812,Premium Customers
17451.0,1,7,1721.4,17.214000000000002,120.49800000000002,114.01126,Low Value Customers
17453.0,18,2,486.71999999999997,25.616842105263157,51.23368421052631,58.78491,Low Value Customers
17454.0,192,10,1547.94,12.285238095238096,122.85238095238097,116.58152,Low Value Customers
17455.0,204,1,131.7,16.4625,16.4625,16.4865,Low Value Customers
17456.0,365,2,1225.42,15.914545454545456,31.82909090909091,36.498505,Low Value Customers
17457.0,127,14,5984.8099999999995,93.51265624999999,1309.1771875,1135.2511,Medium Value Customers
17458.0,15,2,529.58,6.1579069767441865,12.315813953488373,8.019843,Low Value Customers
17459.0,43,2,657.3,5.921621621621621,11.843243243243242,9.256813,Low Value Customers
17460.0,94,16,2228.27,16.030719424460433,256.4915107913669,256.098,Low Value Customers
17461.0,23,3,757.46,6.823963963963965,20.471891891891893,22.034351,Low Value Customers
17462.0,60,2,675.69,25.025555555555556,50.05111111111111,55.186314,Low Value Customers
17463.0,16,7,2557.91,7.894783950617284,55.26348765432099,55.42222,Low Value Customers
17464.0,158,3,1000.94,23.831904761904763,71.49571428571429,68.822044,Low Value Customers
17465.0,426,7,2542.79,17.906971830985917,125.34880281690141,125.95212,Low Value Customers
17466.0,10,2,763.28,18.61658536585366,37.23317073170732,41.032352,Low Value Customers
17467.0,395,1,102.6,25.65,25.65,27.979118,Low Value Customers
17468.0,10,3,194.8,24.35,73.05000000000001,70.32018,Low Value Customers
17469.0,16,17,5051.25,18.918539325842698,321.61516853932585,305.33734,Low Value Customers
17470.0,45,11,2804.87,16.896807228915662,185.86487951807229,191.3268,Low Value Customers
17471.0,475,1,321.65000000000003,16.928947368421053,16.928947368421053,18.393988,Low Value Customers
17472.0,191,4,935.1,4.065652173913044,16.262608695652176,25.423002,Low Value Customers
17473.0,409,2,607.0,17.852941176470587,35.705882352941174,33.363934,Low Value Customers
17474.0,600,1,1047.0,174.5,174.5,194.56534,Low Value Customers
17475.0,79,1,194.37,13.883571428571429,13.883571428571429,14.032427,Low Value Customers
17476.0,396,2,489.86,15.801935483870968,31.603870967741937,27.91239,Low Value Customers
17477.0,613,2,1144.3,26.00681818181818,52.01363636363636,57.873936,Low Value Customers
17478.0,408,2,1272.8,31.82,63.64,71.570564,Low Value Customers
17479.0,633,1,389.26000000000005,21.625555555555557,21.625555555555557,26.44038,Low Value Customers
17480.0,78,2,902.03,16.70425925925926,33.40851851851852,33.08834,Low Value Customers
17481.0,4,4,1255.59,15.312073170731706,61.248292682926824,63.697216,Low Value Customers
17482.0,487,2,778.19,14.410925925925927,28.821851851851854,30.683062,Low Value Customers
17483.0,65,4,591.73,21.133214285714285,84.53285714285714,77.58867,Low Value Customers
17484.0,576,2,209.57,14.969285714285714,29.93857142857143,27.79066,Low Value Customers
17486.0,261,1,396.87,16.53625,16.53625,16.736378,Low Value Customers
17487.0,728,1,160.55,20.06875,20.06875,24.130678,Low Value Customers
17488.0,641,1,336.5,18.694444444444443,18.694444444444443,19.911142,Low Value Customers
17489.0,59,2,376.64,12.987586206896552,25.975172413793103,24.137077,Low Value Customers
17490.0,1,9,2750.5,23.711206896551722,213.4008620689655,216.37047,Low Value Customers
17491.0,1,17,5981.07,32.863021978021976,558.6713736263736,527.479,Low Value Customers
17492.0,248,3,1122.42,28.78,86.34,87.57421,Low Value Customers
17493.0,385,1,100.91000000000001,12.613750000000001,12.613750000000001,10.784911,Low Value Customers
17494.0,502,1,54.699999999999996,18.23333333333333,18.23333333333333,20.357695,Low Value Customers
17495.0,8,3,806.72,16.80666666666667,50.42,51.484993,Low Value Customers
17496.0,359,4,1412.89,19.623472222222222,78.49388888888889,75.74503,Low Value Customers
17497.0,390,2,287.25,41.035714285714285,82.07142857142857,70.791016,Low Value Customers
17498.0,76,1,272.22,16.01294117647059,16.01294117647059,16.459276,Low Value Customers
17499.0,290,2,1341.39,18.89281690140845,37.7856338028169,38.149757,Low Value Customers
17500.0,17,3,1138.0,227.6,682.8,556.5248,Low Value Customers
17501.0,221,2,288.6,16.033333333333335,32.06666666666667,30.132998,Low Value Customers
17502.0,9,4,689.1,24.610714285714288,98.44285714285715,95.02793,Low Value Customers
17503.0,3,2,558.96,14.709473684210527,29.418947368421055,29.489145,Low Value Customers
17504.0,206,18,9565.12,27.644855491329483,497.6073988439307,511.58145,Low Value Customers
17505.0,162,5,2435.48,23.877254901960786,119.38627450980393,120.047935,Low Value Customers
17506.0,76,1,302.2,21.585714285714285,21.585714285714285,28.397501,Low Value Customers
17507.0,262,2,605.58,6.881590909090909,13.763181818181819,10.758851,Low Value Customers
17508.0,281,8,4579.23,19.823506493506493,158.58805194805194,159.0371,Low Value Customers
17509.0,58,8,6115.14,16.708032786885248,133.66426229508198,150.25421,Low Value Customers
17510.0,25,2,514.56,14.701714285714283,29.403428571428567,29.846788,Low Value Customers
17511.0,3,60,175603.55,91.89092098377812,5513.455259026687,5504.089,High Value Customers
17512.0,29,18,5467.820000000001,27.75543147208122,499.597766497462,501.22458,Low Value Customers
17513.0,72,3,1158.8,64.37777777777778,193.13333333333333,177.89624,Low Value Customers
17514.0,128,2,542.83,6.2394252873563225,12.478850574712645,10.455927,Low Value Customers
17515.0,31,9,1617.46,8.985888888888889,80.873,87.356316,Low Value Customers
17516.0,15,6,957.55,4.885459183673469,29.312755102040818,40.02293,Low Value Customers
17517.0,309,1,153.94,13.994545454545454,13.994545454545454,14.478793,Low Value Customers
17518.0,426,2,329.42,4.278181818181818,8.556363636363637,9.414598,Low Value Customers
17519.0,17,15,5109.47,23.015630630630632,345.23445945945946,340.6475,Low Value Customers
17520.0,54,1,546.81,18.226999999999997,18.226999999999997,20.033054,Low Value Customers
17521.0,30,5,1278.06,16.385384615384616,81.92692307692309,81.76544,Low Value Customers
17522.0,2,5,1070.71,14.667260273972603,73.33630136986302,66.21565,Low Value Customers
17523.0,11,4,652.74,19.78,79.12,74.4487,Low Value Customers
17524.0,361,3,539.14,12.53813953488372,37.61441860465116,35.759514,Low Value Customers
17525.0,360,3,1161.9,44.68846153846154,134.06538461538463,118.923035,Low Value Customers
17526.0,5,12,4166.04,42.948865979381445,515.3863917525773,469.25906,Low Value Customers
17527.0,54,4,939.37,19.98659574468085,79.9463829787234,76.762566,Low Value Customers
17528.0,1,8,3628.5,14.34189723320158,114.73517786561264,113.87656,Low Value Customers
17529.0,610,2,1240.25,15.125,30.25,34.278168,Low Value Customers
17530.0,1,12,3141.51,5.629946236559141,67.55935483870968,69.42403,Low Value Customers
17531.0,190,3,1266.82,21.841724137931035,65.5251724137931,70.05668,Low Value Customers
17532.0,386,1,65.34,16.335,16.335,16.614649,Low Value Customers
17533.0,435,1,34.8,34.8,34.8,38.133976,Low Value Customers
17534.0,54,5,1668.83,18.13945652173913,90.69728260869566,83.716934,Low Value Customers
17535.0,280,1,164.4,12.646153846153847,12.646153846153847,10.784911,Low Value Customers
17536.0,177,3,364.83,22.801875,68.405625,63.134407,Low Value Customers
17537.0,30,2,897.62,11.968266666666667,23.936533333333333,26.403881,Low Value Customers
17538.0,26,1,98.42,10.935555555555556,10.935555555555556,10.721833,Low Value Customers
17539.0,618,4,1226.57,8.232013422818792,32.92805369127517,40.308044,Low Value Customers
17540.0,25,6,1590.6000000000001,24.853125000000002,149.11875,140.54616,Low Value Customers
17541.0,510,1,124.46,3.7715151515151515,3.7715151515151515,-1.4922074,Low Value Customers
17542.0,270,3,341.7,5.256923076923076,15.770769230769229,21.06295,Low Value Customers
17543.0,550,1,120.05,9.234615384615385,9.234615384615385,5.0021243,Low Value Customers
17544.0,390,3,960.69,10.442282608695653,31.326847826086958,33.343956,Low Value Customers
17545.0,43,6,1448.54,5.210575539568345,31.26345323741007,40.470646,Low Value Customers
17547.0,376,2,727.85,23.479032258064517,46.958064516129035,48.072613,Low Value Customers
17548.0,234,4,731.26,21.50764705882353,86.03058823529412,80.625145,Low Value Customers
17549.0,24,2,148.86,24.810000000000002,49.620000000000005,51.707645,Low Value Customers
17550.0,197,9,2547.64,7.627664670658683,68.64898203592814,80.626656,Low Value Customers
17551.0,359,1,306.84,7.1358139534883716,7.1358139534883716,-0.09288719,Low Value Customers
17552.0,60,12,3085.29,19.7775,237.32999999999998,228.65355,Low Value Customers
17553.0,130,4,3757.6,626.2666666666667,2505.0666666666666,2600.9983,High Value Customers
17554.0,1,5,1952.45,22.18693181818182,110.9346590909091,123.24658,Low Value Customers
17555.0,20,5,1057.74,3.88875,19.44375,27.132345,Low Value Customers
17556.0,206,2,300.67,21.476428571428574,42.95285714285715,39.817368,Low Value Customers
17557.0,14,4,575.46,16.441714285714287,65.76685714285715,60.27706,Low Value Customers
17558.0,393,1,259.17,9.25607142857143,9.25607142857143,4.7879066,Low Value Customers
17559.0,513,1,167.62,13.968333333333334,13.968333333333334,14.478793,Low Value Customers
17560.0,95,8,1895.8,34.46909090909091,275.75272727272727,254.44005,Low Value Customers
17561.0,19,4,722.34,3.5583251231527093,14.233300492610837,25.372002,Low Value Customers
17562.0,14,7,1122.38,17.81555555555556,124.70888888888891,114.31317,Low Value Customers
17563.0,578,2,392.38,13.530344827586207,27.060689655172414,25.664822,Low Value Customers
17564.0,24,3,454.01,9.265510204081632,27.796530612244897,28.038692,Low Value Customers
17565.0,587,1,131.83,4.394333333333334,4.394333333333334,-1.4922074,Low Value Customers
17566.0,8,2,901.21,5.929013157894737,11.858026315789473,5.5978847,Low Value Customers
17567.0,7,9,5356.03,24.018071748878924,216.16264573991032,225.73517,Low Value Customers
17568.0,633,1,382.79,5.8890769230769235,5.8890769230769235,-2.3769584,Low Value Customers
17569.0,332,1,344.14,11.866896551724137,11.866896551724137,10.907824,Low Value Customers
17570.0,382,1,100.0,100.0,100.0,103.27518,Low Value Customers
17571.0,50,5,1703.75,4.826487252124646,24.13243626062323,27.718136,Low Value Customers
17572.0,71,10,723.01,20.08361111111111,200.8361111111111,167.92552,Low Value Customers
17573.0,29,3,380.6,15.224,45.672,45.39678,Low Value Customers
17574.0,243,1,185.65,23.20625,23.20625,26.538176,Low Value Customers
17575.0,667,1,171.7,34.339999999999996,34.339999999999996,38.37263,Low Value Customers
17576.0,8,41,9056.81,9.759493534482758,400.1392349137931,391.86096,Low Value Customers
17577.0,645,2,348.75,16.607142857142858,33.214285714285715,31.623816,Low Value Customers
17578.0,218,7,1047.33,16.11276923076923,112.78938461538462,107.46208,Low Value Customers
17579.0,5,4,753.28,8.013617021276595,32.05446808510638,30.525028,Low Value Customers
17580.0,253,5,545.27,5.739684210526316,28.69842105263158,39.277252,Low Value Customers
17581.0,1,43,18757.75,22.067941176470587,948.9214705882353,939.9096,Medium Value Customers
17582.0,236,5,1450.7,11.699193548387097,58.49596774193549,59.744415,Low Value Customers
17583.0,560,1,135.95,19.42142857142857,19.42142857142857,22.595541,Low Value Customers
17584.0,7,6,5309.42,42.817903225806454,256.90741935483874,286.3131,Low Value Customers
17585.0,109,7,2093.3,5.2727959697733,36.9095717884131,42.73563,Low Value Customers
17586.0,619,1,167.4,20.925,20.925,22.55274,Low Value Customers
17587.0,628,1,181.66,4.224651162790698,4.224651162790698,-1.4922074,Low Value Customers
17588.0,100,7,2939.55,41.40211267605634,289.8147887323944,273.10083,Low Value Customers
17589.0,60,18,14049.87,10.461556217423679,188.30801191362622,170.07716,Low Value Customers
17590.0,2,3,1479.22,7.359303482587065,22.077910447761194,19.664366,Low Value Customers
17591.0,73,8,2776.67,10.360708955223881,82.88567164179105,90.27365,Low Value Customers
17592.0,739,1,148.3,11.407692307692308,11.407692307692308,10.907824,Low Value Customers
17593.0,4,11,8095.8,19.794132029339853,217.73545232273838,237.39682,Low Value Customers
17594.0,85,4,2497.88,24.018076923076926,96.0723076923077,93.512215,Low Value Customers
17595.0,12,2,388.79,4.68421686746988,9.36843373493976,5.88081,Low Value Customers
17596.0,23,13,4920.67,8.834236983842011,114.84508078994614,123.517426,Low Value Customers
17597.0,214,5,3484.09,27.219453125,136.097265625,128.6294,Low Value Customers
17598.0,381,1,409.98,40.998000000000005,40.998000000000005,51.45598,Low Value Customers
17599.0,478,1,52.05,17.349999999999998,17.349999999999998,19.364613,Low Value Customers
17600.0,18,1,161.67000000000002,12.436153846153847,12.436153846153847,12.153248,Low Value Customers
17601.0,239,2,421.48,5.545789473684211,11.091578947368422,8.98687,Low Value Customers
17602.0,2,14,7451.13,8.03789644012945,112.53055016181229,130.59268,Low Value Customers
17603.0,78,4,1793.48,16.761495327102804,67.04598130841121,71.8833,Low Value Customers
17604.0,217,6,945.9300000000001,4.504428571428572,27.02657142857143,45.10254,Low Value Customers
17605.0,590,1,160.75,12.365384615384615,12.365384615384615,10.784911,Low Value Customers
17606.0,737,1,87.30000000000001,14.550000000000002,14.550000000000002,14.788214,Low Value Customers
17607.0,376,1,333.81,15.173181818181819,15.173181818181819,14.732541,Low Value Customers
17608.0,33,4,498.53,2.9498816568047337,11.799526627218935,26.18794,Low Value Customers
17609.0,41,11,1894.34,4.869768637532133,53.567455012853465,70.47704,Low Value Customers
17610.0,540,5,1529.49,9.741974522292994,48.70987261146497,55.854977,Low Value Customers
17611.0,7,28,8371.98,7.448380782918149,208.55466192170817,207.8088,Low Value Customers
17612.0,53,18,5394.86,15.867235294117647,285.6102352941176,304.0411,Low Value Customers
17613.0,23,14,4559.150000000001,14.612660256410258,204.5772435897436,220.61198,Low Value Customers
17614.0,57,1,390.07,3.9007,3.9007,-3.2013872,Low Value Customers
17615.0,130,6,733.2,12.427118644067797,74.56271186440678,73.86695,Low Value Customers
17616.0,174,4,1060.8,212.16,848.64,764.1347,Medium Value Customers
17617.0,559,1,395.33,20.806842105263158,20.806842105263158,25.360722,Low Value Customers
17618.0,6,11,4073.2400000000002,10.861973333333333,119.48170666666667,135.85315,Low Value Customers
17619.0,312,1,218.52,2.837922077922078,2.837922077922078,-1.4922074,Low Value Customers
17620.0,60,1,81.44,20.36,20.36,24.695787,Low Value Customers
17621.0,21,6,3175.12,48.10787878787879,288.6472727272727,367.96393,Low Value Customers
17622.0,598,2,1130.21,29.742368421052632,59.484736842105264,67.78287,Low Value Customers
17623.0,33,7,2383.67,12.161581632653062,85.13107142857143,88.91842,Low Value Customers
17624.0,15,4,1568.63,16.171443298969074,64.6857731958763,67.39104,Low Value Customers
17625.0,18,8,6067.8,8.631294452347085,69.05035561877668,73.51887,Low Value Customers
17626.0,603,1,254.0,14.11111111111111,14.11111111111111,14.478793,Low Value Customers
17627.0,479,1,296.36,29.636000000000003,29.636000000000003,34.566128,Low Value Customers
17628.0,81,1,75.75,15.15,15.15,14.286175,Low Value Customers
17629.0,6,10,2455.52,15.740512820512821,157.40512820512822,144.26292,Low Value Customers
17630.0,170,2,503.59999999999997,19.369230769230768,38.738461538461536,37.59013,Low Value Customers
17631.0,2,7,998.49,14.470869565217392,101.29608695652175,92.168144,Low Value Customers
17633.0,31,7,2057.39,20.37019801980198,142.59138613861384,140.2878,Low Value Customers
17634.0,36,9,2361.9700000000003,7.952760942760944,71.57484848484849,81.274284,Low Value Customers
17635.0,424,3,1265.58,17.10243243243243,51.30729729729729,54.373074,Low Value Customers
17636.0,19,1,285.56,14.278,14.278,15.84712,Low Value Customers
17637.0,31,2,547.0600000000001,15.630285714285716,31.26057142857143,28.808783,Low Value Customers
17638.0,647,2,842.4,280.8,561.6,404.18146,Low Value Customers
17639.0,276,6,615.17,7.7869620253164555,46.72177215189873,56.889523,Low Value Customers
17640.0,87,6,3168.94,48.014242424242425,288.0854545454546,330.26617,Low Value Customers
17642.0,120,5,1824.49,16.893425925925925,84.46712962962962,85.434555,Low Value Customers
17643.0,373,2,541.25,13.878205128205128,27.756410256410255,27.658642,Low Value Customers
17644.0,1,20,6028.6,18.436085626911318,368.72171253822637,377.9006,Low Value Customers
17646.0,219,12,4149.79,20.242878048780486,242.91453658536585,246.62918,Low Value Customers
17647.0,65,3,331.65999999999997,27.638333333333332,82.91499999999999,68.56644,Low Value Customers
17648.0,61,5,2216.37,17.73096,88.6548,94.268425,Low Value Customers
17649.0,138,3,1578.89,16.111122448979593,48.33336734693878,51.907955,Low Value Customers
17650.0,21,1,166.08,20.76,20.76,27.568857,Low Value Customers
17651.0,12,16,5703.52,17.179277108433737,274.8684337349398,277.43423,Low Value Customers
17652.0,25,12,4867.72,18.794285714285714,225.53142857142856,236.78542,Low Value Customers
17653.0,37,4,1207.56,27.44454545454545,109.7781818181818,110.184845,Low Value Customers
17654.0,277,1,117.55,5.343181818181818,5.343181818181818,-1.9990451,Low Value Customers
17655.0,11,9,3652.48,30.437333333333335,273.93600000000004,284.862,Low Value Customers
17656.0,73,5,1674.69,20.423048780487804,102.11524390243902,96.55063,Low Value Customers
17657.0,430,1,126.0,18.0,18.0,20.357695,Low Value Customers
17658.0,26,2,595.42,31.337894736842102,62.675789473684205,80.00445,Low Value Customers
17659.0,17,14,3834.79,18.79799019607843,263.171862745098,263.65027,Low Value Customers
17660.0,141,2,359.47,4.0389887640449444,8.077977528089889,8.715667,Low Value Customers
17662.0,662,2,412.92,27.528000000000002,55.056000000000004,45.09773,Low Value Customers
17663.0,26,17,5175.83,21.74718487394958,369.7021428571428,352.69794,Low Value Customers
17664.0,19,4,1166.23,14.577875,58.3115,63.616642,Low Value Customers
17665.0,493,1,563.1,29.63684210526316,29.63684210526316,40.3336,Low Value Customers
17666.0,4,5,2047.8,46.54090909090909,232.70454545454544,280.6098,Low Value Customers
17667.0,66,9,3950.7,17.17695652173913,154.59260869565216,154.12703,Low Value Customers
17668.0,1,2,347.75,23.183333333333334,46.36666666666667,58.67506,Low Value Customers
17669.0,43,10,6142.35,42.655208333333334,426.55208333333337,388.3903,Low Value Customers
17670.0,228,1,205.7,18.7,18.7,20.957064,Low Value Customers
17671.0,16,5,2403.34,26.123260869565218,130.6163043478261,138.46732,Low Value Customers
17672.0,50,7,5778.63,28.051601941747574,196.361213592233,198.81975,Low Value Customers
17673.0,2,13,4233.58,8.1415,105.83950000000002,112.47181,Low Value Customers
17674.0,74,2,851.7,22.413157894736845,44.82631578947369,51.126175,Low Value Customers
17675.0,1,70,38259.6,33.918085106382975,2374.2659574468084,2398.8264,High Value Customers
17676.0,4,10,2765.84,16.86487804878049,168.6487804878049,168.85637,Low Value Customers
17677.0,2,54,36692.91,51.534985955056186,2782.8892415730343,2542.7075,High Value Customers
17678.0,264,2,599.76,21.419999999999998,42.839999999999996,41.749683,Low Value Customers
17679.0,53,7,3577.61,44.16802469135803,309.1761728395062,262.84763,Low Value Customers
17680.0,24,3,497.45,24.8725,74.61749999999999,72.51583,Low Value Customers
17681.0,597,5,731.2,52.228571428571435,261.14285714285717,212.89613,Low Value Customers
17682.0,10,11,4456.78,18.72596638655462,205.98563025210083,217.8941,Low Value Customers
17683.0,386,3,819.01,17.804565217391303,53.413695652173914,51.295948,Low Value Customers
17684.0,44,1,239.41,15.960666666666667,15.960666666666667,16.704977,Low Value Customers
17685.0,17,12,5943.17,27.902206572769952,334.8264788732394,314.73672,Low Value Customers
17686.0,7,9,8296.81,19.339883449883448,174.05895104895103,148.26126,Low Value Customers
17687.0,421,1,432.68,16.641538461538463,16.641538461538463,18.515717,Low Value Customers
17688.0,394,1,304.2,16.010526315789473,16.010526315789473,16.905645,Low Value Customers
17689.0,388,2,317.08,14.412727272727272,28.825454545454544,27.536913,Low Value Customers
17690.0,30,20,7448.1,19.4467362924282,388.93472584856397,373.33627,Low Value Customers
17691.0,358,4,780.0500000000001,15.00096153846154,60.00384615384616,60.234043,Low Value Customers
17692.0,127,12,2975.8,18.36913580246914,220.42962962962966,220.16646,Low Value Customers
17693.0,137,1,200.47,12.529375,12.529375,10.656763,Low Value Customers
17694.0,142,3,1695.97,20.937901234567903,62.81370370370371,66.05868,Low Value Customers
17695.0,132,5,1746.04,28.623606557377048,143.11803278688524,136.57324,Low Value Customers
17696.0,38,27,7679.59,21.039972602739727,568.0792602739726,491.62692,Low Value Customers
17697.0,236,1,338.95,17.839473684210525,17.839473684210525,20.357695,Low Value Customers
17698.0,261,1,154.95,19.36875,19.36875,22.595541,Low Value Customers
17699.0,477,2,442.0,23.263157894736842,46.526315789473685,45.614563,Low Value Customers
17700.0,17,14,6679.97,18.555472222222225,259.77661111111115,282.02542,Low Value Customers
17701.0,253,1,417.95,17.414583333333333,17.414583333333333,19.486341,Low Value Customers
17702.0,30,6,3144.04,20.549281045751634,123.2956862745098,126.341606,Low Value Customers
17703.0,35,4,1094.84,14.036410256410255,56.14564102564102,57.658764,Low Value Customers
17704.0,169,2,885.19,28.554516129032258,57.109032258064516,64.190315,Low Value Customers
17705.0,3,11,2083.9,17.365833333333335,191.02416666666667,178.77222,Low Value Customers
17706.0,4,31,20749.98,27.124156862745096,840.848862745098,899.7483,Medium Value Customers
17707.0,185,8,609.3000000000001,25.387500000000003,203.10000000000002,170.08217,Low Value Customers
17708.0,188,4,887.9300000000001,11.999054054054055,47.99621621621622,47.74044,Low Value Customers
17709.0,170,5,671.01,16.77525,83.87625,80.48817,Low Value Customers
17710.0,424,1,293.5,14.675,14.675,14.732541,Low Value Customers
17711.0,11,2,385.1,16.743478260869566,33.48695652173913,31.564846,Low Value Customers
17712.0,45,1,522.91,18.031379310344825,18.031379310344825,20.278755,Low Value Customers
17713.0,382,4,1198.09,15.764342105263157,63.05736842105263,64.58555,Low Value Customers
17714.0,321,5,1410.18,17.40962962962963,87.04814814814816,86.90368,Low Value Customers
17715.0,201,2,489.59999999999997,244.79999999999998,489.59999999999997,425.38553,Low Value Customers
17716.0,23,24,15956.97,26.55069883527454,637.216772046589,617.2237,Low Value Customers
17717.0,421,1,376.92,14.496923076923078,14.496923076923078,14.788214,Low Value Customers
17718.0,232,2,439.18,19.094782608695652,38.189565217391305,37.75763,Low Value Customers
17719.0,38,15,5396.04,19.693576642335767,295.4036496350365,292.00534,Low Value Customers
17720.0,26,10,2768.91,20.818872180451127,208.18872180451126,197.25351,Low Value Customers
17721.0,659,1,307.21000000000004,27.928181818181823,27.928181818181823,30.416533,Low Value Customers
17722.0,96,5,4430.36,20.229954337899542,101.14977168949771,104.89989,Low Value Customers
17723.0,127,7,3378.4000000000005,281.53333333333336,1970.7333333333336,2001.1713,High Value Customers
17724.0,71,3,1033.0,25.825,77.475,77.41007,Low Value Customers
17725.0,16,11,3439.08,17.911875,197.030625,202.4973,Low Value Customers
17726.0,395,7,1092.06,17.0634375,119.4440625,109.92182,Low Value Customers
17727.0,15,1,1060.25,16.064393939393938,16.064393939393938,18.996952,Low Value Customers
17728.0,4,5,4238.76,17.371967213114754,86.85983606557377,92.73411,Low Value Customers
17729.0,596,1,438.65000000000003,19.071739130434786,19.071739130434786,23.719717,Low Value Customers
17730.0,3,20,7773.8,24.757324840764333,495.1464968152867,504.12448,Low Value Customers
17731.0,79,6,1708.99,17.262525252525254,103.57515151515153,103.1966,Low Value Customers
17732.0,373,8,2470.39,17.645642857142857,141.16514285714285,140.1665,Low Value Customers
17733.0,39,2,692.19,19.776857142857143,39.553714285714285,40.354744,Low Value Customers
17734.0,54,6,1442.32,16.771162790697673,100.62697674418604,98.9329,Low Value Customers
17735.0,2,26,17244.93,19.246573660714287,500.41091517857143,559.19,Low Value Customers
17736.0,9,3,377.44,15.0976,45.2928,44.449245,Low Value Customers
17737.0,9,2,168.24,16.824,33.648,33.131405,Low Value Customers
17738.0,19,13,4183.56,18.18939130434783,236.46208695652177,238.64137,Low Value Customers
17739.0,12,18,7730.59,51.88315436241611,933.89677852349,952.5571,Medium Value Customers
17740.0,389,6,426.9,47.43333333333333,284.59999999999997,247.33278,Low Value Customers
17741.0,407,2,101.1,16.849999999999998,33.699999999999996,31.912325,Low Value Customers
17742.0,113,11,2098.48,24.688,271.568,239.0234,Low Value Customers
17743.0,448,1,229.2,76.39999999999999,76.39999999999999,70.81974,Low Value Customers
17744.0,4,7,2649.14,17.543973509933775,122.80781456953642,130.28462,Low Value Customers
17745.0,478,2,600.34,21.440714285714286,42.88142857142857,41.749683,Low Value Customers
17746.0,240,4,904.1800000000001,25.116111111111113,100.46444444444445,90.33738,Low Value Customers
17747.0,113,1,71.4,71.4,71.4,74.81556,Low Value Customers
17748.0,527,1,358.15,21.06764705882353,21.06764705882353,25.368599,Low Value Customers
17749.0,178,3,1026.18,18.003157894736844,54.00947368421053,52.599064,Low Value Customers
17750.0,5,9,1797.57,9.313834196891191,83.82450777202072,85.81131,Low Value Customers
17751.0,421,1,157.85999999999999,4.9331249999999995,4.9331249999999995,-1.9597542,Low Value Customers
17752.0,359,1,80.64,80.64,80.64,82.79563,Low Value Customers
17753.0,464,4,390.56,5.424444444444444,21.697777777777777,30.330898,Low Value Customers
17754.0,1,13,4577.53,20.07688596491228,260.9995175438596,254.72194,Low Value Customers
17756.0,376,3,733.7,8.631764705882354,25.89529411764706,24.674368,Low Value Customers
17757.0,1,56,9422.45,7.192709923664123,402.79175572519085,585.5834,Low Value Customers
17758.0,19,12,5012.53,9.351735074626864,112.22082089552237,116.570435,Low Value Customers
17759.0,17,5,1276.91,9.252971014492754,46.264855072463774,46.507133,Low Value Customers
17760.0,22,6,918.93,12.091184210526315,72.54710526315789,69.14956,Low Value Customers
17761.0,33,1,712.78,37.514736842105265,37.514736842105265,57.959995,Low Value Customers
17762.0,456,1,129.75,7.632352941176471,7.632352941176471,0.6003758,Low Value Customers
17763.0,263,4,86.15,6.153571428571429,24.614285714285717,31.454075,Low Value Customers
17764.0,51,5,1623.64,10.211572327044026,51.05786163522013,49.63093,Low Value Customers
17765.0,159,4,530.8,6.395180722891566,25.580722891566264,31.920425,Low Value Customers
17766.0,381,2,299.61,13.618636363636364,27.237272727272728,25.664822,Low Value Customers
17767.0,15,2,413.05,10.591025641025642,21.182051282051283,20.008474,Low Value Customers
17768.0,8,7,3509.51,18.471105263157895,129.29773684210528,135.6427,Low Value Customers
17769.0,13,17,7103.08,12.018747884940778,204.31871404399323,188.94305,Low Value Customers
17770.0,199,5,1143.27,30.086052631578948,150.43026315789473,138.54956,Low Value Customers
17771.0,57,4,387.41,5.6146376811594205,22.458550724637682,28.402468,Low Value Customers
17772.0,11,3,384.77,3.6644761904761904,10.993428571428572,14.651586,Low Value Customers
17773.0,514,2,585.27,10.45125,20.9025,18.423065,Low Value Customers
17774.0,97,9,3328.05,8.11719512195122,73.05475609756098,82.32015,Low Value Customers
17775.0,255,1,56.4,18.8,18.8,22.595541,Low Value Customers
17776.0,387,2,338.56,4.0304761904761905,8.060952380952381,9.414598,Low Value Customers
17777.0,25,3,665.86,3.4322680412371134,10.29680412371134,17.46793,Low Value Customers
17778.0,662,1,197.70000000000002,19.770000000000003,19.770000000000003,22.253885,Low Value Customers
17779.0,21,3,658.57,8.031341463414634,24.094024390243902,23.967852,Low Value Customers
17780.0,667,3,352.91,4.356913580246914,13.070740740740742,19.51956,Low Value Customers
17781.0,159,2,188.02,15.668333333333335,31.33666666666667,27.623163,Low Value Customers
17782.0,383,2,679.02,23.41448275862069,46.82896551724138,48.0657,Low Value Customers
17783.0,72,3,379.91,4.12945652173913,12.388369565217392,19.047993,Low Value Customers
17784.0,550,1,112.86,4.90695652173913,4.90695652173913,-1.9597542,Low Value Customers
17785.0,53,3,403.38,7.909411764705882,23.728235294117646,23.259092,Low Value Customers
17786.0,85,2,278.74,3.871388888888889,7.742777777777778,8.897328,Low Value Customers
17787.0,153,4,2601.4700000000003,15.76648484848485,63.0659393939394,65.80337,Low Value Customers
17788.0,74,2,1117.9,223.58,447.16,378.56467,Low Value Customers
17789.0,281,2,397.15,13.694827586206896,27.389655172413793,27.658642,Low Value Customers
17790.0,27,20,2783.61,9.156611842105264,183.13223684210527,193.94865,Low Value Customers
17791.0,30,1,106.1,10.61,10.61,9.743561,Low Value Customers
17792.0,467,2,370.05,6.9820754716981135,13.964150943396227,11.270952,Low Value Customers
17793.0,25,1,323.04,5.5696551724137935,5.5696551724137935,-3.4833622,Low Value Customers
17794.0,687,2,147.3,21.042857142857144,42.08571428571429,37.63509,Low Value Customers
17795.0,180,2,350.39,7.617173913043478,15.234347826086957,11.749999,Low Value Customers
17796.0,40,7,1361.99,6.053288888888889,42.373022222222225,51.687893,Low Value Customers
17797.0,22,8,1985.87,7.221345454545454,57.77076363636363,72.473465,Low Value Customers
17798.0,582,1,183.09,3.736530612244898,3.736530612244898,-1.4922074,Low Value Customers
17799.0,22,20,6341.89,6.8486933045356375,136.97386609071276,158.91406,Low Value Customers
17800.0,37,9,1199.01,11.528942307692308,103.76048076923077,105.21719,Low Value Customers
17801.0,451,3,798.3299999999999,9.392117647058823,28.176352941176468,30.560535,Low Value Customers
17802.0,82,10,5053.12,9.35762962962963,93.57629629629629,96.3304,Low Value Customers
17803.0,392,1,184.66,6.839259259259259,6.839259259259259,0.12133007,Low Value Customers
17804.0,376,3,385.23,4.187282608695653,12.561847826086957,19.80807,Low Value Customers
17805.0,74,2,927.03,84.27545454545454,168.55090909090907,187.78549,Low Value Customers
17806.0,11,1,546.04,12.698604651162789,12.698604651162789,11.841876,Low Value Customers
17807.0,395,3,437.87,4.9198876404494385,14.759662921348315,21.06295,Low Value Customers
17808.0,549,4,262.64,7.958787878787878,31.835151515151512,33.48527,Low Value Customers
17809.0,16,20,11337.39,101.22669642857143,2024.5339285714285,1828.9121,Medium Value Customers
17810.0,669,2,374.81,6.693035714285714,13.386071428571428,10.619083,Low Value Customers
17811.0,4,47,9609.8,8.130118443316412,382.1155668358714,414.2341,Low Value Customers
17812.0,13,7,1165.8899999999999,5.00381974248927,35.02673819742489,46.50888,Low Value Customers
17813.0,14,5,1770.8799999999999,4.773261455525606,23.86630727762803,23.47397,Low Value Customers
17814.0,375,2,1617.32,11.077534246575341,22.155068493150683,16.798803,Low Value Customers
17815.0,393,1,591.96,45.535384615384615,45.535384615384615,62.275417,Low Value Customers
17816.0,37,6,112.32,2.042181818181818,12.253090909090908,45.46235,Low Value Customers
17817.0,4,6,807.85,5.853985507246377,35.12391304347826,40.616016,Low Value Customers
17818.0,738,1,130.18,2.83,2.83,-1.4922074,Low Value Customers
17819.0,72,12,6612.5199999999995,65.47049504950495,785.6459405940593,956.79144,Medium Value Customers
17820.0,374,1,183.56,4.37047619047619,4.37047619047619,-1.4922074,Low Value Customers
17821.0,406,1,334.62,55.77,55.77,56.90606,Low Value Customers
17822.0,420,5,2188.5,12.434659090909092,62.17329545454546,67.133766,Low Value Customers
17823.0,421,2,494.25,4.493181818181818,8.986363636363636,8.166555,Low Value Customers
17824.0,51,1,298.4,22.95384615384615,22.95384615384615,30.786308,Low Value Customers
17825.0,599,4,731.96,26.141428571428573,104.5657142857143,91.679565,Low Value Customers
17826.0,374,1,134.59,3.958529411764706,3.958529411764706,-1.4922074,Low Value Customers
17827.0,5,6,2388.05,8.291840277777778,49.751041666666666,47.40585,Low Value Customers
17828.0,23,4,1820.09,27.1655223880597,108.6620895522388,109.32444,Low Value Customers
17829.0,299,5,4756.74,27.817192982456138,139.0859649122807,135.92143,Low Value Customers
17830.0,2,3,398.7,17.33478260869565,52.004347826086956,50.020924,Low Value Customers
17831.0,33,1,35.400000000000006,17.700000000000003,17.700000000000003,19.644775,Low Value Customers
17832.0,50,1,155.37,2.547049180327869,2.547049180327869,-2.2129338,Low Value Customers
17833.0,723,1,342.36,10.69875,10.69875,9.491054,Low Value Customers
17834.0,415,2,730.47,12.38084745762712,24.76169491525424,26.504745,Low Value Customers
17835.0,3,3,350.64,5.7481967213114755,17.244590163934426,16.491709,Low Value Customers
17836.0,47,1,110.21000000000001,4.592083333333334,4.592083333333334,-2.68048,Low Value Customers
17837.0,42,8,1593.38,9.42828402366864,75.42627218934912,81.669395,Low Value Customers
17838.0,27,13,6722.900000000001,21.827597402597405,283.75876623376627,282.90225,Low Value Customers
17839.0,42,1,338.8,6.05,6.05,-2.0250287,Low Value Customers
17840.0,444,1,185.72,3.3767272727272726,3.3767272727272726,-1.4922074,Low Value Customers
17841.0,2,211,70884.07,5.499152055857254,1160.3210837858808,1176.63,Medium Value Customers
17842.0,602,1,430.69,23.927222222222223,23.927222222222223,28.950918,Low Value Customers
17843.0,303,2,326.23,5.09734375,10.1946875,9.189857,Low Value Customers
17844.0,107,1,51.559999999999995,10.312,10.312,7.373215,Low Value Customers
17845.0,555,4,598.19,12.462291666666667,49.84916666666667,46.618656,Low Value Customers
17846.0,85,1,2033.1,2033.1,2033.1,2118.7947,High Value Customers
17847.0,516,2,129.69,14.41,28.82,27.536913,Low Value Customers
17848.0,81,30,3650.9,21.73154761904762,651.9464285714287,617.09174,Low Value Customers
17849.0,218,8,1063.76,21.275199999999998,170.20159999999998,149.843,Low Value Customers
17850.0,372,155,56600.08,20.243233190271816,3137.7011444921313,3132.4456,High Value Customers
17851.0,422,6,1563.34,6.596371308016877,39.578227848101264,54.072384,Low Value Customers
17852.0,12,5,663.21,6.029181818181819,30.145909090909093,31.63864,Low Value Customers
17853.0,407,3,1608.19,15.171603773584906,45.51481132075472,48.959553,Low Value Customers
17854.0,185,6,1071.45,8.92875,53.572500000000005,59.15501,Low Value Customers
17855.0,373,1,417.94,12.292352941176471,12.292352941176471,10.906641,Low Value Customers
17856.0,2,4,1418.03,94.53533333333333,378.1413333333333,443.62674,Low Value Customers
17857.0,4,24,28682.24,478.0373333333334,11472.896,11666.346,Premium Customers
17858.0,6,30,12797.65,32.39911392405063,971.9734177215189,1025.2279,Medium Value Customers
17859.0,305,1,148.21,5.9284,5.9284,-1.0900865,Low Value Customers
17860.0,369,4,1015.54,4.3773275862068965,17.509310344827586,25.423002,Low Value Customers
17861.0,3,18,5127.69,9.027623239436618,162.49721830985914,206.23293,Low Value Customers
17862.0,324,4,1279.09,12.540098039215685,50.16039215686274,51.669968,Low Value Customers
17863.0,59,12,5745.2,20.815942028985507,249.7913043478261,245.78088,Low Value Customers
17864.0,13,5,924.32,6.374620689655173,31.873103448275867,31.936592,Low Value Customers
17865.0,31,46,26374.39,25.90804518664047,1191.7700785854618,1095.2637,Medium Value Customers
17866.0,143,3,1134.95,43.651923076923076,130.95576923076922,122.63584,Low Value Customers
17867.0,30,15,1621.2800000000002,11.498439716312058,172.47659574468088,154.5234,Low Value Customers
17868.0,386,1,234.65,12.35,12.35,10.784911,Low Value Customers
17869.0,107,7,1036.16,10.573061224489797,74.01142857142858,74.05976,Low Value Customers
17870.0,2,13,3108.15,11.021808510638298,143.28351063829788,145.3416,Low Value Customers
17871.0,205,5,1118.99,13.164588235294119,65.8229411764706,67.104416,Low Value Customers
17872.0,382,1,235.87,15.724666666666668,15.724666666666668,14.732541,Low Value Customers
17873.0,80,18,6515.88,36.40156424581006,655.228156424581,679.60913,Low Value Customers
17874.0,185,6,683.46,14.857826086956523,89.14695652173914,87.17571,Low Value Customers
17875.0,688,1,167.1,6.426923076923076,6.426923076923076,-0.24202144,Low Value Customers
17876.0,400,3,3424.02,856.005,2568.015,2671.9421,High Value Customers
17877.0,170,1,237.61,19.800833333333333,19.800833333333333,23.137209,Low Value Customers
17878.0,44,3,1412.33,16.61564705882353,49.846941176470594,53.45151,Low Value Customers
17879.0,174,1,178.51999999999998,29.75333333333333,29.75333333333333,34.48583,Low Value Customers
17880.0,365,3,824.9200000000001,18.331555555555557,54.994666666666674,52.259487,Low Value Customers
17881.0,304,1,133.35000000000002,16.668750000000003,16.668750000000003,18.393988,Low Value Customers
17882.0,379,2,313.46,5.597499999999999,11.194999999999999,8.98687,Low Value Customers
17883.0,3,7,995.85,5.658238636363636,39.607670454545456,46.20668,Low Value Customers
17884.0,4,20,3072.89,6.375290456431535,127.5058091286307,139.63765,Low Value Customers
17885.0,12,1,190.19,2.97171875,2.97171875,-6.171211,Low Value Customers
17886.0,32,6,1608.38,9.190742857142858,55.14445714285715,61.79484,Low Value Customers
17887.0,129,1,111.35,11.135,11.135,9.243102,Low Value Customers
17888.0,21,25,1820.44,11.168343558282208,279.2085889570552,251.8787,Low Value Customers
17889.0,212,7,774.87,6.351393442622951,44.459754098360655,60.989674,Low Value Customers
17890.0,323,2,602.09,6.405212765957447,12.810425531914895,10.273767,Low Value Customers
17891.0,162,1,203.85999999999999,5.995882352941176,5.995882352941176,-1.2182345,Low Value Customers
17892.0,56,3,244.1,8.717857142857143,26.153571428571432,25.00558,Low Value Customers
17893.0,225,1,112.25,7.015625,7.015625,1.1672522,Low Value Customers
17894.0,72,18,2453.38,5.813696682464455,104.64654028436019,142.93628,Low Value Customers
17895.0,44,1,98.0,6.125,6.125,-1.8108108,Low Value Customers
17896.0,23,1,256.32,128.16,128.16,137.80534,Low Value Customers
17897.0,173,9,2585.0,7.471098265895954,67.23988439306359,76.21824,Low Value Customers
17898.0,85,4,299.18,5.9836,23.9344,30.47978,Low Value Customers
17899.0,159,1,155.8,4.86875,4.86875,-2.087903,Low Value Customers
17900.0,190,2,112.19999999999999,18.7,37.4,33.42949,Low Value Customers
17901.0,29,3,260.08,11.82181818181818,35.46545454545454,37.52255,Low Value Customers
17902.0,547,1,216.39999999999998,9.016666666666666,9.016666666666666,5.0021243,Low Value Customers
17903.0,394,1,381.09000000000003,8.468666666666667,8.468666666666667,0.38615853,Low Value Customers
17904.0,21,1,191.67,5.043947368421052,5.043947368421052,-2.9428468,Low Value Customers
17905.0,71,13,2383.52,13.938713450292397,181.20327485380116,171.80688,Low Value Customers
17906.0,247,1,72.9,6.075,6.075,-1.0900865,Low Value Customers
17907.0,641,1,291.76,22.443076923076923,22.443076923076923,25.046345,Low Value Customers
17908.0,374,5,1411.54,5.095812274368231,25.479061371841155,33.55947,Low Value Customers
17909.0,737,1,132.55,14.72777777777778,14.72777777777778,14.732541,Low Value Customers
17910.0,726,1,261.7,10.065384615384614,10.065384615384614,6.885438,Low Value Customers
17911.0,9,1,366.23,9.390512820512821,9.390512820512821,2.2287412,Low Value Customers
17912.0,310,6,375.5,7.221153846153846,43.32692307692307,56.777046,Low Value Customers
17913.0,59,14,3479.64,7.310168067226891,102.34235294117647,102.415825,Low Value Customers
17914.0,4,1,336.43,4.205375,4.205375,-7.675307,Low Value Customers
17915.0,551,1,242.13,6.918,6.918,0.12133007,Low Value Customers
17916.0,629,2,43.87,2.3089473684210526,4.617894736842105,9.87162,Low Value Customers
17917.0,45,3,341.28,3.63063829787234,10.89191489361702,19.357111,Low Value Customers
17918.0,501,3,396.39,9.909749999999999,29.729249999999997,30.244095,Low Value Customers
17919.0,88,2,1840.32,46.007999999999996,92.01599999999999,87.21593,Low Value Customers
17920.0,4,54,24516.46,13.59759290072102,734.2700166389351,789.2398,Medium Value Customers
17921.0,64,10,2423.5,6.585597826086956,65.85597826086956,65.84337,Low Value Customers
17922.0,543,1,170.4,21.3,21.3,22.509687,Low Value Customers
17923.0,282,3,497.0,165.66666666666666,497.0,464.04788,Low Value Customers
17924.0,12,8,3536.7000000000003,101.04857142857144,808.3885714285715,806.28876,Medium Value Customers
17925.0,373,1,488.16,244.08,244.08,277.68454,Low Value Customers
17926.0,133,5,1035.49,23.533863636363638,117.66931818181818,110.74167,Low Value Customers
17927.0,722,1,294.0,29.4,29.4,32.654865,Low Value Customers
17928.0,45,3,341.24,12.638518518518518,37.91555555555556,35.39777,Low Value Customers
17929.0,11,12,3082.1,205.47333333333333,2465.68,1767.7438,Medium Value Customers
17930.0,36,13,4275.22,49.140459770114944,638.8259770114943,581.831,Low Value Customers
17931.0,134,14,3437.29,9.628263305322129,134.79568627450982,146.98555,Low Value Customers
17932.0,29,3,1331.57,14.795222222222222,44.385666666666665,50.39083,Low Value Customers
17933.0,632,1,114.69,8.192142857142857,8.192142857142857,0.6003758,Low Value Customers
17934.0,52,3,1049.15,25.589024390243903,76.7670731707317,77.33979,Low Value Customers
17935.0,138,7,686.14,10.7209375,75.0465625,76.30413,Low Value Customers
17936.0,5,1,389.84,5.062857142857142,5.062857142857142,-6.189396,Low Value Customers
17937.0,9,7,4301.22,100.02837209302326,700.1986046511629,694.3293,Low Value Customers
17938.0,420,1,144.29,4.97551724137931,4.97551724137931,-1.9597542,Low Value Customers
17939.0,160,1,99.14,8.261666666666667,8.261666666666667,0.4722277,Low Value Customers
17940.0,49,16,30393.19,844.2552777777778,13508.084444444445,13499.428,Premium Customers
17941.0,131,4,1433.28,204.75428571428571,819.0171428571429,740.3734,Medium Value Customers
17942.0,8,1,77.50000000000001,38.75000000000001,38.75000000000001,73.77136,Low Value Customers
17944.0,423,1,75.41,2.900384615384615,2.900384615384615,-1.4922074,Low Value Customers
17945.0,697,3,360.35,5.004861111111111,15.014583333333334,20.77444,Low Value Customers
17946.0,233,2,149.57999999999998,7.478999999999999,14.957999999999998,11.485169,Low Value Customers
17947.0,37,1,176.68,19.63111111111111,19.63111111111111,22.875704,Low Value Customers
17948.0,147,1,358.56000000000006,358.56000000000006,358.56000000000006,409.4289,Low Value Customers
17949.0,1,118,118628.08,755.5928662420382,89159.95821656051,89440.37,Premium Customers
17950.0,72,7,1432.81,6.955388349514563,48.68771844660194,60.175293,Low Value Customers
17951.0,40,4,1636.0800000000002,49.578181818181825,198.3127272727273,180.14096,Low Value Customers
17952.0,378,4,819.61,7.880865384615385,31.52346153846154,34.287987,Low Value Customers
17953.0,540,1,160.82,7.658095238095238,7.658095238095238,0.6003758,Low Value Customers
17954.0,5,19,3966.05,5.144033722438392,97.73664072632945,126.39593,Low Value Customers
17955.0,199,6,949.9,43.17727272727273,259.06363636363636,219.11227,Low Value Customers
17956.0,249,1,12.75,12.75,12.75,12.237051,Low Value Customers
17957.0,66,1,111.68,3.6025806451612907,3.6025806451612907,-2.2129338,Low Value Customers
17958.0,117,2,973.88,27.052222222222223,54.10444444444445,57.151768,Low Value Customers
17959.0,592,1,140.75,70.375,70.375,68.785164,Low Value Customers
17960.0,171,3,135.08,3.6508108108108113,10.952432432432435,20.629026,Low Value Customers
17961.0,21,100,2995.54,4.53869696969697,453.869696969697,464.67615,Low Value Customers
17962.0,142,4,687.42,3.4370999999999996,13.748399999999998,28.226774,Low Value Customers
17963.0,471,4,651.51,5.817053571428572,23.268214285714286,32.15152,Low Value Customers
17964.0,32,2,733.46,5.276690647482015,10.55338129496403,7.3580084,Low Value Customers
17965.0,38,29,7240.9800000000005,8.46898245614035,245.60049122807018,284.2691,Low Value Customers
17966.0,38,10,1974.42,17.31947368421053,173.19473684210527,156.3424,Low Value Customers
17967.0,372,2,357.28999999999996,3.1068695652173908,6.2137391304347815,8.660852,Low Value Customers
17968.0,374,4,888.04,4.036545454545454,16.146181818181816,25.423002,Low Value Customers
17969.0,166,20,2369.94,11.448985507246377,228.97971014492754,227.8629,Low Value Customers
17970.0,211,1,582.59,18.793225806451613,18.793225806451613,23.591568,Low Value Customers
17971.0,548,1,161.94,7.711428571428572,7.711428571428572,0.6003758,Low Value Customers
17972.0,242,1,136.04,4.388387096774193,4.388387096774193,-1.4922074,Low Value Customers
17973.0,52,1,337.04,22.469333333333335,22.469333333333335,28.85142,Low Value Customers
17974.0,25,6,1858.06,4.610570719602977,27.663424317617864,32.54868,Low Value Customers
17975.0,15,24,7028.83,14.673966597077245,352.17519832985386,348.9646,Low Value Customers
17976.0,372,1,706.38,5.433692307692308,5.433692307692308,-4.434874,Low Value Customers
17977.0,29,2,1565.6299999999999,14.496574074074074,28.993148148148148,27.404156,Low Value Customers
17978.0,365,4,1461.76,18.272,73.088,71.61906,Low Value Customers
17979.0,36,4,757.71,5.189794520547945,20.75917808219178,26.973846,Low Value Customers
17980.0,166,4,1033.42,15.657878787878788,62.63151515151515,60.066544,Low Value Customers
17981.0,411,1,239.12,14.065882352941177,14.065882352941177,14.478793,Low Value Customers
17982.0,681,1,138.18,10.62923076923077,10.62923076923077,8.114136,Low Value Customers
17983.0,395,1,171.71,7.154583333333334,7.154583333333334,0.12133007,Low Value Customers
17984.0,145,5,1191.27,4.74609561752988,23.730478087649402,35.474236,Low Value Customers
17985.0,22,1,634.95,27.606521739130436,27.606521739130436,47.723736,Low Value Customers
17986.0,56,1,20.8,20.8,20.8,23.708145,Low Value Customers
17987.0,185,5,1003.64,5.638426966292135,28.192134831460677,36.52137,Low Value Customers
17988.0,12,14,489.54,3.98,55.72,81.75755,Low Value Customers
17989.0,379,1,228.82999999999998,6.730294117647058,6.730294117647058,-0.24202144,Low Value Customers
17990.0,237,6,1527.6100000000001,26.800175438596494,160.80105263157895,137.44206,Low Value Customers
17991.0,225,3,320.55,8.01375,24.041249999999998,23.623081,Low Value Customers
17992.0,389,1,254.13,4.794905660377358,4.794905660377358,-1.9597542,Low Value Customers
17993.0,617,1,235.19,3.67484375,3.67484375,-1.4922074,Low Value Customers
17994.0,122,11,2313.32,7.367261146496816,81.03987261146497,97.69373,Low Value Customers
17995.0,282,3,495.48,17.08551724137931,51.256551724137935,47.6326,Low Value Customers
17996.0,380,3,482.33,7.1989552238805965,21.59686567164179,23.265762,Low Value Customers
17997.0,74,8,1970.6699999999998,11.871506024096385,94.97204819277108,96.69727,Low Value Customers
17998.0,380,3,639.24,11.021379310344829,33.06413793103449,34.549225,Low Value Customers
17999.0,37,3,730.9,4.152840909090909,12.458522727272726,17.64904,Low Value Customers
18000.0,564,1,124.25,20.708333333333332,20.708333333333332,24.130678,Low Value Customers
18001.0,12,6,953.84,6.813142857142857,40.87885714285714,46.874645,Low Value Customers
18002.0,376,4,249.92,4.628148148148148,18.512592592592593,30.584408,Low Value Customers
18003.0,376,1,358.61,14.3444,14.3444,14.478793,Low Value Customers
18004.0,362,1,169.47,4.23675,4.23675,-1.4922074,Low Value Customers
18005.0,4,2,249.72,4.162,8.324,4.0435586,Low Value Customers
18006.0,23,4,997.86,15.351692307692307,61.40676923076923,61.156868,Low Value Customers
18007.0,393,1,220.32,4.32,4.32,-1.4922074,Low Value Customers
18008.0,70,23,19787.13,193.9914705882353,4461.803823529412,4282.937,High Value Customers
18009.0,235,8,2155.83,11.910662983425414,95.28530386740331,99.06548,Low Value Customers
18010.0,257,1,174.8,12.485714285714286,12.485714285714286,10.784911,Low Value Customers
18011.0,373,2,527.03,5.666989247311828,11.333978494623656,8.98687,Low Value Customers
18012.0,723,1,115.3,8.86923076923077,8.86923076923077,2.254375,Low Value Customers
18013.0,155,2,187.29,6.041612903225806,12.083225806451612,10.106244,Low Value Customers
18014.0,28,1,166.42,5.200625,5.200625,-2.9930067,Low Value Customers
18015.0,4,1,120.03,2.6093478260869567,2.6093478260869567,-7.4897017,Low Value Customers
18016.0,32,7,1960.46,11.532117647058824,80.72482352941176,83.09218,Low Value Customers
18017.0,81,4,688.0,172.0,688.0,668.10767,Low Value Customers
18018.0,108,4,297.99,6.7725,27.09,32.354763,Low Value Customers
18019.0,52,1,38.45,7.69,7.69,0.1540094,Low Value Customers
18020.0,544,1,190.48000000000002,15.873333333333335,15.873333333333335,14.732541,Low Value Customers
18021.0,510,2,227.06,6.880606060606061,13.761212121212122,11.485169,Low Value Customers
18022.0,36,5,1651.79,3.3302217741935483,16.65110887096774,26.516228,Low Value Customers
18024.0,153,2,389.78,18.56095238095238,37.12190476190476,34.548637,Low Value Customers
18025.0,380,6,1177.72,10.515357142857143,63.09214285714286,71.163124,Low Value Customers
18026.0,501,2,2074.07,122.00411764705883,244.00823529411767,250.15126,Low Value Customers
18027.0,99,1,115.31,5.490952380952381,5.490952380952381,-2.5750623,Low Value Customers
18028.0,583,1,192.05,48.0125,48.0125,53.281677,Low Value Customers
18029.0,642,1,433.77,24.098333333333333,24.098333333333333,28.105408,Low Value Customers
18030.0,4,2,230.64999999999998,25.627777777777776,51.25555555555555,62.160946,Low Value Customers
18031.0,379,1,462.09999999999997,7.109230769230769,7.109230769230769,0.028841848,Low Value Customers
18032.0,334,1,73.5,14.7,14.7,14.732541,Low Value Customers
18033.0,65,1,97.97,2.881470588235294,2.881470588235294,-2.2129338,Low Value Customers
18034.0,22,3,793.7,3.5275555555555558,10.582666666666668,16.381042,Low Value Customers
18035.0,36,5,1276.74,20.93016393442623,104.65081967213115,102.009026,Low Value Customers
18036.0,32,11,1563.6399999999999,4.709759036144578,51.80734939759036,70.93068,Low Value Customers
18037.0,154,15,167.42,5.073333333333333,76.1,108.40394,Low Value Customers
18038.0,556,1,149.41,4.6690625,4.6690625,-1.9597542,Low Value Customers
18039.0,374,4,579.17,3.4474404761904758,13.789761904761903,28.01781,Low Value Customers
18040.0,19,2,357.20000000000005,18.8,37.6,41.033504,Low Value Customers
18041.0,12,38,8752.38,9.1170625,346.448375,339.51468,Low Value Customers
18042.0,54,2,281.15,17.571875,35.14375,32.397236,Low Value Customers
18043.0,25,3,875.97,4.684331550802139,14.052994652406419,16.882994,Low Value Customers
18044.0,4,18,3505.61,17.52805,315.5049,318.82886,Low Value Customers
18045.0,45,1,189.4,4.029787234042553,4.029787234042553,-2.484351,Low Value Customers
18046.0,650,1,189.63,7.293461538461538,7.293461538461538,0.12133007,Low Value Customers
18047.0,381,2,342.69,3.8942045454545453,7.788409090909091,9.414598,Low Value Customers
18048.0,203,3,401.73,6.585737704918033,19.7572131147541,22.780684,Low Value Customers
18049.0,437,2,556.52,5.858105263157895,11.71621052631579,8.98687,Low Value Customers
18050.0,359,2,412.06,17.915652173913042,35.831304347826084,33.99776,Low Value Customers
18051.0,634,7,2282.28,41.496,290.47200000000004,271.3905,Low Value Customers
18052.0,565,1,10877.18,679.82375,679.82375,946.2028,Medium Value Customers
18053.0,71,3,571.07,17.8459375,53.5378125,49.110622,Low Value Customers
18054.0,393,1,176.5,16.045454545454547,16.045454545454547,16.614649,Low Value Customers
18055.0,7,14,11195.57,19.170496575342465,268.3869520547945,260.13327,Low Value Customers
18056.0,288,2,554.6,18.486666666666668,36.973333333333336,34.837864,Low Value Customers
18057.0,393,3,1203.56,8.596857142857143,25.79057142857143,30.305286,Low Value Customers
18058.0,10,3,774.06,48.37875,145.13625,172.48961,Low Value Customers
18059.0,23,3,306.46,17.025555555555556,51.07666666666667,49.44528,Low Value Customers
18060.0,408,2,1185.46,15.806133333333333,31.612266666666667,35.288338,Low Value Customers
18061.0,22,28,6488.97,50.695078125,1419.4621875,1307.9451,Medium Value Customers
18062.0,173,6,1632.67,30.23462962962963,181.40777777777777,170.70822,Low Value Customers
18063.0,391,2,186.60000000000002,62.20000000000001,124.40000000000002,101.23374,Low Value Customers
18064.0,133,11,4495.03,69.15430769230768,760.6973846153845,715.77515,Medium Value Customers
18065.0,6,29,5866.63,18.924612903225807,548.8137741935484,519.7237,Low Value Customers
18066.0,75,3,1440.4,27.17735849056604,81.53207547169812,78.926414,Low Value Customers
18067.0,40,1,396.33,10.711621621621621,10.711621621621621,9.166418,Low Value Customers
18068.0,289,1,101.69999999999999,101.69999999999999,101.69999999999999,100.0836,Low Value Customers
18069.0,26,11,4540.56,4.549659318637275,50.046252505010024,61.912895,Low Value Customers
18070.0,669,1,314.1,34.900000000000006,34.900000000000006,38.77264,Low Value Customers
18071.0,258,6,1428.63,16.807411764705883,100.8444705882353,103.276024,Low Value Customers
18072.0,186,1,247.44,13.746666666666666,13.746666666666666,14.350645,Low Value Customers
18073.0,114,12,3877.5200000000004,53.11671232876713,637.4005479452055,614.12854,Low Value Customers
18074.0,374,2,1509.04,26.947142857142858,53.894285714285715,49.316387,Low Value Customers
18075.0,23,20,5783.29,17.904922600619194,358.09845201238386,365.33563,Low Value Customers
18076.0,380,1,151.49,18.93625,18.93625,22.595541,Low Value Customers
18077.0,8,18,4338.56,11.508116710875333,207.14610079575598,221.549,Low Value Customers
18078.0,217,4,844.6,10.96883116883117,43.87532467532468,44.5434,Low Value Customers
18079.0,45,5,4242.75,30.305357142857144,151.52678571428572,180.28835,Low Value Customers
18080.0,19,2,1231.5,615.75,1231.5,1162.9785,Medium Value Customers
18081.0,36,3,343.45,20.20294117647059,60.608823529411765,55.183796,Low Value Customers
18082.0,26,1,703.37,9.635205479452054,9.635205479452054,4.198175,Low Value Customers
18083.0,398,1,470.72999999999996,11.207857142857142,11.207857142857142,9.777152,Low Value Customers
18084.0,16,3,812.93,101.61625,304.84875,324.45822,Low Value Customers
18085.0,330,4,1645.75,23.179577464788732,92.71830985915493,88.71447,Low Value Customers
18086.0,274,1,101.34,14.477142857142857,14.477142857142857,14.788214,Low Value Customers
18087.0,98,17,14761.519999999999,167.74454545454543,2851.6572727272724,2939.6792,High Value Customers
18088.0,61,1,167.67000000000002,4.299230769230769,4.299230769230769,-2.2129338,Low Value Customers
18089.0,447,1,428.45,42.845,42.845,57.659126,Low Value Customers
18090.0,422,1,349.4,5.823333333333333,5.823333333333333,-2.3769584,Low Value Customers
18091.0,593,1,360.85,14.434000000000001,14.434000000000001,14.478793,Low Value Customers
18092.0,2,18,16179.44,107.86293333333333,1941.5328,1883.0137,Medium Value Customers
18093.0,93,8,4452.71,72.99524590163935,583.9619672131148,531.64075,Low Value Customers
18094.0,82,13,6391.52,50.72634920634921,659.4425396825397,660.985,Low Value Customers
18095.0,313,5,2303.09,47.98104166666667,239.90520833333335,216.47542,Low Value Customers
18096.0,12,6,1805.28,4.121643835616438,24.729863013698626,29.619097,Low Value Customers
18097.0,8,11,4663.32,29.514683544303796,324.66151898734176,330.57175,Low Value Customers
18098.0,396,1,550.84,6.259545454545455,6.259545454545455,-0.45623863,Low Value Customers
18099.0,127,1,168.31,8.858421052631579,8.858421052631579,1.8420547,Low Value Customers
18100.0,550,1,451.56,15.052,15.052,14.854271,Low Value Customers
18101.0,11,5,629.16,5.6175,28.0875,29.960806,Low Value Customers
18102.0,1,145,608821.65,575.4457939508507,83439.64012287334,83356.75,Premium Customers
18103.0,549,1,105.8,10.58,10.58,8.114136,Low Value Customers
18104.0,37,1,754.64,19.858947368421052,19.858947368421052,27.520857,Low Value Customers
18105.0,38,1,113.48000000000002,6.304444444444446,6.304444444444446,-0.96274674,Low Value Customers
18106.0,330,6,1461.46,7.456428571428572,44.73857142857143,56.41643,Low Value Customers
18107.0,442,1,167.13,4.285384615384615,4.285384615384615,-1.4922074,Low Value Customers
18108.0,254,3,848.8100000000001,18.059787234042556,54.179361702127665,51.419384,Low Value Customers
18109.0,2,38,9893.96,14.72315476190476,559.4798809523809,525.54114,Low Value Customers
18110.0,20,2,435.43,5.183690476190476,10.367380952380952,7.6474514,Low Value Customers
18111.0,589,1,405.85,15.031481481481482,15.031481481481482,14.854271,Low Value Customers
18112.0,12,4,775.96,12.316825396825397,49.26730158730159,47.81133,Low Value Customers
18113.0,369,1,152.64000000000001,76.32000000000001,76.32000000000001,74.35413,Low Value Customers
18114.0,290,1,220.1,7.860714285714286,7.860714285714286,0.6003758,Low Value Customers
18115.0,698,1,9.700000000000001,3.233333333333334,3.233333333333334,-1.4922074,Low Value Customers
18116.0,68,13,2154.3,3.7531358885017423,48.79076655052265,76.080215,Low Value Customers
18117.0,26,1,320.72,4.334054054054055,4.334054054054055,-2.8591704,Low Value Customers
18118.0,11,29,6733.22,4.29962962962963,124.68925925925926,158.6904,Low Value Customers
18119.0,368,1,362.24,6.037333333333334,6.037333333333334,-1.3043036,Low Value Customers
18120.0,214,1,111.15,6.538235294117648,6.538235294117648,-0.37016958,Low Value Customers
18121.0,149,2,673.1,21.034375,42.06875,46.24221,Low Value Customers
18122.0,8,6,1826.21,5.0170604395604395,30.10236263736264,31.396088,Low Value Customers
18123.0,24,3,684.59,11.603220338983052,34.80966101694916,38.25804,Low Value Customers
18124.0,472,1,111.53,4.647083333333334,4.647083333333334,-1.9597542,Low Value Customers
18125.0,30,4,1142.99,5.831581632653061,23.326326530612246,28.408356,Low Value Customers
18126.0,61,1,206.82999999999998,3.693392857142857,3.693392857142857,-2.2129338,Low Value Customers
18127.0,19,4,561.53,8.138115942028985,32.55246376811594,31.334291,Low Value Customers
18128.0,537,1,420.04,9.334222222222223,9.334222222222223,4.9096355,Low Value Customers
18129.0,243,1,112.55000000000001,8.039285714285715,8.039285714285715,0.6003758,Low Value Customers
18130.0,15,3,1059.39,15.134142857142859,45.40242857142857,46.36304,Low Value Customers
18131.0,632,1,222.95999999999998,55.739999999999995,55.739999999999995,53.01019,Low Value Customers
18132.0,504,1,226.9,3.437878787878788,3.437878787878788,-1.4922074,Low Value Customers
18133.0,212,1,931.4999999999999,931.4999999999999,931.4999999999999,877.0366,Medium Value Customers
18134.0,598,2,445.0,15.892857142857142,31.785714285714285,30.606972,Low Value Customers
18135.0,29,10,1249.6200000000001,33.773513513513514,337.7351351351351,278.3452,Low Value Customers
18136.0,63,5,1631.3600000000001,18.53818181818182,92.69090909090909,85.31469,Low Value Customers
18137.0,551,2,145.99,5.034137931034483,10.068275862068965,9.404074,Low Value Customers
18138.0,295,1,152.65,19.08125,19.08125,22.595541,Low Value Customers
18139.0,18,6,8438.34,53.07132075471698,318.4279245283019,353.03745,Low Value Customers
18140.0,474,1,536.41,9.933518518518518,9.933518518518518,7.0071673,Low Value Customers
18141.0,402,2,882.47,21.011190476190478,42.022380952380956,45.731163,Low Value Customers
18142.0,157,2,1019.52,67.968,135.936,159.99046,Low Value Customers
18143.0,117,2,1000.16,16.396065573770493,32.792131147540985,32.52273,Low Value Customers
18144.0,8,19,5058.0,58.13793103448276,1104.6206896551726,1044.4657,Medium Value Customers
18145.0,13,11,5617.79,13.871086419753086,152.58195061728395,162.97975,Low Value Customers
18146.0,141,2,160.35000000000002,16.035000000000004,32.07000000000001,29.9655,Low Value Customers
18147.0,46,2,179.33999999999997,25.619999999999997,51.239999999999995,50.01739,Low Value Customers
18148.0,647,1,114.10000000000001,10.372727272727273,10.372727272727273,7.7855353,Low Value Customers
18149.0,51,7,1624.71,16.9240625,118.46843750000001,109.64731,Low Value Customers
18150.0,32,3,566.58,15.312972972972974,45.93891891891892,43.643806,Low Value Customers
18151.0,135,6,1879.44,17.730566037735848,106.38339622641509,104.67205,Low Value Customers
18152.0,646,1,426.69,42.669,42.669,52.866333,Low Value Customers
18153.0,659,1,246.22,14.483529411764707,14.483529411764707,14.788214,Low Value Customers
18154.0,3,5,932.6,19.842553191489362,99.2127659574468,93.89683,Low Value Customers
18155.0,75,3,371.62,14.8648,44.5944,42.903507,Low Value Customers
18156.0,13,2,941.1700000000001,4.8265128205128205,9.653025641025641,2.7269788,Low Value Customers
18157.0,571,1,215.35,8.282692307692308,8.282692307692308,0.6003758,Low Value Customers
18158.0,9,2,453.4,13.335294117647058,26.670588235294115,27.005638,Low Value Customers
18159.0,301,1,530.15,23.05,23.05,30.87133,Low Value Customers
18160.0,57,3,1003.88,15.444307692307692,46.33292307692308,44.843765,Low Value Customers
18161.0,15,6,1803.1000000000001,19.388172043010755,116.32903225806453,110.61478,Low Value Customers
18162.0,732,1,379.16,8.067234042553192,8.067234042553192,0.38615853,Low Value Customers
18163.0,584,1,728.84,22.086060606060606,22.086060606060606,31.443764,Low Value Customers
18164.0,37,1,399.65000000000003,16.652083333333334,16.652083333333334,18.79588,Low Value Customers
18165.0,177,1,302.46000000000004,30.246000000000002,30.246000000000002,37.105915,Low Value Customers
18166.0,624,1,175.5,17.55,17.55,19.364613,Low Value Customers
18167.0,23,3,1384.8600000000001,37.428648648648654,112.28594594594597,133.25523,Low Value Customers
18168.0,176,16,3770.27,9.332351485148514,149.31762376237623,158.55634,Low Value Customers
18169.0,61,1,202.65,22.516666666666666,22.516666666666666,28.53879,Low Value Customers
18170.0,33,9,2878.0,22.841269841269842,205.57142857142858,212.61998,Low Value Customers
18171.0,59,9,2437.31,26.4925,238.4325,207.95277,Low Value Customers
18172.0,15,52,17479.84,36.722352941176474,1909.5623529411766,1862.0023,Medium Value Customers
18173.0,87,5,2696.36,59.919111111111114,299.59555555555556,311.8613,Low Value Customers
18174.0,7,2,162.5,81.25,162.5,159.34705,Low Value Customers
18175.0,676,1,176.1,25.157142857142855,25.157142857142855,26.15463,Low Value Customers
18176.0,358,1,476.35,15.878333333333334,15.878333333333334,17.088625,Low Value Customers
18177.0,31,9,2216.87,22.168699999999998,199.51829999999998,191.83496,Low Value Customers
18178.0,129,11,6103.74,17.43925714285714,191.83182857142856,264.25186,Low Value Customers
18179.0,9,8,2547.55,23.372018348623854,186.97614678899083,182.37141,Low Value Customers
18180.0,5,6,1843.75,15.493697478991596,92.96218487394958,93.683075,Low Value Customers
18181.0,24,5,1205.94,6.626043956043956,33.13021978021978,34.675167,Low Value Customers
18182.0,463,1,291.13,29.113,29.113,36.523155,Low Value Customers
18183.0,227,2,632.07,17.082972972972975,34.16594594594595,32.884556,Low Value Customers
18184.0,15,1,49.8,49.8,49.8,88.37813,Low Value Customers
18185.0,249,1,304.25,17.897058823529413,17.897058823529413,20.357695,Low Value Customers
18186.0,723,1,329.58,29.96181818181818,29.96181818181818,31.215763,Low Value Customers
18187.0,632,1,724.89,15.101875,15.101875,17.07123,Low Value Customers
18188.0,15,6,3280.59,24.66609022556391,147.99654135338346,150.8013,Low Value Customers
18189.0,78,3,1403.73,16.322441860465116,48.96732558139534,51.426483,Low Value Customers
18190.0,192,5,745.62,17.752857142857142,88.7642857142857,81.63772,Low Value Customers
18191.0,262,2,529.4,35.29333333333333,70.58666666666666,71.38424,Low Value Customers
18192.0,72,1,957.97,21.288222222222224,21.288222222222224,31.302338,Low Value Customers
18193.0,165,3,1207.35,17.247857142857143,51.74357142857143,54.88252,Low Value Customers
18194.0,82,6,4162.04,148.6442857142857,891.8657142857141,918.0445,Medium Value Customers
18195.0,387,1,101.16,20.232,20.232,24.130678,Low Value Customers
18196.0,95,4,1464.31,5.211067615658362,20.84427046263345,24.64766,Low Value Customers
18197.0,576,1,230.1,25.566666666666666,25.566666666666666,28.294573,Low Value Customers
18198.0,4,17,5425.56,34.12301886792453,580.091320754717,520.2506,Low Value Customers
18199.0,684,1,344.75,17.2375,17.2375,18.45715,Low Value Customers
18200.0,106,1,163.8,5.11875,5.11875,-2.3720756,Low Value Customers
18201.0,723,1,447.53000000000003,16.575185185185187,16.575185185185187,18.515717,Low Value Customers
18202.0,200,3,1396.99,20.543970588235293,61.631911764705876,61.33649,Low Value Customers
18203.0,157,4,504.42,8.407,33.628,33.439507,Low Value Customers
18204.0,71,3,1993.7,9.9685,29.905500000000004,27.751314,Low Value Customers
18205.0,36,2,517.36,16.1675,32.335,30.49554,Low Value Customers
18206.0,553,1,314.65999999999997,16.561052631578946,16.561052631578946,18.393988,Low Value Customers
18207.0,499,1,544.47,17.563548387096777,17.563548387096777,19.486341,Low Value Customers
18208.0,566,1,360.08,21.181176470588234,21.181176470588234,25.368599,Low Value Customers
18209.0,29,1,139.10000000000002,17.387500000000003,17.387500000000003,21.411509,Low Value Customers
18210.0,2,7,2768.83,19.22798611111111,134.59590277777778,145.936,Low Value Customers
18211.0,26,5,600.07,14.287380952380953,71.43690476190477,66.423386,Low Value Customers
18212.0,326,2,546.72,9.940363636363637,19.880727272727274,18.371029,Low Value Customers
18213.0,237,1,232.48000000000002,15.498666666666669,15.498666666666669,14.732541,Low Value Customers
18214.0,531,4,1780.34,30.69551724137931,122.78206896551724,131.63013,Low Value Customers
18215.0,89,5,2247.4900000000002,24.972111111111115,124.86055555555558,133.79059,Low Value Customers
18216.0,31,1,481.75,18.528846153846153,18.528846153846153,22.25527,Low Value Customers
18217.0,29,4,945.04,23.625999999999998,94.50399999999999,93.47192,Low Value Customers
18218.0,211,4,1142.0,29.28205128205128,117.12820512820512,111.815704,Low Value Customers
18219.0,3,17,3562.89,17.551182266009853,298.3700985221675,266.29834,Low Value Customers
18220.0,227,6,1921.76,76.8704,461.2224,462.3837,Low Value Customers
18221.0,22,6,1424.94,16.96357142857143,101.78142857142859,100.819115,Low Value Customers
18222.0,93,1,443.0,23.31578947368421,23.31578947368421,33.280346,Low Value Customers
18223.0,5,26,14000.85,24.30703125,631.9828125,606.9801,Low Value Customers
18224.0,264,1,158.95000000000002,15.895000000000001,15.895000000000001,16.966896,Low Value Customers
18225.0,3,26,13054.26,22.54621761658031,586.2016580310881,635.80304,Low Value Customers
18226.0,44,26,11878.88,22.497878787878786,584.9448484848484,573.4452,Low Value Customers
18227.0,218,2,388.75,64.79166666666667,129.58333333333334,113.44488,Low Value Customers
18228.0,57,2,779.9,25.996666666666666,51.99333333333333,56.732143,Low Value Customers
18229.0,12,28,10803.710000000001,51.20241706161138,1433.6676777251187,1441.9309,Medium Value Customers
18230.0,9,9,4291.06,30.650428571428574,275.8538571428572,306.33954,Low Value Customers
18231.0,192,28,6880.97,17.87264935064935,500.4341818181818,488.32654,Low Value Customers
18232.0,82,4,592.97,16.026216216216216,64.10486486486487,60.400646,Low Value Customers
18233.0,326,1,440.0,440.0,440.0,381.57822,Low Value Customers
18234.0,552,1,179.6,5.986666666666666,5.986666666666666,-1.0900865,Low Value Customers
18235.0,72,3,1796.48,17.273846153846154,51.821538461538466,56.29767,Low Value Customers
18236.0,30,12,1795.3500000000001,18.319897959183674,219.83877551020407,185.40744,Low Value Customers
18237.0,3,5,987.1,16.181967213114753,80.90983606557376,76.52848,Low Value Customers
18238.0,515,1,270.92,19.351428571428574,19.351428571428574,22.595541,Low Value Customers
18239.0,219,6,2150.36,17.20288,103.21728,106.49792,Low Value Customers
18240.0,46,1,422.58,70.42999999999999,70.42999999999999,78.81531,Low Value Customers
18241.0,10,21,2986.9900000000002,18.786100628930818,394.5081132075472,375.5667,Low Value Customers
18242.0,72,8,3605.21,25.7515,206.012,201.02374,Low Value Customers
18243.0,414,1,515.78,19.837692307692308,19.837692307692308,25.254854,Low Value Customers
18244.0,431,2,568.64,29.928421052631577,59.856842105263155,60.187157,Low Value Customers
18245.0,7,20,6324.9800000000005,13.81,276.2,295.24878,Low Value Customers
18246.0,24,3,758.8199999999999,151.76399999999998,455.2919999999999,483.37732,Low Value Customers
18247.0,415,3,839.73,22.695405405405406,68.08621621621622,63.86615,Low Value Customers
18248.0,123,2,804.02,17.1068085106383,34.2136170212766,33.122383,Low Value Customers
18249.0,17,1,95.34,11.9175,11.9175,12.03046,Low Value Customers
18250.0,310,1,349.27,16.63190476190476,16.63190476190476,18.393988,Low Value Customers
18251.0,87,9,26278.86,243.3227777777778,2189.905,2313.665,High Value Customers
18252.0,51,7,1542.09,11.174565217391304,78.22195652173913,77.070145,Low Value Customers
18253.0,643,1,317.88,45.41142857142857,45.41142857142857,49.205654,Low Value Customers
18254.0,581,1,267.9,16.74375,16.74375,18.393988,Low Value Customers
18255.0,89,2,303.15,15.955263157894736,31.910526315789472,29.972322,Low Value Customers
18256.0,388,1,110.7,11.07,11.07,9.655422,Low Value Customers
18257.0,39,12,4600.15,16.667210144927534,200.0065217391304,205.67195,Low Value Customers
18258.0,464,6,2059.67,41.193400000000004,247.16040000000004,247.10735,Low Value Customers
18259.0,25,7,4318.200000000001,46.93695652173914,328.558695652174,352.1758,Low Value Customers
18260.0,173,23,9962.11,24.238710462287106,557.4903406326034,596.66956,Low Value Customers
18261.0,43,2,324.24,15.440000000000001,30.880000000000003,27.550644,Low Value Customers
18262.0,140,3,577.54,13.75095238095238,41.25285714285714,42.137993,Low Value Customers
18263.0,26,3,1213.1599999999999,19.887868852459015,59.663606557377044,65.87646,Low Value Customers
18264.0,499,1,603.25,16.756944444444443,16.756944444444443,16.173763,Low Value Customers
18265.0,72,2,801.51,17.424130434782608,34.848260869565216,34.063496,Low Value Customers
18266.0,434,1,251.1,17.935714285714287,17.935714285714287,20.357695,Low Value Customers
18267.0,673,1,269.37,15.84529411764706,15.84529411764706,14.732541,Low Value Customers
18268.0,134,6,1490.23,22.24223880597015,133.4534328358209,125.88317,Low Value Customers
18269.0,366,1,337.2,24.085714285714285,24.085714285714285,27.78369,Low Value Customers
18270.0,38,3,444.55,26.150000000000002,78.45,73.05153,Low Value Customers
18271.0,610,2,680.85,32.42142857142857,64.84285714285714,70.97908,Low Value Customers
18272.0,3,9,4385.9800000000005,19.40699115044248,174.66292035398232,183.06609,Low Value Customers
18273.0,2,4,357.0,89.25,357.0,318.36774,Low Value Customers
18274.0,30,1,175.92,15.992727272727272,15.992727272727272,18.952553,Low Value Customers
18275.0,578,2,741.85,39.044736842105266,78.08947368421053,80.25374,Low Value Customers
18276.0,44,6,1656.52,17.622553191489363,105.73531914893618,99.34096,Low Value Customers
18277.0,58,5,1180.05,18.43828125,92.19140625,84.8453,Low Value Customers
18278.0,74,2,414.20000000000005,17.258333333333336,34.51666666666667,32.518955,Low Value Customers
18279.0,519,1,231.33999999999997,17.795384615384613,17.795384615384613,20.357695,Low Value Customers
18280.0,278,2,488.15000000000003,16.27166666666667,32.54333333333334,30.254726,Low Value Customers
18281.0,181,2,201.14,11.831764705882351,23.663529411764703,23.481522,Low Value Customers
18282.0,8,2,178.05,14.8375,29.675,29.9905,Low Value Customers
18283.0,4,22,2736.65,2.775507099391481,61.06115618661258,109.37029,Low Value Customers
18284.0,432,1,461.68,16.48857142857143,16.48857142857143,16.736378,Low Value Customers
18285.0,661,1,427.0,35.583333333333336,35.583333333333336,42.081806,Low Value Customers
18286.0,477,2,1296.43,19.349701492537314,38.69940298507463,40.35513,Low Value Customers
18287.0,43,7,4182.99,26.987032258064513,188.9092258064516,188.85889,Low Value Customers
